timestamp,junction_id,queue_length,waiting_time,current_phase,phase_duration,vehicle_count
0.0,GS_cluster_10123822790_11303526453_11303526454_248766831_#2more,0,0.0,0,0.0,0
1.0,GS_cluster_10123822790_11303526453_11303526454_248766831_#2more,0,0.0,0,1.0,0
2.0,GS_cluster_10123822790_11303526453_11303526454_248766831_#2more,0,0.0,0,2.0,0
3.0,GS_cluster_10123822790_11303526453_11303526454_248766831_#2more,0,0.0,0,3.0,0
4.0,GS_cluster_10123822790_11303526453_11303526454_248766831_#2more,0,0.0,0,4.0,0
5.0,GS_cluster_10123822790_11303526453_11303526454_248766831_#2more,0,0.0,0,5.0,0
6.0,GS_cluster_10123822790_11303526453_11303526454_248766831_#2more,0,0.0,0,6.0,0
7.0,GS_cluster_10123822790_11303526453_11303526454_248766831_#2more,0,0.0,0,7.0,0
8.0,GS_cluster_10123822790_11303526453_11303526454_248766831_#2more,0,0.0,0,8.0,0
9.0,GS_cluster_10123822790_11303526453_11303526454_248766831_#2more,0,0.0,0,9.0,0
10.0,GS_cluster_10123822790_11303526453_11303526454_248766831_#2more,0,0.0,0,10.0,0
11.0,GS_cluster_10123822790_11303526453_11303526454_248766831_#2more,0,0.0,0,11.0,0
12.0,GS_cluster_10123822790_11303526453_11303526454_248766831_#2more,0,0.0,0,12.0,0
13.0,GS_cluster_10123822790_11303526453_11303526454_248766831_#2more,0,0.0,0,13.0,0
14.0,GS_cluster_10123822790_11303526453_11303526454_248766831_#2more,0,0.0,1,1.0,0
15.0,GS_cluster_10123822790_11303526453_11303526454_248766831_#2more,0,0.0,1,2.0,0
16.0,GS_cluster_10123822790_11303526453_11303526454_248766831_#2more,0,0.0,1,3.0,0
17.0,GS_cluster_10123822790_11303526453_11303526454_248766831_#2more,0,0.0,1,4.0,0
18.0,GS_cluster_10123822790_11303526453_11303526454_248766831_#2more,0,0.0,1,5.0,0
19.0,GS_cluster_10123822790_11303526453_11303526454_248766831_#2more,0,0.0,1,6.0,0
20.0,GS_cluster_10123822790_11303526453_11303526454_248766831_#2more,0,0.0,2,1.0,0
21.0,GS_cluster_10123822790_11303526453_11303526454_248766831_#2more,0,0.0,2,2.0,0
22.0,GS_cluster_10123822790_11303526453_11303526454_248766831_#2more,0,0.0,2,3.0,0
23.0,GS_cluster_10123822790_11303526453_11303526454_248766831_#2more,0,0.0,2,4.0,0
24.0,GS_cluster_10123822790_11303526453_11303526454_248766831_#2more,0,0.0,2,5.0,0
25.0,GS_cluster_10123822790_11303526453_11303526454_248766831_#2more,0,0.0,2,6.0,0
26.0,GS_cluster_10123822790_11303526453_11303526454_248766831_#2more,0,0.0,2,7.0,0
27.0,GS_cluster_10123822790_11303526453_11303526454_248766831_#2more,0,0.0,2,8.0,0
28.0,GS_cluster_10123822790_11303526453_11303526454_248766831_#2more,0,0.0,2,9.0,0
29.0,GS_cluster_10123822790_11303526453_11303526454_248766831_#2more,0,0.0,2,10.0,0
30.0,GS_cluster_10123822790_11303526453_11303526454_248766831_#2more,0,0.0,2,11.0,0
31.0,GS_cluster_10123822790_11303526453_11303526454_248766831_#2more,0,0.0,2,12.0,0
32.0,GS_cluster_10123822790_11303526453_11303526454_248766831_#2more,0,0.0,2,13.0,0
33.0,GS_cluster_10123822790_11303526453_11303526454_248766831_#2more,0,0.0,3,1.0,0
34.0,GS_cluster_10123822790_11303526453_11303526454_248766831_#2more,0,0.0,3,2.0,0
35.0,GS_cluster_10123822790_11303526453_11303526454_248766831_#2more,0,0.0,3,3.0,0
36.0,GS_cluster_10123822790_11303526453_11303526454_248766831_#2more,0,0.0,3,4.0,0
37.0,GS_cluster_10123822790_11303526453_11303526454_248766831_#2more,0,0.0,3,5.0,0
38.0,GS_cluster_10123822790_11303526453_11303526454_248766831_#2more,0,0.0,3,6.0,0
39.0,GS_cluster_10123822790_11303526453_11303526454_248766831_#2more,0,0.0,4,1.0,1
40.0,GS_cluster_10123822790_11303526453_11303526454_248766831_#2more,0,0.0,4,2.0,1
41.0,GS_cluster_10123822790_11303526453_11303526454_248766831_#2more,0,0.0,4,3.0,2
42.0,GS_cluster_10123822790_11303526453_11303526454_248766831_#2more,0,0.0,4,4.0,2
43.0,GS_cluster_10123822790_11303526453_11303526454_248766831_#2more,0,0.0,4,5.0,2
44.0,GS_cluster_10123822790_11303526453_11303526454_248766831_#2more,0,0.0,4,6.0,3
45.0,GS_cluster_10123822790_11303526453_11303526454_248766831_#2more,0,0.0,4,7.0,3
46.0,GS_cluster_10123822790_11303526453_11303526454_248766831_#2more,1,1.0,4,8.0,3
47.0,GS_cluster_10123822790_11303526453_11303526454_248766831_#2more,2,3.0,4,9.0,3
48.0,GS_cluster_10123822790_11303526453_11303526454_248766831_#2more,2,5.0,4,10.0,3
49.0,GS_cluster_10123822790_11303526453_11303526454_248766831_#2more,3,8.0,4,11.0,3
50.0,GS_cluster_10123822790_11303526453_11303526454_248766831_#2more,3,11.0,4,12.0,3
51.0,GS_cluster_10123822790_11303526453_11303526454_248766831_#2more,3,14.0,4,13.0,3
52.0,GS_cluster_10123822790_11303526453_11303526454_248766831_#2more,3,17.0,5,1.0,3
53.0,GS_cluster_10123822790_11303526453_11303526454_248766831_#2more,3,20.0,5,2.0,3
54.0,GS_cluster_10123822790_11303526453_11303526454_248766831_#2more,3,23.0,5,3.0,3
55.0,GS_cluster_10123822790_11303526453_11303526454_248766831_#2more,3,26.0,5,4.0,3
56.0,GS_cluster_10123822790_11303526453_11303526454_248766831_#2more,3,29.0,5,5.0,3
57.0,GS_cluster_10123822790_11303526453_11303526454_248766831_#2more,3,32.0,5,6.0,3
58.0,GS_cluster_10123822790_11303526453_11303526454_248766831_#2more,1,10.0,0,1.0,1
59.0,GS_cluster_10123822790_11303526453_11303526454_248766831_#2more,0,0.0,0,2.0,1
60.0,GS_cluster_10123822790_11303526453_11303526454_248766831_#2more,0,0.0,0,3.0,1
61.0,GS_cluster_10123822790_11303526453_11303526454_248766831_#2more,0,0.0,0,4.0,0
62.0,GS_cluster_10123822790_11303526453_11303526454_248766831_#2more,0,0.0,0,5.0,0
63.0,GS_cluster_10123822790_11303526453_11303526454_248766831_#2more,0,0.0,0,6.0,0
64.0,GS_cluster_10123822790_11303526453_11303526454_248766831_#2more,0,0.0,0,7.0,0
65.0,GS_cluster_10123822790_11303526453_11303526454_248766831_#2more,0,0.0,0,8.0,0
66.0,GS_cluster_10123822790_11303526453_11303526454_248766831_#2more,0,0.0,0,9.0,0
67.0,GS_cluster_10123822790_11303526453_11303526454_248766831_#2more,0,0.0,0,10.0,0
68.0,GS_cluster_10123822790_11303526453_11303526454_248766831_#2more,0,0.0,0,11.0,0
69.0,GS_cluster_10123822790_11303526453_11303526454_248766831_#2more,0,0.0,0,12.0,0
70.0,GS_cluster_10123822790_11303526453_11303526454_248766831_#2more,0,0.0,0,13.0,0
71.0,GS_cluster_10123822790_11303526453_11303526454_248766831_#2more,0,0.0,1,1.0,1
72.0,GS_cluster_10123822790_11303526453_11303526454_248766831_#2more,0,0.0,1,2.0,0
73.0,GS_cluster_10123822790_11303526453_11303526454_248766831_#2more,0,0.0,1,3.0,1
74.0,GS_cluster_10123822790_11303526453_11303526454_248766831_#2more,0,0.0,1,4.0,1
75.0,GS_cluster_10123822790_11303526453_11303526454_248766831_#2more,0,0.0,1,5.0,2
76.0,GS_cluster_10123822790_11303526453_11303526454_248766831_#2more,0,0.0,1,6.0,2
77.0,GS_cluster_10123822790_11303526453_11303526454_248766831_#2more,0,0.0,2,1.0,2
78.0,GS_cluster_10123822790_11303526453_11303526454_248766831_#2more,1,1.0,2,2.0,2
79.0,GS_cluster_10123822790_11303526453_11303526454_248766831_#2more,1,2.0,2,3.0,2
80.0,GS_cluster_10123822790_11303526453_11303526454_248766831_#2more,2,4.0,2,4.0,2
81.0,GS_cluster_10123822790_11303526453_11303526454_248766831_#2more,2,6.0,2,5.0,2
82.0,GS_cluster_10123822790_11303526453_11303526454_248766831_#2more,2,8.0,2,6.0,3
83.0,GS_cluster_10123822790_11303526453_11303526454_248766831_#2more,2,10.0,2,7.0,5
84.0,GS_cluster_10123822790_11303526453_11303526454_248766831_#2more,2,12.0,2,8.0,5
85.0,GS_cluster_10123822790_11303526453_11303526454_248766831_#2more,2,14.0,2,9.0,5
86.0,GS_cluster_10123822790_11303526453_11303526454_248766831_#2more,2,16.0,2,10.0,6
87.0,GS_cluster_10123822790_11303526453_11303526454_248766831_#2more,3,19.0,2,11.0,6
88.0,GS_cluster_10123822790_11303526453_11303526454_248766831_#2more,4,23.0,2,12.0,7
89.0,GS_cluster_10123822790_11303526453_11303526454_248766831_#2more,4,27.0,2,13.0,7
90.0,GS_cluster_10123822790_11303526453_11303526454_248766831_#2more,5,32.0,3,1.0,7
91.0,GS_cluster_10123822790_11303526453_11303526454_248766831_#2more,6,38.0,3,2.0,7
92.0,GS_cluster_10123822790_11303526453_11303526454_248766831_#2more,6,44.0,3,3.0,7
93.0,GS_cluster_10123822790_11303526453_11303526454_248766831_#2more,6,50.0,3,4.0,8
94.0,GS_cluster_10123822790_11303526453_11303526454_248766831_#2more,6,56.0,3,5.0,8
95.0,GS_cluster_10123822790_11303526453_11303526454_248766831_#2more,7,63.0,3,6.0,8
96.0,GS_cluster_10123822790_11303526453_11303526454_248766831_#2more,7,70.0,4,1.0,8
97.0,GS_cluster_10123822790_11303526453_11303526454_248766831_#2more,7,77.0,4,2.0,8
98.0,GS_cluster_10123822790_11303526453_11303526454_248766831_#2more,8,85.0,4,3.0,8
99.0,GS_cluster_10123822790_11303526453_11303526454_248766831_#2more,8,93.0,4,4.0,8
100.0,GS_cluster_10123822790_11303526453_11303526454_248766831_#2more,8,101.0,4,5.0,8
101.0,GS_cluster_10123822790_11303526453_11303526454_248766831_#2more,8,109.0,4,6.0,8
102.0,GS_cluster_10123822790_11303526453_11303526454_248766831_#2more,8,117.0,4,7.0,9
103.0,GS_cluster_10123822790_11303526453_11303526454_248766831_#2more,8,125.0,4,8.0,9
104.0,GS_cluster_10123822790_11303526453_11303526454_248766831_#2more,8,133.0,4,9.0,9
105.0,GS_cluster_10123822790_11303526453_11303526454_248766831_#2more,8,141.0,4,10.0,9
106.0,GS_cluster_10123822790_11303526453_11303526454_248766831_#2more,9,150.0,4,11.0,9
107.0,GS_cluster_10123822790_11303526453_11303526454_248766831_#2more,9,159.0,4,12.0,10
108.0,GS_cluster_10123822790_11303526453_11303526454_248766831_#2more,9,168.0,4,13.0,10
109.0,GS_cluster_10123822790_11303526453_11303526454_248766831_#2more,9,177.0,5,1.0,10
110.0,GS_cluster_10123822790_11303526453_11303526454_248766831_#2more,9,186.0,5,2.0,10
111.0,GS_cluster_10123822790_11303526453_11303526454_248766831_#2more,9,195.0,5,3.0,10
112.0,GS_cluster_10123822790_11303526453_11303526454_248766831_#2more,9,204.0,5,4.0,10
113.0,GS_cluster_10123822790_11303526453_11303526454_248766831_#2more,9,213.0,5,5.0,10
114.0,GS_cluster_10123822790_11303526453_11303526454_248766831_#2more,9,222.0,5,6.0,10
115.0,GS_cluster_10123822790_11303526453_11303526454_248766831_#2more,5,103.0,0,1.0,6
116.0,GS_cluster_10123822790_11303526453_11303526454_248766831_#2more,2,30.0,0,2.0,6
117.0,GS_cluster_10123822790_11303526453_11303526454_248766831_#2more,0,0.0,0,3.0,6
118.0,GS_cluster_10123822790_11303526453_11303526454_248766831_#2more,0,0.0,0,4.0,3
119.0,GS_cluster_10123822790_11303526453_11303526454_248766831_#2more,0,0.0,0,5.0,3
120.0,GS_cluster_10123822790_11303526453_11303526454_248766831_#2more,0,0.0,0,6.0,3
121.0,GS_cluster_10123822790_11303526453_11303526454_248766831_#2more,0,0.0,0,7.0,3
122.0,GS_cluster_10123822790_11303526453_11303526454_248766831_#2more,0,0.0,0,8.0,3
123.0,GS_cluster_10123822790_11303526453_11303526454_248766831_#2more,0,0.0,0,9.0,3
124.0,GS_cluster_10123822790_11303526453_11303526454_248766831_#2more,0,0.0,0,10.0,3
125.0,GS_cluster_10123822790_11303526453_11303526454_248766831_#2more,0,0.0,0,11.0,3
126.0,GS_cluster_10123822790_11303526453_11303526454_248766831_#2more,1,1.0,0,12.0,3
127.0,GS_cluster_10123822790_11303526453_11303526454_248766831_#2more,1,2.0,0,13.0,2
128.0,GS_cluster_10123822790_11303526453_11303526454_248766831_#2more,1,3.0,0,14.0,2
129.0,GS_cluster_10123822790_11303526453_11303526454_248766831_#2more,1,4.0,0,15.0,2
130.0,GS_cluster_10123822790_11303526453_11303526454_248766831_#2more,1,5.0,0,16.0,2
131.0,GS_cluster_10123822790_11303526453_11303526454_248766831_#2more,1,6.0,0,17.0,1
132.0,GS_cluster_10123822790_11303526453_11303526454_248766831_#2more,1,7.0,0,18.0,1
133.0,GS_cluster_10123822790_11303526453_11303526454_248766831_#2more,1,8.0,0,19.0,2
134.0,GS_cluster_10123822790_11303526453_11303526454_248766831_#2more,1,9.0,0,20.0,1
135.0,GS_cluster_10123822790_11303526453_11303526454_248766831_#2more,1,10.0,0,21.0,1
136.0,GS_cluster_10123822790_11303526453_11303526454_248766831_#2more,1,11.0,0,22.0,1
137.0,GS_cluster_10123822790_11303526453_11303526454_248766831_#2more,1,12.0,1,1.0,1
138.0,GS_cluster_10123822790_11303526453_11303526454_248766831_#2more,1,13.0,1,2.0,1
139.0,GS_cluster_10123822790_11303526453_11303526454_248766831_#2more,1,14.0,1,3.0,2
140.0,GS_cluster_10123822790_11303526453_11303526454_248766831_#2more,1,15.0,1,4.0,2
141.0,GS_cluster_10123822790_11303526453_11303526454_248766831_#2more,1,16.0,1,5.0,3
142.0,GS_cluster_10123822790_11303526453_11303526454_248766831_#2more,1,17.0,1,6.0,3
143.0,GS_cluster_10123822790_11303526453_11303526454_248766831_#2more,1,18.0,2,1.0,4
144.0,GS_cluster_10123822790_11303526453_11303526454_248766831_#2more,2,20.0,2,2.0,4
145.0,GS_cluster_10123822790_11303526453_11303526454_248766831_#2more,3,23.0,2,3.0,4
146.0,GS_cluster_10123822790_11303526453_11303526454_248766831_#2more,3,26.0,2,4.0,4
147.0,GS_cluster_10123822790_11303526453_11303526454_248766831_#2more,3,29.0,2,5.0,4
148.0,GS_cluster_10123822790_11303526453_11303526454_248766831_#2more,3,32.0,2,6.0,4
149.0,GS_cluster_10123822790_11303526453_11303526454_248766831_#2more,4,36.0,2,7.0,4
150.0,GS_cluster_10123822790_11303526453_11303526454_248766831_#2more,4,40.0,2,8.0,4
151.0,GS_cluster_10123822790_11303526453_11303526454_248766831_#2more,4,44.0,2,9.0,4
152.0,GS_cluster_10123822790_11303526453_11303526454_248766831_#2more,4,48.0,2,10.0,4
153.0,GS_cluster_10123822790_11303526453_11303526454_248766831_#2more,4,52.0,2,11.0,4
154.0,GS_cluster_10123822790_11303526453_11303526454_248766831_#2more,4,56.0,2,12.0,4
155.0,GS_cluster_10123822790_11303526453_11303526454_248766831_#2more,4,60.0,2,13.0,4
156.0,GS_cluster_10123822790_11303526453_11303526454_248766831_#2more,4,64.0,3,1.0,4
157.0,GS_cluster_10123822790_11303526453_11303526454_248766831_#2more,4,68.0,3,2.0,4
158.0,GS_cluster_10123822790_11303526453_11303526454_248766831_#2more,4,72.0,3,3.0,4
159.0,GS_cluster_10123822790_11303526453_11303526454_248766831_#2more,4,76.0,3,4.0,4
160.0,GS_cluster_10123822790_11303526453_11303526454_248766831_#2more,4,80.0,3,5.0,4
161.0,GS_cluster_10123822790_11303526453_11303526454_248766831_#2more,4,84.0,3,6.0,4
162.0,GS_cluster_10123822790_11303526453_11303526454_248766831_#2more,3,51.0,4,1.0,3
163.0,GS_cluster_10123822790_11303526453_11303526454_248766831_#2more,3,54.0,4,2.0,4
164.0,GS_cluster_10123822790_11303526453_11303526454_248766831_#2more,3,57.0,4,3.0,4
165.0,GS_cluster_10123822790_11303526453_11303526454_248766831_#2more,3,60.0,4,4.0,4
166.0,GS_cluster_10123822790_11303526453_11303526454_248766831_#2more,3,63.0,4,5.0,4
167.0,GS_cluster_10123822790_11303526453_11303526454_248766831_#2more,3,66.0,4,6.0,4
168.0,GS_cluster_10123822790_11303526453_11303526454_248766831_#2more,3,69.0,4,7.0,4
169.0,GS_cluster_10123822790_11303526453_11303526454_248766831_#2more,3,72.0,4,8.0,4
170.0,GS_cluster_10123822790_11303526453_11303526454_248766831_#2more,3,75.0,4,9.0,4
171.0,GS_cluster_10123822790_11303526453_11303526454_248766831_#2more,3,78.0,4,10.0,4
172.0,GS_cluster_10123822790_11303526453_11303526454_248766831_#2more,3,81.0,4,11.0,4
173.0,GS_cluster_10123822790_11303526453_11303526454_248766831_#2more,3,84.0,4,12.0,4
174.0,GS_cluster_10123822790_11303526453_11303526454_248766831_#2more,3,87.0,4,13.0,4
175.0,GS_cluster_10123822790_11303526453_11303526454_248766831_#2more,3,90.0,5,1.0,4
176.0,GS_cluster_10123822790_11303526453_11303526454_248766831_#2more,3,93.0,5,2.0,4
177.0,GS_cluster_10123822790_11303526453_11303526454_248766831_#2more,3,96.0,5,3.0,4
178.0,GS_cluster_10123822790_11303526453_11303526454_248766831_#2more,3,99.0,5,4.0,4
179.0,GS_cluster_10123822790_11303526453_11303526454_248766831_#2more,3,102.0,5,5.0,4
180.0,GS_cluster_10123822790_11303526453_11303526454_248766831_#2more,3,105.0,5,6.0,4
181.0,GS_cluster_10123822790_11303526453_11303526454_248766831_#2more,2,70.0,0,1.0,4
182.0,GS_cluster_10123822790_11303526453_11303526454_248766831_#2more,1,34.0,0,2.0,4
183.0,GS_cluster_10123822790_11303526453_11303526454_248766831_#2more,1,1.0,0,3.0,3
184.0,GS_cluster_10123822790_11303526453_11303526454_248766831_#2more,1,2.0,0,4.0,2
185.0,GS_cluster_10123822790_11303526453_11303526454_248766831_#2more,1,3.0,0,5.0,2
186.0,GS_cluster_10123822790_11303526453_11303526454_248766831_#2more,1,4.0,0,6.0,4
187.0,GS_cluster_10123822790_11303526453_11303526454_248766831_#2more,1,5.0,0,7.0,3
188.0,GS_cluster_10123822790_11303526453_11303526454_248766831_#2more,1,6.0,0,8.0,3
189.0,GS_cluster_10123822790_11303526453_11303526454_248766831_#2more,1,7.0,0,9.0,2
190.0,GS_cluster_10123822790_11303526453_11303526454_248766831_#2more,1,8.0,0,10.0,2
191.0,GS_cluster_10123822790_11303526453_11303526454_248766831_#2more,1,9.0,0,11.0,1
192.0,GS_cluster_10123822790_11303526453_11303526454_248766831_#2more,1,10.0,0,12.0,2
193.0,GS_cluster_10123822790_11303526453_11303526454_248766831_#2more,1,11.0,0,13.0,2
194.0,GS_cluster_10123822790_11303526453_11303526454_248766831_#2more,1,12.0,0,14.0,1
195.0,GS_cluster_10123822790_11303526453_11303526454_248766831_#2more,1,13.0,0,15.0,1
196.0,GS_cluster_10123822790_11303526453_11303526454_248766831_#2more,1,14.0,1,1.0,1
197.0,GS_cluster_10123822790_11303526453_11303526454_248766831_#2more,1,15.0,1,2.0,1
198.0,GS_cluster_10123822790_11303526453_11303526454_248766831_#2more,1,16.0,1,3.0,2
199.0,GS_cluster_10123822790_11303526453_11303526454_248766831_#2more,1,17.0,1,4.0,2
200.0,GS_cluster_10123822790_11303526453_11303526454_248766831_#2more,1,18.0,1,5.0,2
201.0,GS_cluster_10123822790_11303526453_11303526454_248766831_#2more,1,19.0,1,6.0,2
202.0,GS_cluster_10123822790_11303526453_11303526454_248766831_#2more,1,20.0,2,1.0,2
203.0,GS_cluster_10123822790_11303526453_11303526454_248766831_#2more,1,21.0,2,2.0,3
204.0,GS_cluster_10123822790_11303526453_11303526454_248766831_#2more,2,23.0,2,3.0,4
205.0,GS_cluster_10123822790_11303526453_11303526454_248766831_#2more,2,25.0,2,4.0,4
206.0,GS_cluster_10123822790_11303526453_11303526454_248766831_#2more,2,27.0,2,5.0,4
207.0,GS_cluster_10123822790_11303526453_11303526454_248766831_#2more,2,29.0,2,6.0,4
208.0,GS_cluster_10123822790_11303526453_11303526454_248766831_#2more,2,31.0,2,7.0,4
209.0,GS_cluster_10123822790_11303526453_11303526454_248766831_#2more,2,33.0,2,8.0,4
210.0,GS_cluster_10123822790_11303526453_11303526454_248766831_#2more,3,36.0,2,9.0,4
211.0,GS_cluster_10123822790_11303526453_11303526454_248766831_#2more,4,40.0,2,10.0,4
212.0,GS_cluster_10123822790_11303526453_11303526454_248766831_#2more,4,44.0,2,11.0,4
213.0,GS_cluster_10123822790_11303526453_11303526454_248766831_#2more,4,48.0,2,12.0,4
214.0,GS_cluster_10123822790_11303526453_11303526454_248766831_#2more,4,52.0,2,13.0,4
215.0,GS_cluster_10123822790_11303526453_11303526454_248766831_#2more,4,56.0,3,1.0,4
216.0,GS_cluster_10123822790_11303526453_11303526454_248766831_#2more,4,60.0,3,2.0,4
217.0,GS_cluster_10123822790_11303526453_11303526454_248766831_#2more,4,64.0,3,3.0,4
218.0,GS_cluster_10123822790_11303526453_11303526454_248766831_#2more,4,68.0,3,4.0,4
219.0,GS_cluster_10123822790_11303526453_11303526454_248766831_#2more,4,72.0,3,5.0,4
220.0,GS_cluster_10123822790_11303526453_11303526454_248766831_#2more,4,76.0,3,6.0,4
221.0,GS_cluster_10123822790_11303526453_11303526454_248766831_#2more,3,41.0,4,1.0,3
222.0,GS_cluster_10123822790_11303526453_11303526454_248766831_#2more,3,44.0,4,2.0,3
223.0,GS_cluster_10123822790_11303526453_11303526454_248766831_#2more,3,47.0,4,3.0,3
224.0,GS_cluster_10123822790_11303526453_11303526454_248766831_#2more,3,50.0,4,4.0,4
225.0,GS_cluster_10123822790_11303526453_11303526454_248766831_#2more,3,53.0,4,5.0,4
226.0,GS_cluster_10123822790_11303526453_11303526454_248766831_#2more,3,56.0,4,6.0,5
227.0,GS_cluster_10123822790_11303526453_11303526454_248766831_#2more,3,59.0,4,7.0,5
228.0,GS_cluster_10123822790_11303526453_11303526454_248766831_#2more,3,62.0,4,8.0,5
229.0,GS_cluster_10123822790_11303526453_11303526454_248766831_#2more,3,65.0,4,9.0,5
230.0,GS_cluster_10123822790_11303526453_11303526454_248766831_#2more,3,68.0,4,10.0,5
231.0,GS_cluster_10123822790_11303526453_11303526454_248766831_#2more,3,71.0,4,11.0,5
232.0,GS_cluster_10123822790_11303526453_11303526454_248766831_#2more,3,74.0,4,12.0,5
233.0,GS_cluster_10123822790_11303526453_11303526454_248766831_#2more,3,77.0,4,13.0,5
234.0,GS_cluster_10123822790_11303526453_11303526454_248766831_#2more,3,80.0,5,1.0,5
235.0,GS_cluster_10123822790_11303526453_11303526454_248766831_#2more,3,83.0,5,2.0,5
236.0,GS_cluster_10123822790_11303526453_11303526454_248766831_#2more,3,86.0,5,3.0,5
237.0,GS_cluster_10123822790_11303526453_11303526454_248766831_#2more,3,89.0,5,4.0,5
238.0,GS_cluster_10123822790_11303526453_11303526454_248766831_#2more,3,92.0,5,5.0,5
239.0,GS_cluster_10123822790_11303526453_11303526454_248766831_#2more,3,95.0,5,6.0,5
240.0,GS_cluster_10123822790_11303526453_11303526454_248766831_#2more,1,30.0,0,1.0,3
241.0,GS_cluster_10123822790_11303526453_11303526454_248766831_#2more,0,0.0,0,2.0,3
242.0,GS_cluster_10123822790_11303526453_11303526454_248766831_#2more,0,0.0,0,3.0,3
243.0,GS_cluster_10123822790_11303526453_11303526454_248766831_#2more,0,0.0,0,4.0,2
244.0,GS_cluster_10123822790_11303526453_11303526454_248766831_#2more,1,1.0,0,5.0,4
245.0,GS_cluster_10123822790_11303526453_11303526454_248766831_#2more,2,3.0,0,6.0,4
246.0,GS_cluster_10123822790_11303526453_11303526454_248766831_#2more,2,5.0,0,7.0,4
247.0,GS_cluster_10123822790_11303526453_11303526454_248766831_#2more,2,7.0,0,8.0,2
248.0,GS_cluster_10123822790_11303526453_11303526454_248766831_#2more,2,9.0,0,9.0,3
249.0,GS_cluster_10123822790_11303526453_11303526454_248766831_#2more,2,11.0,0,10.0,3
250.0,GS_cluster_10123822790_11303526453_11303526454_248766831_#2more,2,13.0,0,11.0,3
251.0,GS_cluster_10123822790_11303526453_11303526454_248766831_#2more,2,15.0,0,12.0,3
252.0,GS_cluster_10123822790_11303526453_11303526454_248766831_#2more,2,17.0,0,13.0,2
253.0,GS_cluster_10123822790_11303526453_11303526454_248766831_#2more,2,19.0,0,14.0,2
254.0,GS_cluster_10123822790_11303526453_11303526454_248766831_#2more,2,21.0,1,1.0,2
255.0,GS_cluster_10123822790_11303526453_11303526454_248766831_#2more,2,23.0,1,2.0,2
256.0,GS_cluster_10123822790_11303526453_11303526454_248766831_#2more,2,25.0,1,3.0,2
257.0,GS_cluster_10123822790_11303526453_11303526454_248766831_#2more,2,27.0,1,4.0,3
258.0,GS_cluster_10123822790_11303526453_11303526454_248766831_#2more,2,29.0,1,5.0,3
259.0,GS_cluster_10123822790_11303526453_11303526454_248766831_#2more,2,31.0,1,6.0,4
260.0,GS_cluster_10123822790_11303526453_11303526454_248766831_#2more,2,33.0,2,1.0,4
261.0,GS_cluster_10123822790_11303526453_11303526454_248766831_#2more,2,35.0,2,2.0,4
262.0,GS_cluster_10123822790_11303526453_11303526454_248766831_#2more,2,37.0,2,3.0,4
263.0,GS_cluster_10123822790_11303526453_11303526454_248766831_#2more,2,39.0,2,4.0,4
264.0,GS_cluster_10123822790_11303526453_11303526454_248766831_#2more,3,42.0,2,5.0,4
265.0,GS_cluster_10123822790_11303526453_11303526454_248766831_#2more,3,45.0,2,6.0,4
266.0,GS_cluster_10123822790_11303526453_11303526454_248766831_#2more,4,49.0,2,7.0,4
267.0,GS_cluster_10123822790_11303526453_11303526454_248766831_#2more,4,53.0,2,8.0,4
268.0,GS_cluster_10123822790_11303526453_11303526454_248766831_#2more,4,57.0,2,9.0,4
269.0,GS_cluster_10123822790_11303526453_11303526454_248766831_#2more,4,61.0,2,10.0,4
270.0,GS_cluster_10123822790_11303526453_11303526454_248766831_#2more,4,65.0,2,11.0,5
271.0,GS_cluster_10123822790_11303526453_11303526454_248766831_#2more,4,69.0,2,12.0,5
272.0,GS_cluster_10123822790_11303526453_11303526454_248766831_#2more,4,73.0,2,13.0,6
273.0,GS_cluster_10123822790_11303526453_11303526454_248766831_#2more,4,77.0,3,1.0,6
274.0,GS_cluster_10123822790_11303526453_11303526454_248766831_#2more,4,81.0,3,2.0,6
275.0,GS_cluster_10123822790_11303526453_11303526454_248766831_#2more,4,85.0,3,3.0,6
276.0,GS_cluster_10123822790_11303526453_11303526454_248766831_#2more,4,89.0,3,4.0,6
277.0,GS_cluster_10123822790_11303526453_11303526454_248766831_#2more,4,93.0,3,5.0,6
278.0,GS_cluster_10123822790_11303526453_11303526454_248766831_#2more,4,97.0,3,6.0,6
279.0,GS_cluster_10123822790_11303526453_11303526454_248766831_#2more,3,65.0,4,1.0,5
280.0,GS_cluster_10123822790_11303526453_11303526454_248766831_#2more,2,32.0,4,2.0,5
281.0,GS_cluster_10123822790_11303526453_11303526454_248766831_#2more,2,34.0,4,3.0,6
282.0,GS_cluster_10123822790_11303526453_11303526454_248766831_#2more,2,36.0,4,4.0,7
283.0,GS_cluster_10123822790_11303526453_11303526454_248766831_#2more,2,38.0,4,5.0,6
284.0,GS_cluster_10123822790_11303526453_11303526454_248766831_#2more,2,40.0,4,6.0,6
285.0,GS_cluster_10123822790_11303526453_11303526454_248766831_#2more,2,42.0,4,7.0,7
286.0,GS_cluster_10123822790_11303526453_11303526454_248766831_#2more,2,44.0,4,8.0,6
287.0,GS_cluster_10123822790_11303526453_11303526454_248766831_#2more,2,46.0,4,9.0,5
288.0,GS_cluster_10123822790_11303526453_11303526454_248766831_#2more,2,48.0,4,10.0,4
289.0,GS_cluster_10123822790_11303526453_11303526454_248766831_#2more,2,50.0,4,11.0,4
290.0,GS_cluster_10123822790_11303526453_11303526454_248766831_#2more,2,52.0,4,12.0,5
291.0,GS_cluster_10123822790_11303526453_11303526454_248766831_#2more,2,54.0,4,13.0,6
292.0,GS_cluster_10123822790_11303526453_11303526454_248766831_#2more,2,56.0,4,14.0,5
293.0,GS_cluster_10123822790_11303526453_11303526454_248766831_#2more,2,58.0,4,15.0,5
294.0,GS_cluster_10123822790_11303526453_11303526454_248766831_#2more,2,60.0,4,16.0,5
295.0,GS_cluster_10123822790_11303526453_11303526454_248766831_#2more,2,62.0,4,17.0,5
296.0,GS_cluster_10123822790_11303526453_11303526454_248766831_#2more,2,64.0,4,18.0,5
297.0,GS_cluster_10123822790_11303526453_11303526454_248766831_#2more,2,66.0,4,19.0,4
298.0,GS_cluster_10123822790_11303526453_11303526454_248766831_#2more,3,69.0,4,20.0,4
299.0,GS_cluster_10123822790_11303526453_11303526454_248766831_#2more,3,72.0,4,21.0,4
300.0,GS_cluster_10123822790_11303526453_11303526454_248766831_#2more,3,75.0,4,22.0,5
301.0,GS_cluster_10123822790_11303526453_11303526454_248766831_#2more,4,79.0,4,23.0,5
302.0,GS_cluster_10123822790_11303526453_11303526454_248766831_#2more,4,83.0,4,24.0,5
303.0,GS_cluster_10123822790_11303526453_11303526454_248766831_#2more,4,87.0,4,25.0,5
304.0,GS_cluster_10123822790_11303526453_11303526454_248766831_#2more,5,92.0,4,26.0,5
305.0,GS_cluster_10123822790_11303526453_11303526454_248766831_#2more,5,97.0,5,1.0,5
306.0,GS_cluster_10123822790_11303526453_11303526454_248766831_#2more,5,102.0,5,2.0,5
307.0,GS_cluster_10123822790_11303526453_11303526454_248766831_#2more,5,107.0,5,3.0,5
308.0,GS_cluster_10123822790_11303526453_11303526454_248766831_#2more,5,112.0,5,4.0,5
309.0,GS_cluster_10123822790_11303526453_11303526454_248766831_#2more,5,117.0,5,5.0,5
310.0,GS_cluster_10123822790_11303526453_11303526454_248766831_#2more,5,122.0,5,6.0,5
311.0,GS_cluster_10123822790_11303526453_11303526454_248766831_#2more,2,19.0,0,1.0,2
312.0,GS_cluster_10123822790_11303526453_11303526454_248766831_#2more,1,9.0,0,2.0,2
313.0,GS_cluster_10123822790_11303526453_11303526454_248766831_#2more,0,0.0,0,3.0,2
314.0,GS_cluster_10123822790_11303526453_11303526454_248766831_#2more,0,0.0,0,4.0,1
315.0,GS_cluster_10123822790_11303526453_11303526454_248766831_#2more,0,0.0,0,5.0,1
316.0,GS_cluster_10123822790_11303526453_11303526454_248766831_#2more,0,0.0,0,6.0,1
317.0,GS_cluster_10123822790_11303526453_11303526454_248766831_#2more,0,0.0,0,7.0,1
318.0,GS_cluster_10123822790_11303526453_11303526454_248766831_#2more,0,0.0,0,8.0,2
319.0,GS_cluster_10123822790_11303526453_11303526454_248766831_#2more,0,0.0,0,9.0,3
320.0,GS_cluster_10123822790_11303526453_11303526454_248766831_#2more,0,0.0,0,10.0,2
321.0,GS_cluster_10123822790_11303526453_11303526454_248766831_#2more,0,0.0,0,11.0,1
322.0,GS_cluster_10123822790_11303526453_11303526454_248766831_#2more,0,0.0,0,12.0,1
323.0,GS_cluster_10123822790_11303526453_11303526454_248766831_#2more,0,0.0,0,13.0,0
324.0,GS_cluster_10123822790_11303526453_11303526454_248766831_#2more,0,0.0,0,14.0,0
325.0,GS_cluster_10123822790_11303526453_11303526454_248766831_#2more,0,0.0,1,1.0,0
326.0,GS_cluster_10123822790_11303526453_11303526454_248766831_#2more,0,0.0,1,2.0,0
327.0,GS_cluster_10123822790_11303526453_11303526454_248766831_#2more,0,0.0,1,3.0,1
328.0,GS_cluster_10123822790_11303526453_11303526454_248766831_#2more,0,0.0,1,4.0,1
329.0,GS_cluster_10123822790_11303526453_11303526454_248766831_#2more,0,0.0,1,5.0,2
330.0,GS_cluster_10123822790_11303526453_11303526454_248766831_#2more,0,0.0,1,6.0,3
331.0,GS_cluster_10123822790_11303526453_11303526454_248766831_#2more,0,0.0,2,1.0,3
332.0,GS_cluster_10123822790_11303526453_11303526454_248766831_#2more,0,0.0,2,2.0,3
333.0,GS_cluster_10123822790_11303526453_11303526454_248766831_#2more,1,1.0,2,3.0,4
334.0,GS_cluster_10123822790_11303526453_11303526454_248766831_#2more,2,3.0,2,4.0,6
335.0,GS_cluster_10123822790_11303526453_11303526454_248766831_#2more,2,5.0,2,5.0,8
336.0,GS_cluster_10123822790_11303526453_11303526454_248766831_#2more,2,7.0,2,6.0,9
337.0,GS_cluster_10123822790_11303526453_11303526454_248766831_#2more,2,9.0,2,7.0,9
338.0,GS_cluster_10123822790_11303526453_11303526454_248766831_#2more,2,11.0,2,8.0,12
339.0,GS_cluster_10123822790_11303526453_11303526454_248766831_#2more,2,13.0,2,9.0,13
340.0,GS_cluster_10123822790_11303526453_11303526454_248766831_#2more,3,16.0,2,10.0,14
341.0,GS_cluster_10123822790_11303526453_11303526454_248766831_#2more,4,20.0,2,11.0,14
342.0,GS_cluster_10123822790_11303526453_11303526454_248766831_#2more,5,25.0,2,12.0,16
343.0,GS_cluster_10123822790_11303526453_11303526454_248766831_#2more,8,33.0,2,13.0,17
344.0,GS_cluster_10123822790_11303526453_11303526454_248766831_#2more,9,42.0,2,14.0,17
345.0,GS_cluster_10123822790_11303526453_11303526454_248766831_#2more,9,51.0,2,15.0,18
346.0,GS_cluster_10123822790_11303526453_11303526454_248766831_#2more,10,61.0,2,16.0,18
347.0,GS_cluster_10123822790_11303526453_11303526454_248766831_#2more,11,72.0,2,17.0,18
348.0,GS_cluster_10123822790_11303526453_11303526454_248766831_#2more,12,84.0,2,18.0,19
349.0,GS_cluster_10123822790_11303526453_11303526454_248766831_#2more,13,97.0,2,19.0,19
350.0,GS_cluster_10123822790_11303526453_11303526454_248766831_#2more,14,111.0,3,1.0,19
351.0,GS_cluster_10123822790_11303526453_11303526454_248766831_#2more,14,125.0,3,2.0,21
352.0,GS_cluster_10123822790_11303526453_11303526454_248766831_#2more,14,139.0,3,3.0,21
353.0,GS_cluster_10123822790_11303526453_11303526454_248766831_#2more,16,155.0,3,4.0,21
354.0,GS_cluster_10123822790_11303526453_11303526454_248766831_#2more,16,171.0,3,5.0,22
355.0,GS_cluster_10123822790_11303526453_11303526454_248766831_#2more,17,188.0,3,6.0,22
356.0,GS_cluster_10123822790_11303526453_11303526454_248766831_#2more,16,198.0,4,1.0,22
357.0,GS_cluster_10123822790_11303526453_11303526454_248766831_#2more,15,209.0,4,2.0,22
358.0,GS_cluster_10123822790_11303526453_11303526454_248766831_#2more,15,221.0,4,3.0,22
359.0,GS_cluster_10123822790_11303526453_11303526454_248766831_#2more,15,235.0,4,4.0,22
360.0,GS_cluster_10123822790_11303526453_11303526454_248766831_#2more,16,251.0,4,5.0,21
361.0,GS_cluster_10123822790_11303526453_11303526454_248766831_#2more,16,267.0,4,6.0,21
362.0,GS_cluster_10123822790_11303526453_11303526454_248766831_#2more,16,283.0,4,7.0,20
363.0,GS_cluster_10123822790_11303526453_11303526454_248766831_#2more,16,299.0,4,8.0,20
364.0,GS_cluster_10123822790_11303526453_11303526454_248766831_#2more,16,315.0,4,9.0,19
365.0,GS_cluster_10123822790_11303526453_11303526454_248766831_#2more,16,331.0,4,10.0,19
366.0,GS_cluster_10123822790_11303526453_11303526454_248766831_#2more,16,347.0,4,11.0,18
367.0,GS_cluster_10123822790_11303526453_11303526454_248766831_#2more,16,363.0,4,12.0,18
368.0,GS_cluster_10123822790_11303526453_11303526454_248766831_#2more,16,379.0,4,13.0,18
369.0,GS_cluster_10123822790_11303526453_11303526454_248766831_#2more,16,395.0,4,14.0,18
370.0,GS_cluster_10123822790_11303526453_11303526454_248766831_#2more,16,411.0,4,15.0,17
371.0,GS_cluster_10123822790_11303526453_11303526454_248766831_#2more,16,427.0,4,16.0,17
372.0,GS_cluster_10123822790_11303526453_11303526454_248766831_#2more,16,443.0,5,1.0,16
373.0,GS_cluster_10123822790_11303526453_11303526454_248766831_#2more,16,459.0,5,2.0,17
374.0,GS_cluster_10123822790_11303526453_11303526454_248766831_#2more,16,475.0,5,3.0,17
375.0,GS_cluster_10123822790_11303526453_11303526454_248766831_#2more,16,491.0,5,4.0,17
376.0,GS_cluster_10123822790_11303526453_11303526454_248766831_#2more,17,508.0,5,5.0,17
377.0,GS_cluster_10123822790_11303526453_11303526454_248766831_#2more,17,525.0,5,6.0,17
378.0,GS_cluster_10123822790_11303526453_11303526454_248766831_#2more,13,377.0,0,1.0,13
379.0,GS_cluster_10123822790_11303526453_11303526454_248766831_#2more,9,242.0,0,2.0,13
380.0,GS_cluster_10123822790_11303526453_11303526454_248766831_#2more,6,146.0,0,3.0,13
381.0,GS_cluster_10123822790_11303526453_11303526454_248766831_#2more,4,80.0,0,4.0,10
382.0,GS_cluster_10123822790_11303526453_11303526454_248766831_#2more,2,30.0,0,5.0,9
383.0,GS_cluster_10123822790_11303526453_11303526454_248766831_#2more,0,0.0,0,6.0,7
384.0,GS_cluster_10123822790_11303526453_11303526454_248766831_#2more,0,0.0,0,7.0,7
385.0,GS_cluster_10123822790_11303526453_11303526454_248766831_#2more,0,0.0,0,8.0,6
386.0,GS_cluster_10123822790_11303526453_11303526454_248766831_#2more,0,0.0,0,9.0,8
387.0,GS_cluster_10123822790_11303526453_11303526454_248766831_#2more,0,0.0,0,10.0,7
388.0,GS_cluster_10123822790_11303526453_11303526454_248766831_#2more,1,1.0,0,11.0,7
389.0,GS_cluster_10123822790_11303526453_11303526454_248766831_#2more,1,2.0,0,12.0,7
390.0,GS_cluster_10123822790_11303526453_11303526454_248766831_#2more,1,3.0,0,13.0,6
391.0,GS_cluster_10123822790_11303526453_11303526454_248766831_#2more,2,5.0,0,14.0,5
392.0,GS_cluster_10123822790_11303526453_11303526454_248766831_#2more,2,7.0,0,15.0,5
393.0,GS_cluster_10123822790_11303526453_11303526454_248766831_#2more,3,10.0,1,1.0,6
394.0,GS_cluster_10123822790_11303526453_11303526454_248766831_#2more,3,13.0,1,2.0,6
395.0,GS_cluster_10123822790_11303526453_11303526454_248766831_#2more,3,16.0,1,3.0,6
396.0,GS_cluster_10123822790_11303526453_11303526454_248766831_#2more,3,19.0,1,4.0,6
397.0,GS_cluster_10123822790_11303526453_11303526454_248766831_#2more,4,23.0,1,5.0,6
398.0,GS_cluster_10123822790_11303526453_11303526454_248766831_#2more,4,27.0,1,6.0,6
399.0,GS_cluster_10123822790_11303526453_11303526454_248766831_#2more,3,17.0,2,1.0,4
400.0,GS_cluster_10123822790_11303526453_11303526454_248766831_#2more,1,8.0,2,2.0,4
401.0,GS_cluster_10123822790_11303526453_11303526454_248766831_#2more,0,0.0,2,3.0,4
402.0,GS_cluster_10123822790_11303526453_11303526454_248766831_#2more,0,0.0,2,4.0,2
403.0,GS_cluster_10123822790_11303526453_11303526454_248766831_#2more,0,0.0,2,5.0,2
404.0,GS_cluster_10123822790_11303526453_11303526454_248766831_#2more,0,0.0,2,6.0,1
405.0,GS_cluster_10123822790_11303526453_11303526454_248766831_#2more,0,0.0,2,7.0,2
406.0,GS_cluster_10123822790_11303526453_11303526454_248766831_#2more,0,0.0,2,8.0,2
407.0,GS_cluster_10123822790_11303526453_11303526454_248766831_#2more,0,0.0,2,9.0,4
408.0,GS_cluster_10123822790_11303526453_11303526454_248766831_#2more,0,0.0,2,10.0,4
409.0,GS_cluster_10123822790_11303526453_11303526454_248766831_#2more,0,0.0,2,11.0,5
410.0,GS_cluster_10123822790_11303526453_11303526454_248766831_#2more,1,1.0,2,12.0,5
411.0,GS_cluster_10123822790_11303526453_11303526454_248766831_#2more,3,4.0,2,13.0,6
412.0,GS_cluster_10123822790_11303526453_11303526454_248766831_#2more,3,7.0,2,14.0,6
413.0,GS_cluster_10123822790_11303526453_11303526454_248766831_#2more,3,10.0,2,15.0,8
414.0,GS_cluster_10123822790_11303526453_11303526454_248766831_#2more,4,14.0,2,16.0,8
415.0,GS_cluster_10123822790_11303526453_11303526454_248766831_#2more,4,18.0,2,17.0,9
416.0,GS_cluster_10123822790_11303526453_11303526454_248766831_#2more,4,22.0,2,18.0,9
417.0,GS_cluster_10123822790_11303526453_11303526454_248766831_#2more,5,27.0,2,19.0,9
418.0,GS_cluster_10123822790_11303526453_11303526454_248766831_#2more,5,32.0,3,1.0,10
419.0,GS_cluster_10123822790_11303526453_11303526454_248766831_#2more,7,39.0,3,2.0,10
420.0,GS_cluster_10123822790_11303526453_11303526454_248766831_#2more,7,46.0,3,3.0,11
421.0,GS_cluster_10123822790_11303526453_11303526454_248766831_#2more,8,54.0,3,4.0,11
422.0,GS_cluster_10123822790_11303526453_11303526454_248766831_#2more,8,62.0,3,5.0,11
423.0,GS_cluster_10123822790_11303526453_11303526454_248766831_#2more,9,71.0,3,6.0,11
424.0,GS_cluster_10123822790_11303526453_11303526454_248766831_#2more,9,80.0,4,1.0,11
425.0,GS_cluster_10123822790_11303526453_11303526454_248766831_#2more,9,89.0,4,2.0,11
426.0,GS_cluster_10123822790_11303526453_11303526454_248766831_#2more,9,98.0,4,3.0,11
427.0,GS_cluster_10123822790_11303526453_11303526454_248766831_#2more,10,108.0,4,4.0,11
428.0,GS_cluster_10123822790_11303526453_11303526454_248766831_#2more,10,118.0,4,5.0,11
429.0,GS_cluster_10123822790_11303526453_11303526454_248766831_#2more,10,128.0,4,6.0,11
430.0,GS_cluster_10123822790_11303526453_11303526454_248766831_#2more,10,138.0,4,7.0,11
431.0,GS_cluster_10123822790_11303526453_11303526454_248766831_#2more,11,149.0,4,8.0,12
432.0,GS_cluster_10123822790_11303526453_11303526454_248766831_#2more,11,160.0,4,9.0,12
433.0,GS_cluster_10123822790_11303526453_11303526454_248766831_#2more,11,171.0,4,10.0,12
434.0,GS_cluster_10123822790_11303526453_11303526454_248766831_#2more,11,182.0,4,11.0,12
435.0,GS_cluster_10123822790_11303526453_11303526454_248766831_#2more,11,193.0,4,12.0,12
436.0,GS_cluster_10123822790_11303526453_11303526454_248766831_#2more,11,204.0,4,13.0,12
437.0,GS_cluster_10123822790_11303526453_11303526454_248766831_#2more,11,215.0,5,1.0,12
438.0,GS_cluster_10123822790_11303526453_11303526454_248766831_#2more,12,227.0,5,2.0,12
439.0,GS_cluster_10123822790_11303526453_11303526454_248766831_#2more,12,239.0,5,3.0,13
440.0,GS_cluster_10123822790_11303526453_11303526454_248766831_#2more,12,251.0,5,4.0,13
441.0,GS_cluster_10123822790_11303526453_11303526454_248766831_#2more,12,263.0,5,5.0,13
442.0,GS_cluster_10123822790_11303526453_11303526454_248766831_#2more,12,275.0,5,6.0,14
443.0,GS_cluster_10123822790_11303526453_11303526454_248766831_#2more,8,184.0,0,1.0,10
444.0,GS_cluster_10123822790_11303526453_11303526454_248766831_#2more,5,104.0,0,2.0,10
445.0,GS_cluster_10123822790_11303526453_11303526454_248766831_#2more,3,57.0,0,3.0,11
446.0,GS_cluster_10123822790_11303526453_11303526454_248766831_#2more,2,36.0,0,4.0,7
447.0,GS_cluster_10123822790_11303526453_11303526454_248766831_#2more,1,17.0,0,5.0,8
448.0,GS_cluster_10123822790_11303526453_11303526454_248766831_#2more,0,0.0,0,6.0,9
449.0,GS_cluster_10123822790_11303526453_11303526454_248766831_#2more,0,0.0,0,7.0,7
450.0,GS_cluster_10123822790_11303526453_11303526454_248766831_#2more,0,0.0,0,8.0,8
451.0,GS_cluster_10123822790_11303526453_11303526454_248766831_#2more,0,0.0,0,9.0,8
452.0,GS_cluster_10123822790_11303526453_11303526454_248766831_#2more,1,1.0,0,10.0,8
453.0,GS_cluster_10123822790_11303526453_11303526454_248766831_#2more,1,2.0,0,11.0,6
454.0,GS_cluster_10123822790_11303526453_11303526454_248766831_#2more,1,3.0,0,12.0,7
455.0,GS_cluster_10123822790_11303526453_11303526454_248766831_#2more,2,5.0,0,13.0,5
456.0,GS_cluster_10123822790_11303526453_11303526454_248766831_#2more,3,8.0,0,14.0,5
457.0,GS_cluster_10123822790_11303526453_11303526454_248766831_#2more,3,11.0,0,15.0,5
458.0,GS_cluster_10123822790_11303526453_11303526454_248766831_#2more,4,15.0,0,16.0,4
459.0,GS_cluster_10123822790_11303526453_11303526454_248766831_#2more,4,19.0,0,17.0,4
460.0,GS_cluster_10123822790_11303526453_11303526454_248766831_#2more,4,23.0,0,18.0,4
461.0,GS_cluster_10123822790_11303526453_11303526454_248766831_#2more,4,27.0,0,19.0,4
462.0,GS_cluster_10123822790_11303526453_11303526454_248766831_#2more,4,31.0,0,20.0,4
463.0,GS_cluster_10123822790_11303526453_11303526454_248766831_#2more,4,35.0,0,21.0,4
464.0,GS_cluster_10123822790_11303526453_11303526454_248766831_#2more,4,39.0,0,22.0,4
465.0,GS_cluster_10123822790_11303526453_11303526454_248766831_#2more,4,43.0,0,23.0,4
466.0,GS_cluster_10123822790_11303526453_11303526454_248766831_#2more,4,47.0,0,24.0,4
467.0,GS_cluster_10123822790_11303526453_11303526454_248766831_#2more,4,51.0,0,25.0,4
468.0,GS_cluster_10123822790_11303526453_11303526454_248766831_#2more,4,55.0,0,26.0,4
469.0,GS_cluster_10123822790_11303526453_11303526454_248766831_#2more,4,59.0,0,27.0,5
470.0,GS_cluster_10123822790_11303526453_11303526454_248766831_#2more,4,63.0,0,28.0,4
471.0,GS_cluster_10123822790_11303526453_11303526454_248766831_#2more,4,67.0,0,29.0,4
472.0,GS_cluster_10123822790_11303526453_11303526454_248766831_#2more,4,71.0,0,30.0,4
473.0,GS_cluster_10123822790_11303526453_11303526454_248766831_#2more,4,75.0,0,31.0,5
474.0,GS_cluster_10123822790_11303526453_11303526454_248766831_#2more,4,79.0,0,32.0,4
475.0,GS_cluster_10123822790_11303526453_11303526454_248766831_#2more,4,83.0,0,33.0,5
476.0,GS_cluster_10123822790_11303526453_11303526454_248766831_#2more,4,87.0,0,34.0,5
477.0,GS_cluster_10123822790_11303526453_11303526454_248766831_#2more,4,91.0,0,35.0,6
478.0,GS_cluster_10123822790_11303526453_11303526454_248766831_#2more,4,95.0,0,36.0,6
479.0,GS_cluster_10123822790_11303526453_11303526454_248766831_#2more,4,99.0,0,37.0,7
480.0,GS_cluster_10123822790_11303526453_11303526454_248766831_#2more,4,103.0,0,38.0,7
481.0,GS_cluster_10123822790_11303526453_11303526454_248766831_#2more,4,107.0,0,39.0,7
482.0,GS_cluster_10123822790_11303526453_11303526454_248766831_#2more,4,111.0,0,40.0,7
483.0,GS_cluster_10123822790_11303526453_11303526454_248766831_#2more,4,115.0,0,41.0,7
484.0,GS_cluster_10123822790_11303526453_11303526454_248766831_#2more,4,119.0,1,1.0,7
485.0,GS_cluster_10123822790_11303526453_11303526454_248766831_#2more,4,123.0,1,2.0,7
486.0,GS_cluster_10123822790_11303526453_11303526454_248766831_#2more,4,127.0,1,3.0,7
487.0,GS_cluster_10123822790_11303526453_11303526454_248766831_#2more,4,131.0,1,4.0,7
488.0,GS_cluster_10123822790_11303526453_11303526454_248766831_#2more,4,135.0,1,5.0,7
489.0,GS_cluster_10123822790_11303526453_11303526454_248766831_#2more,4,139.0,1,6.0,7
490.0,GS_cluster_10123822790_11303526453_11303526454_248766831_#2more,3,104.0,2,1.0,6
491.0,GS_cluster_10123822790_11303526453_11303526454_248766831_#2more,2,70.0,2,2.0,6
492.0,GS_cluster_10123822790_11303526453_11303526454_248766831_#2more,1,35.0,2,3.0,6
493.0,GS_cluster_10123822790_11303526453_11303526454_248766831_#2more,1,1.0,2,4.0,6
494.0,GS_cluster_10123822790_11303526453_11303526454_248766831_#2more,1,2.0,2,5.0,6
495.0,GS_cluster_10123822790_11303526453_11303526454_248766831_#2more,3,5.0,2,6.0,7
496.0,GS_cluster_10123822790_11303526453_11303526454_248766831_#2more,3,8.0,2,7.0,7
497.0,GS_cluster_10123822790_11303526453_11303526454_248766831_#2more,5,13.0,2,8.0,8
498.0,GS_cluster_10123822790_11303526453_11303526454_248766831_#2more,5,18.0,2,9.0,8
499.0,GS_cluster_10123822790_11303526453_11303526454_248766831_#2more,6,24.0,2,10.0,8
500.0,GS_cluster_10123822790_11303526453_11303526454_248766831_#2more,6,30.0,2,11.0,8
501.0,GS_cluster_10123822790_11303526453_11303526454_248766831_#2more,8,38.0,2,12.0,8
502.0,GS_cluster_10123822790_11303526453_11303526454_248766831_#2more,8,46.0,2,13.0,8
503.0,GS_cluster_10123822790_11303526453_11303526454_248766831_#2more,8,54.0,2,14.0,8
504.0,GS_cluster_10123822790_11303526453_11303526454_248766831_#2more,8,62.0,2,15.0,8
505.0,GS_cluster_10123822790_11303526453_11303526454_248766831_#2more,8,70.0,2,16.0,8
506.0,GS_cluster_10123822790_11303526453_11303526454_248766831_#2more,8,78.0,2,17.0,8
507.0,GS_cluster_10123822790_11303526453_11303526454_248766831_#2more,8,86.0,2,18.0,8
508.0,GS_cluster_10123822790_11303526453_11303526454_248766831_#2more,8,94.0,2,19.0,8
509.0,GS_cluster_10123822790_11303526453_11303526454_248766831_#2more,8,102.0,2,20.0,8
510.0,GS_cluster_10123822790_11303526453_11303526454_248766831_#2more,8,110.0,2,21.0,8
511.0,GS_cluster_10123822790_11303526453_11303526454_248766831_#2more,8,118.0,2,22.0,8
512.0,GS_cluster_10123822790_11303526453_11303526454_248766831_#2more,8,126.0,2,23.0,8
513.0,GS_cluster_10123822790_11303526453_11303526454_248766831_#2more,8,134.0,2,24.0,8
514.0,GS_cluster_10123822790_11303526453_11303526454_248766831_#2more,8,142.0,2,25.0,8
515.0,GS_cluster_10123822790_11303526453_11303526454_248766831_#2more,8,150.0,2,26.0,8
516.0,GS_cluster_10123822790_11303526453_11303526454_248766831_#2more,8,158.0,2,27.0,8
517.0,GS_cluster_10123822790_11303526453_11303526454_248766831_#2more,8,166.0,2,28.0,9
518.0,GS_cluster_10123822790_11303526453_11303526454_248766831_#2more,8,174.0,2,29.0,9
519.0,GS_cluster_10123822790_11303526453_11303526454_248766831_#2more,8,182.0,2,30.0,9
520.0,GS_cluster_10123822790_11303526453_11303526454_248766831_#2more,8,190.0,2,31.0,9
521.0,GS_cluster_10123822790_11303526453_11303526454_248766831_#2more,8,198.0,2,32.0,10
522.0,GS_cluster_10123822790_11303526453_11303526454_248766831_#2more,9,207.0,2,33.0,10
523.0,GS_cluster_10123822790_11303526453_11303526454_248766831_#2more,9,216.0,2,34.0,11
524.0,GS_cluster_10123822790_11303526453_11303526454_248766831_#2more,9,225.0,2,35.0,11
525.0,GS_cluster_10123822790_11303526453_11303526454_248766831_#2more,9,234.0,2,36.0,12
526.0,GS_cluster_10123822790_11303526453_11303526454_248766831_#2more,10,244.0,2,37.0,12
527.0,GS_cluster_10123822790_11303526453_11303526454_248766831_#2more,10,254.0,2,38.0,12
528.0,GS_cluster_10123822790_11303526453_11303526454_248766831_#2more,11,265.0,2,39.0,12
529.0,GS_cluster_10123822790_11303526453_11303526454_248766831_#2more,11,276.0,3,1.0,12
530.0,GS_cluster_10123822790_11303526453_11303526454_248766831_#2more,12,288.0,3,2.0,12
531.0,GS_cluster_10123822790_11303526453_11303526454_248766831_#2more,12,300.0,3,3.0,12
532.0,GS_cluster_10123822790_11303526453_11303526454_248766831_#2more,12,312.0,3,4.0,12
533.0,GS_cluster_10123822790_11303526453_11303526454_248766831_#2more,12,324.0,3,5.0,12
534.0,GS_cluster_10123822790_11303526453_11303526454_248766831_#2more,12,336.0,3,6.0,13
535.0,GS_cluster_10123822790_11303526453_11303526454_248766831_#2more,11,305.0,4,1.0,12
536.0,GS_cluster_10123822790_11303526453_11303526454_248766831_#2more,10,274.0,4,2.0,12
537.0,GS_cluster_10123822790_11303526453_11303526454_248766831_#2more,9,243.0,4,3.0,13
538.0,GS_cluster_10123822790_11303526453_11303526454_248766831_#2more,9,252.0,4,4.0,13
539.0,GS_cluster_10123822790_11303526453_11303526454_248766831_#2more,10,262.0,4,5.0,12
540.0,GS_cluster_10123822790_11303526453_11303526454_248766831_#2more,10,272.0,4,6.0,12
541.0,GS_cluster_10123822790_11303526453_11303526454_248766831_#2more,10,282.0,4,7.0,11
542.0,GS_cluster_10123822790_11303526453_11303526454_248766831_#2more,11,293.0,4,8.0,11
543.0,GS_cluster_10123822790_11303526453_11303526454_248766831_#2more,11,304.0,4,9.0,11
544.0,GS_cluster_10123822790_11303526453_11303526454_248766831_#2more,11,315.0,4,10.0,11
545.0,GS_cluster_10123822790_11303526453_11303526454_248766831_#2more,11,326.0,4,11.0,11
546.0,GS_cluster_10123822790_11303526453_11303526454_248766831_#2more,11,337.0,4,12.0,11
547.0,GS_cluster_10123822790_11303526453_11303526454_248766831_#2more,11,348.0,4,13.0,11
548.0,GS_cluster_10123822790_11303526453_11303526454_248766831_#2more,11,359.0,5,1.0,11
549.0,GS_cluster_10123822790_11303526453_11303526454_248766831_#2more,11,370.0,5,2.0,11
550.0,GS_cluster_10123822790_11303526453_11303526454_248766831_#2more,11,381.0,5,3.0,12
551.0,GS_cluster_10123822790_11303526453_11303526454_248766831_#2more,11,392.0,5,4.0,12
552.0,GS_cluster_10123822790_11303526453_11303526454_248766831_#2more,11,403.0,5,5.0,13
553.0,GS_cluster_10123822790_11303526453_11303526454_248766831_#2more,11,414.0,5,6.0,13
554.0,GS_cluster_10123822790_11303526453_11303526454_248766831_#2more,9,283.0,0,1.0,10
555.0,GS_cluster_10123822790_11303526453_11303526454_248766831_#2more,6,171.0,0,2.0,10
556.0,GS_cluster_10123822790_11303526453_11303526454_248766831_#2more,4,75.0,0,3.0,10
557.0,GS_cluster_10123822790_11303526453_11303526454_248766831_#2more,2,6.0,0,4.0,9
558.0,GS_cluster_10123822790_11303526453_11303526454_248766831_#2more,1,3.0,0,5.0,7
559.0,GS_cluster_10123822790_11303526453_11303526454_248766831_#2more,0,0.0,0,6.0,8
560.0,GS_cluster_10123822790_11303526453_11303526454_248766831_#2more,0,0.0,0,7.0,5
561.0,GS_cluster_10123822790_11303526453_11303526454_248766831_#2more,0,0.0,0,8.0,6
562.0,GS_cluster_10123822790_11303526453_11303526454_248766831_#2more,0,0.0,0,9.0,3
563.0,GS_cluster_10123822790_11303526453_11303526454_248766831_#2more,0,0.0,0,10.0,4
564.0,GS_cluster_10123822790_11303526453_11303526454_248766831_#2more,0,0.0,0,11.0,3
565.0,GS_cluster_10123822790_11303526453_11303526454_248766831_#2more,0,0.0,0,12.0,3
566.0,GS_cluster_10123822790_11303526453_11303526454_248766831_#2more,0,0.0,0,13.0,2
567.0,GS_cluster_10123822790_11303526453_11303526454_248766831_#2more,0,0.0,0,14.0,5
568.0,GS_cluster_10123822790_11303526453_11303526454_248766831_#2more,0,0.0,0,15.0,4
569.0,GS_cluster_10123822790_11303526453_11303526454_248766831_#2more,0,0.0,0,16.0,5
570.0,GS_cluster_10123822790_11303526453_11303526454_248766831_#2more,0,0.0,0,17.0,5
571.0,GS_cluster_10123822790_11303526453_11303526454_248766831_#2more,0,0.0,0,18.0,5
572.0,GS_cluster_10123822790_11303526453_11303526454_248766831_#2more,1,1.0,0,19.0,5
573.0,GS_cluster_10123822790_11303526453_11303526454_248766831_#2more,2,3.0,0,20.0,3
574.0,GS_cluster_10123822790_11303526453_11303526454_248766831_#2more,2,5.0,0,21.0,4
575.0,GS_cluster_10123822790_11303526453_11303526454_248766831_#2more,3,8.0,0,22.0,5
576.0,GS_cluster_10123822790_11303526453_11303526454_248766831_#2more,3,11.0,0,23.0,5
577.0,GS_cluster_10123822790_11303526453_11303526454_248766831_#2more,3,14.0,0,24.0,5
578.0,GS_cluster_10123822790_11303526453_11303526454_248766831_#2more,3,17.0,0,25.0,6
579.0,GS_cluster_10123822790_11303526453_11303526454_248766831_#2more,3,20.0,0,26.0,7
580.0,GS_cluster_10123822790_11303526453_11303526454_248766831_#2more,3,23.0,0,27.0,7
581.0,GS_cluster_10123822790_11303526453_11303526454_248766831_#2more,3,26.0,0,28.0,6
582.0,GS_cluster_10123822790_11303526453_11303526454_248766831_#2more,3,29.0,0,29.0,6
583.0,GS_cluster_10123822790_11303526453_11303526454_248766831_#2more,3,32.0,1,1.0,6
584.0,GS_cluster_10123822790_11303526453_11303526454_248766831_#2more,3,35.0,1,2.0,6
585.0,GS_cluster_10123822790_11303526453_11303526454_248766831_#2more,3,38.0,1,3.0,7
586.0,GS_cluster_10123822790_11303526453_11303526454_248766831_#2more,3,41.0,1,4.0,7
587.0,GS_cluster_10123822790_11303526453_11303526454_248766831_#2more,3,44.0,1,5.0,8
588.0,GS_cluster_10123822790_11303526453_11303526454_248766831_#2more,3,47.0,1,6.0,8
589.0,GS_cluster_10123822790_11303526453_11303526454_248766831_#2more,2,32.0,2,1.0,7
590.0,GS_cluster_10123822790_11303526453_11303526454_248766831_#2more,1,16.0,2,2.0,8
591.0,GS_cluster_10123822790_11303526453_11303526454_248766831_#2more,0,0.0,2,3.0,8
592.0,GS_cluster_10123822790_11303526453_11303526454_248766831_#2more,1,1.0,2,4.0,8
593.0,GS_cluster_10123822790_11303526453_11303526454_248766831_#2more,2,3.0,2,5.0,7
594.0,GS_cluster_10123822790_11303526453_11303526454_248766831_#2more,4,7.0,2,6.0,8
595.0,GS_cluster_10123822790_11303526453_11303526454_248766831_#2more,4,11.0,2,7.0,7
596.0,GS_cluster_10123822790_11303526453_11303526454_248766831_#2more,4,15.0,2,8.0,9
597.0,GS_cluster_10123822790_11303526453_11303526454_248766831_#2more,5,20.0,2,9.0,9
598.0,GS_cluster_10123822790_11303526453_11303526454_248766831_#2more,5,25.0,2,10.0,9
599.0,GS_cluster_10123822790_11303526453_11303526454_248766831_#2more,6,31.0,2,11.0,10
600.0,GS_cluster_10123822790_11303526453_11303526454_248766831_#2more,7,38.0,2,12.0,10
601.0,GS_cluster_10123822790_11303526453_11303526454_248766831_#2more,8,46.0,2,13.0,10
602.0,GS_cluster_10123822790_11303526453_11303526454_248766831_#2more,8,54.0,2,14.0,11
603.0,GS_cluster_10123822790_11303526453_11303526454_248766831_#2more,9,63.0,2,15.0,11
604.0,GS_cluster_10123822790_11303526453_11303526454_248766831_#2more,9,72.0,2,16.0,11
605.0,GS_cluster_10123822790_11303526453_11303526454_248766831_#2more,10,82.0,2,17.0,11
606.0,GS_cluster_10123822790_11303526453_11303526454_248766831_#2more,10,92.0,2,18.0,11
607.0,GS_cluster_10123822790_11303526453_11303526454_248766831_#2more,11,103.0,2,19.0,11
608.0,GS_cluster_10123822790_11303526453_11303526454_248766831_#2more,11,114.0,2,20.0,11
609.0,GS_cluster_10123822790_11303526453_11303526454_248766831_#2more,11,125.0,2,21.0,11
610.0,GS_cluster_10123822790_11303526453_11303526454_248766831_#2more,11,136.0,2,22.0,11
611.0,GS_cluster_10123822790_11303526453_11303526454_248766831_#2more,11,147.0,2,23.0,11
612.0,GS_cluster_10123822790_11303526453_11303526454_248766831_#2more,11,158.0,2,24.0,11
613.0,GS_cluster_10123822790_11303526453_11303526454_248766831_#2more,11,169.0,2,25.0,11
614.0,GS_cluster_10123822790_11303526453_11303526454_248766831_#2more,11,180.0,2,26.0,11
615.0,GS_cluster_10123822790_11303526453_11303526454_248766831_#2more,11,191.0,2,27.0,11
616.0,GS_cluster_10123822790_11303526453_11303526454_248766831_#2more,11,202.0,2,28.0,11
617.0,GS_cluster_10123822790_11303526453_11303526454_248766831_#2more,11,213.0,2,29.0,11
618.0,GS_cluster_10123822790_11303526453_11303526454_248766831_#2more,11,224.0,2,30.0,11
619.0,GS_cluster_10123822790_11303526453_11303526454_248766831_#2more,11,235.0,2,31.0,11
620.0,GS_cluster_10123822790_11303526453_11303526454_248766831_#2more,11,246.0,2,32.0,11
621.0,GS_cluster_10123822790_11303526453_11303526454_248766831_#2more,11,257.0,2,33.0,11
622.0,GS_cluster_10123822790_11303526453_11303526454_248766831_#2more,11,268.0,2,34.0,11
623.0,GS_cluster_10123822790_11303526453_11303526454_248766831_#2more,11,279.0,2,35.0,11
624.0,GS_cluster_10123822790_11303526453_11303526454_248766831_#2more,11,290.0,2,36.0,11
625.0,GS_cluster_10123822790_11303526453_11303526454_248766831_#2more,11,301.0,2,37.0,11
626.0,GS_cluster_10123822790_11303526453_11303526454_248766831_#2more,11,312.0,2,38.0,11
627.0,GS_cluster_10123822790_11303526453_11303526454_248766831_#2more,11,323.0,2,39.0,11
628.0,GS_cluster_10123822790_11303526453_11303526454_248766831_#2more,11,334.0,2,40.0,11
629.0,GS_cluster_10123822790_11303526453_11303526454_248766831_#2more,11,345.0,2,41.0,11
630.0,GS_cluster_10123822790_11303526453_11303526454_248766831_#2more,11,356.0,2,42.0,11
631.0,GS_cluster_10123822790_11303526453_11303526454_248766831_#2more,11,367.0,2,43.0,11
632.0,GS_cluster_10123822790_11303526453_11303526454_248766831_#2more,11,378.0,2,44.0,11
633.0,GS_cluster_10123822790_11303526453_11303526454_248766831_#2more,11,389.0,3,1.0,11
634.0,GS_cluster_10123822790_11303526453_11303526454_248766831_#2more,11,400.0,3,2.0,11
635.0,GS_cluster_10123822790_11303526453_11303526454_248766831_#2more,11,411.0,3,3.0,11
636.0,GS_cluster_10123822790_11303526453_11303526454_248766831_#2more,11,422.0,3,4.0,11
637.0,GS_cluster_10123822790_11303526453_11303526454_248766831_#2more,11,433.0,3,5.0,11
638.0,GS_cluster_10123822790_11303526453_11303526454_248766831_#2more,11,444.0,3,6.0,12
639.0,GS_cluster_10123822790_11303526453_11303526454_248766831_#2more,10,409.0,4,1.0,11
640.0,GS_cluster_10123822790_11303526453_11303526454_248766831_#2more,9,375.0,4,2.0,11
641.0,GS_cluster_10123822790_11303526453_11303526454_248766831_#2more,8,341.0,4,3.0,11
642.0,GS_cluster_10123822790_11303526453_11303526454_248766831_#2more,8,349.0,4,4.0,10
643.0,GS_cluster_10123822790_11303526453_11303526454_248766831_#2more,8,357.0,4,5.0,10
644.0,GS_cluster_10123822790_11303526453_11303526454_248766831_#2more,8,365.0,4,6.0,10
645.0,GS_cluster_10123822790_11303526453_11303526454_248766831_#2more,8,373.0,4,7.0,9
646.0,GS_cluster_10123822790_11303526453_11303526454_248766831_#2more,8,381.0,4,8.0,9
647.0,GS_cluster_10123822790_11303526453_11303526454_248766831_#2more,8,389.0,4,9.0,9
648.0,GS_cluster_10123822790_11303526453_11303526454_248766831_#2more,8,397.0,4,10.0,9
649.0,GS_cluster_10123822790_11303526453_11303526454_248766831_#2more,8,405.0,4,11.0,9
650.0,GS_cluster_10123822790_11303526453_11303526454_248766831_#2more,8,413.0,4,12.0,9
651.0,GS_cluster_10123822790_11303526453_11303526454_248766831_#2more,8,421.0,4,13.0,9
652.0,GS_cluster_10123822790_11303526453_11303526454_248766831_#2more,8,429.0,4,14.0,9
653.0,GS_cluster_10123822790_11303526453_11303526454_248766831_#2more,8,437.0,4,15.0,9
654.0,GS_cluster_10123822790_11303526453_11303526454_248766831_#2more,8,445.0,4,16.0,9
655.0,GS_cluster_10123822790_11303526453_11303526454_248766831_#2more,8,453.0,4,17.0,8
656.0,GS_cluster_10123822790_11303526453_11303526454_248766831_#2more,8,461.0,5,1.0,8
657.0,GS_cluster_10123822790_11303526453_11303526454_248766831_#2more,8,469.0,5,2.0,8
658.0,GS_cluster_10123822790_11303526453_11303526454_248766831_#2more,8,477.0,5,3.0,8
659.0,GS_cluster_10123822790_11303526453_11303526454_248766831_#2more,8,485.0,5,4.0,8
660.0,GS_cluster_10123822790_11303526453_11303526454_248766831_#2more,8,493.0,5,5.0,8
661.0,GS_cluster_10123822790_11303526453_11303526454_248766831_#2more,8,501.0,5,6.0,8
662.0,GS_cluster_10123822790_11303526453_11303526454_248766831_#2more,5,306.0,0,1.0,5
663.0,GS_cluster_10123822790_11303526453_11303526454_248766831_#2more,3,180.0,0,2.0,5
664.0,GS_cluster_10123822790_11303526453_11303526454_248766831_#2more,1,58.0,0,3.0,5
665.0,GS_cluster_10123822790_11303526453_11303526454_248766831_#2more,0,0.0,0,4.0,4
666.0,GS_cluster_10123822790_11303526453_11303526454_248766831_#2more,0,0.0,0,5.0,3
667.0,GS_cluster_10123822790_11303526453_11303526454_248766831_#2more,0,0.0,0,6.0,4
668.0,GS_cluster_10123822790_11303526453_11303526454_248766831_#2more,1,1.0,0,7.0,4
669.0,GS_cluster_10123822790_11303526453_11303526454_248766831_#2more,1,2.0,0,8.0,5
670.0,GS_cluster_10123822790_11303526453_11303526454_248766831_#2more,1,3.0,0,9.0,4
671.0,GS_cluster_10123822790_11303526453_11303526454_248766831_#2more,2,5.0,0,10.0,5
672.0,GS_cluster_10123822790_11303526453_11303526454_248766831_#2more,2,7.0,0,11.0,4
673.0,GS_cluster_10123822790_11303526453_11303526454_248766831_#2more,2,9.0,0,12.0,4
674.0,GS_cluster_10123822790_11303526453_11303526454_248766831_#2more,3,12.0,0,13.0,3
675.0,GS_cluster_10123822790_11303526453_11303526454_248766831_#2more,3,15.0,1,1.0,3
676.0,GS_cluster_10123822790_11303526453_11303526454_248766831_#2more,3,18.0,1,2.0,5
677.0,GS_cluster_10123822790_11303526453_11303526454_248766831_#2more,3,21.0,1,3.0,5
678.0,GS_cluster_10123822790_11303526453_11303526454_248766831_#2more,3,24.0,1,4.0,5
679.0,GS_cluster_10123822790_11303526453_11303526454_248766831_#2more,3,27.0,1,5.0,6
680.0,GS_cluster_10123822790_11303526453_11303526454_248766831_#2more,3,30.0,1,6.0,6
681.0,GS_cluster_10123822790_11303526453_11303526454_248766831_#2more,3,20.0,2,1.0,6
682.0,GS_cluster_10123822790_11303526453_11303526454_248766831_#2more,2,11.0,2,2.0,6
683.0,GS_cluster_10123822790_11303526453_11303526454_248766831_#2more,1,3.0,2,3.0,7
684.0,GS_cluster_10123822790_11303526453_11303526454_248766831_#2more,2,5.0,2,4.0,7
685.0,GS_cluster_10123822790_11303526453_11303526454_248766831_#2more,2,7.0,2,5.0,9
686.0,GS_cluster_10123822790_11303526453_11303526454_248766831_#2more,3,10.0,2,6.0,9
687.0,GS_cluster_10123822790_11303526453_11303526454_248766831_#2more,4,14.0,2,7.0,10
688.0,GS_cluster_10123822790_11303526453_11303526454_248766831_#2more,5,19.0,2,8.0,11
689.0,GS_cluster_10123822790_11303526453_11303526454_248766831_#2more,7,26.0,2,9.0,12
690.0,GS_cluster_10123822790_11303526453_11303526454_248766831_#2more,8,34.0,2,10.0,14
691.0,GS_cluster_10123822790_11303526453_11303526454_248766831_#2more,10,44.0,2,11.0,15
692.0,GS_cluster_10123822790_11303526453_11303526454_248766831_#2more,10,54.0,2,12.0,15
693.0,GS_cluster_10123822790_11303526453_11303526454_248766831_#2more,10,64.0,2,13.0,15
694.0,GS_cluster_10123822790_11303526453_11303526454_248766831_#2more,11,75.0,2,14.0,16
695.0,GS_cluster_10123822790_11303526453_11303526454_248766831_#2more,13,88.0,2,15.0,16
696.0,GS_cluster_10123822790_11303526453_11303526454_248766831_#2more,13,101.0,2,16.0,16
697.0,GS_cluster_10123822790_11303526453_11303526454_248766831_#2more,13,114.0,2,17.0,16
698.0,GS_cluster_10123822790_11303526453_11303526454_248766831_#2more,14,128.0,2,18.0,16
699.0,GS_cluster_10123822790_11303526453_11303526454_248766831_#2more,14,142.0,2,19.0,16
700.0,GS_cluster_10123822790_11303526453_11303526454_248766831_#2more,14,156.0,2,20.0,16
701.0,GS_cluster_10123822790_11303526453_11303526454_248766831_#2more,14,170.0,2,21.0,16
702.0,GS_cluster_10123822790_11303526453_11303526454_248766831_#2more,14,184.0,2,22.0,16
703.0,GS_cluster_10123822790_11303526453_11303526454_248766831_#2more,14,198.0,2,23.0,16
704.0,GS_cluster_10123822790_11303526453_11303526454_248766831_#2more,14,212.0,2,24.0,16
705.0,GS_cluster_10123822790_11303526453_11303526454_248766831_#2more,14,226.0,2,25.0,16
706.0,GS_cluster_10123822790_11303526453_11303526454_248766831_#2more,14,240.0,2,26.0,16
707.0,GS_cluster_10123822790_11303526453_11303526454_248766831_#2more,14,254.0,2,27.0,16
708.0,GS_cluster_10123822790_11303526453_11303526454_248766831_#2more,15,269.0,2,28.0,17
709.0,GS_cluster_10123822790_11303526453_11303526454_248766831_#2more,15,284.0,2,29.0,17
710.0,GS_cluster_10123822790_11303526453_11303526454_248766831_#2more,16,300.0,2,30.0,17
711.0,GS_cluster_10123822790_11303526453_11303526454_248766831_#2more,16,316.0,2,31.0,17
712.0,GS_cluster_10123822790_11303526453_11303526454_248766831_#2more,17,333.0,2,32.0,17
713.0,GS_cluster_10123822790_11303526453_11303526454_248766831_#2more,17,350.0,2,33.0,17
714.0,GS_cluster_10123822790_11303526453_11303526454_248766831_#2more,17,367.0,2,34.0,17
715.0,GS_cluster_10123822790_11303526453_11303526454_248766831_#2more,17,384.0,2,35.0,17
716.0,GS_cluster_10123822790_11303526453_11303526454_248766831_#2more,17,401.0,2,36.0,17
717.0,GS_cluster_10123822790_11303526453_11303526454_248766831_#2more,17,418.0,2,37.0,17
718.0,GS_cluster_10123822790_11303526453_11303526454_248766831_#2more,17,435.0,2,38.0,18
719.0,GS_cluster_10123822790_11303526453_11303526454_248766831_#2more,17,452.0,2,39.0,18
720.0,GS_cluster_10123822790_11303526453_11303526454_248766831_#2more,17,469.0,2,40.0,18
721.0,GS_cluster_10123822790_11303526453_11303526454_248766831_#2more,17,486.0,2,41.0,18
722.0,GS_cluster_10123822790_11303526453_11303526454_248766831_#2more,18,504.0,3,1.0,18
723.0,GS_cluster_10123822790_11303526453_11303526454_248766831_#2more,18,522.0,3,2.0,18
724.0,GS_cluster_10123822790_11303526453_11303526454_248766831_#2more,18,540.0,3,3.0,18
725.0,GS_cluster_10123822790_11303526453_11303526454_248766831_#2more,18,558.0,3,4.0,18
726.0,GS_cluster_10123822790_11303526453_11303526454_248766831_#2more,18,576.0,3,5.0,18
727.0,GS_cluster_10123822790_11303526453_11303526454_248766831_#2more,18,594.0,3,6.0,18
728.0,GS_cluster_10123822790_11303526453_11303526454_248766831_#2more,17,591.0,4,1.0,17
729.0,GS_cluster_10123822790_11303526453_11303526454_248766831_#2more,16,588.0,4,2.0,17
730.0,GS_cluster_10123822790_11303526453_11303526454_248766831_#2more,15,563.0,4,3.0,17
731.0,GS_cluster_10123822790_11303526453_11303526454_248766831_#2more,14,537.0,4,4.0,16
732.0,GS_cluster_10123822790_11303526453_11303526454_248766831_#2more,13,512.0,4,5.0,16
733.0,GS_cluster_10123822790_11303526453_11303526454_248766831_#2more,13,525.0,4,6.0,16
734.0,GS_cluster_10123822790_11303526453_11303526454_248766831_#2more,13,538.0,4,7.0,17
735.0,GS_cluster_10123822790_11303526453_11303526454_248766831_#2more,14,552.0,4,8.0,18
736.0,GS_cluster_10123822790_11303526453_11303526454_248766831_#2more,15,567.0,4,9.0,19
737.0,GS_cluster_10123822790_11303526453_11303526454_248766831_#2more,16,583.0,4,10.0,19
738.0,GS_cluster_10123822790_11303526453_11303526454_248766831_#2more,16,599.0,4,11.0,20
739.0,GS_cluster_10123822790_11303526453_11303526454_248766831_#2more,17,616.0,4,12.0,20
740.0,GS_cluster_10123822790_11303526453_11303526454_248766831_#2more,18,634.0,4,13.0,21
741.0,GS_cluster_10123822790_11303526453_11303526454_248766831_#2more,19,653.0,4,14.0,21
742.0,GS_cluster_10123822790_11303526453_11303526454_248766831_#2more,19,672.0,4,15.0,22
743.0,GS_cluster_10123822790_11303526453_11303526454_248766831_#2more,19,691.0,4,16.0,22
744.0,GS_cluster_10123822790_11303526453_11303526454_248766831_#2more,19,710.0,4,17.0,22
745.0,GS_cluster_10123822790_11303526453_11303526454_248766831_#2more,19,729.0,4,18.0,23
746.0,GS_cluster_10123822790_11303526453_11303526454_248766831_#2more,19,748.0,4,19.0,23
747.0,GS_cluster_10123822790_11303526453_11303526454_248766831_#2more,19,767.0,4,20.0,24
748.0,GS_cluster_10123822790_11303526453_11303526454_248766831_#2more,19,786.0,4,21.0,24
749.0,GS_cluster_10123822790_11303526453_11303526454_248766831_#2more,19,805.0,4,22.0,24
750.0,GS_cluster_10123822790_11303526453_11303526454_248766831_#2more,19,824.0,4,23.0,25
751.0,GS_cluster_10123822790_11303526453_11303526454_248766831_#2more,19,843.0,4,24.0,25
752.0,GS_cluster_10123822790_11303526453_11303526454_248766831_#2more,19,862.0,4,25.0,25
753.0,GS_cluster_10123822790_11303526453_11303526454_248766831_#2more,19,881.0,4,26.0,25
754.0,GS_cluster_10123822790_11303526453_11303526454_248766831_#2more,19,900.0,4,27.0,24
755.0,GS_cluster_10123822790_11303526453_11303526454_248766831_#2more,19,919.0,4,28.0,24
756.0,GS_cluster_10123822790_11303526453_11303526454_248766831_#2more,19,938.0,4,29.0,24
757.0,GS_cluster_10123822790_11303526453_11303526454_248766831_#2more,19,957.0,4,30.0,23
758.0,GS_cluster_10123822790_11303526453_11303526454_248766831_#2more,19,976.0,4,31.0,23
759.0,GS_cluster_10123822790_11303526453_11303526454_248766831_#2more,19,995.0,4,32.0,22
760.0,GS_cluster_10123822790_11303526453_11303526454_248766831_#2more,19,1014.0,4,33.0,22
761.0,GS_cluster_10123822790_11303526453_11303526454_248766831_#2more,19,1033.0,4,34.0,21
762.0,GS_cluster_10123822790_11303526453_11303526454_248766831_#2more,19,1052.0,4,35.0,21
763.0,GS_cluster_10123822790_11303526453_11303526454_248766831_#2more,19,1071.0,4,36.0,21
764.0,GS_cluster_10123822790_11303526453_11303526454_248766831_#2more,19,1090.0,4,37.0,20
765.0,GS_cluster_10123822790_11303526453_11303526454_248766831_#2more,19,1109.0,4,38.0,20
766.0,GS_cluster_10123822790_11303526453_11303526454_248766831_#2more,19,1128.0,4,39.0,19
767.0,GS_cluster_10123822790_11303526453_11303526454_248766831_#2more,19,1147.0,5,1.0,19
768.0,GS_cluster_10123822790_11303526453_11303526454_248766831_#2more,19,1166.0,5,2.0,19
769.0,GS_cluster_10123822790_11303526453_11303526454_248766831_#2more,19,1185.0,5,3.0,19
770.0,GS_cluster_10123822790_11303526453_11303526454_248766831_#2more,19,1204.0,5,4.0,19
771.0,GS_cluster_10123822790_11303526453_11303526454_248766831_#2more,19,1223.0,5,5.0,19
772.0,GS_cluster_10123822790_11303526453_11303526454_248766831_#2more,19,1242.0,5,6.0,19
773.0,GS_cluster_10123822790_11303526453_11303526454_248766831_#2more,16,992.0,0,1.0,16
774.0,GS_cluster_10123822790_11303526453_11303526454_248766831_#2more,13,797.0,0,2.0,16
775.0,GS_cluster_10123822790_11303526453_11303526454_248766831_#2more,10,601.0,0,3.0,16
776.0,GS_cluster_10123822790_11303526453_11303526454_248766831_#2more,8,441.0,0,4.0,15
777.0,GS_cluster_10123822790_11303526453_11303526454_248766831_#2more,6,286.0,0,5.0,13
778.0,GS_cluster_10123822790_11303526453_11303526454_248766831_#2more,4,168.0,0,6.0,14
779.0,GS_cluster_10123822790_11303526453_11303526454_248766831_#2more,4,172.0,0,7.0,11
780.0,GS_cluster_10123822790_11303526453_11303526454_248766831_#2more,4,176.0,0,8.0,11
781.0,GS_cluster_10123822790_11303526453_11303526454_248766831_#2more,4,180.0,0,9.0,12
782.0,GS_cluster_10123822790_11303526453_11303526454_248766831_#2more,2,91.0,0,10.0,10
783.0,GS_cluster_10123822790_11303526453_11303526454_248766831_#2more,1,49.0,0,11.0,11
784.0,GS_cluster_10123822790_11303526453_11303526454_248766831_#2more,1,50.0,0,12.0,9
785.0,GS_cluster_10123822790_11303526453_11303526454_248766831_#2more,1,51.0,0,13.0,8
786.0,GS_cluster_10123822790_11303526453_11303526454_248766831_#2more,1,52.0,0,14.0,9
787.0,GS_cluster_10123822790_11303526453_11303526454_248766831_#2more,2,54.0,0,15.0,7
788.0,GS_cluster_10123822790_11303526453_11303526454_248766831_#2more,2,56.0,0,16.0,8
789.0,GS_cluster_10123822790_11303526453_11303526454_248766831_#2more,3,59.0,0,17.0,6
790.0,GS_cluster_10123822790_11303526453_11303526454_248766831_#2more,3,62.0,0,18.0,7
791.0,GS_cluster_10123822790_11303526453_11303526454_248766831_#2more,3,65.0,0,19.0,5
792.0,GS_cluster_10123822790_11303526453_11303526454_248766831_#2more,3,68.0,0,20.0,6
793.0,GS_cluster_10123822790_11303526453_11303526454_248766831_#2more,3,71.0,0,21.0,7
794.0,GS_cluster_10123822790_11303526453_11303526454_248766831_#2more,3,74.0,0,22.0,7
795.0,GS_cluster_10123822790_11303526453_11303526454_248766831_#2more,3,77.0,0,23.0,8
796.0,GS_cluster_10123822790_11303526453_11303526454_248766831_#2more,3,80.0,0,24.0,9
797.0,GS_cluster_10123822790_11303526453_11303526454_248766831_#2more,4,84.0,0,25.0,10
798.0,GS_cluster_10123822790_11303526453_11303526454_248766831_#2more,5,89.0,0,26.0,11
799.0,GS_cluster_10123822790_11303526453_11303526454_248766831_#2more,5,94.0,0,27.0,11
800.0,GS_cluster_10123822790_11303526453_11303526454_248766831_#2more,5,99.0,0,28.0,12
801.0,GS_cluster_10123822790_11303526453_11303526454_248766831_#2more,6,105.0,0,29.0,12
802.0,GS_cluster_10123822790_11303526453_11303526454_248766831_#2more,6,111.0,0,30.0,11
803.0,GS_cluster_10123822790_11303526453_11303526454_248766831_#2more,7,118.0,0,31.0,13
804.0,GS_cluster_10123822790_11303526453_11303526454_248766831_#2more,7,125.0,0,32.0,12
805.0,GS_cluster_10123822790_11303526453_11303526454_248766831_#2more,7,132.0,0,33.0,12
806.0,GS_cluster_10123822790_11303526453_11303526454_248766831_#2more,7,139.0,0,34.0,12
807.0,GS_cluster_10123822790_11303526453_11303526454_248766831_#2more,7,146.0,0,35.0,12
808.0,GS_cluster_10123822790_11303526453_11303526454_248766831_#2more,7,153.0,0,36.0,13
809.0,GS_cluster_10123822790_11303526453_11303526454_248766831_#2more,8,161.0,0,37.0,13
810.0,GS_cluster_10123822790_11303526453_11303526454_248766831_#2more,8,169.0,0,38.0,12
811.0,GS_cluster_10123822790_11303526453_11303526454_248766831_#2more,9,178.0,0,39.0,13
812.0,GS_cluster_10123822790_11303526453_11303526454_248766831_#2more,9,187.0,0,40.0,13
813.0,GS_cluster_10123822790_11303526453_11303526454_248766831_#2more,9,196.0,0,41.0,13
814.0,GS_cluster_10123822790_11303526453_11303526454_248766831_#2more,10,206.0,0,42.0,13
815.0,GS_cluster_10123822790_11303526453_11303526454_248766831_#2more,11,217.0,0,43.0,12
816.0,GS_cluster_10123822790_11303526453_11303526454_248766831_#2more,11,228.0,0,44.0,13
817.0,GS_cluster_10123822790_11303526453_11303526454_248766831_#2more,11,239.0,0,45.0,13
818.0,GS_cluster_10123822790_11303526453_11303526454_248766831_#2more,11,250.0,0,46.0,13
819.0,GS_cluster_10123822790_11303526453_11303526454_248766831_#2more,12,262.0,0,47.0,13
820.0,GS_cluster_10123822790_11303526453_11303526454_248766831_#2more,10,208.0,0,48.0,12
821.0,GS_cluster_10123822790_11303526453_11303526454_248766831_#2more,10,218.0,0,49.0,12
822.0,GS_cluster_10123822790_11303526453_11303526454_248766831_#2more,10,228.0,0,50.0,11
823.0,GS_cluster_10123822790_11303526453_11303526454_248766831_#2more,11,239.0,1,1.0,12
824.0,GS_cluster_10123822790_11303526453_11303526454_248766831_#2more,11,250.0,1,2.0,13
825.0,GS_cluster_10123822790_11303526453_11303526454_248766831_#2more,11,261.0,1,3.0,12
826.0,GS_cluster_10123822790_11303526453_11303526454_248766831_#2more,11,272.0,1,4.0,14
827.0,GS_cluster_10123822790_11303526453_11303526454_248766831_#2more,12,284.0,1,5.0,14
828.0,GS_cluster_10123822790_11303526453_11303526454_248766831_#2more,13,297.0,1,6.0,14
829.0,GS_cluster_10123822790_11303526453_11303526454_248766831_#2more,11,182.0,2,1.0,13
830.0,GS_cluster_10123822790_11303526453_11303526454_248766831_#2more,9,152.0,2,2.0,14
831.0,GS_cluster_10123822790_11303526453_11303526454_248766831_#2more,8,126.0,2,3.0,15
832.0,GS_cluster_10123822790_11303526453_11303526454_248766831_#2more,6,99.0,2,4.0,14
833.0,GS_cluster_10123822790_11303526453_11303526454_248766831_#2more,5,102.0,2,5.0,15
834.0,GS_cluster_10123822790_11303526453_11303526454_248766831_#2more,5,82.0,2,6.0,14
835.0,GS_cluster_10123822790_11303526453_11303526454_248766831_#2more,4,85.0,2,7.0,14
836.0,GS_cluster_10123822790_11303526453_11303526454_248766831_#2more,6,66.0,2,8.0,14
837.0,GS_cluster_10123822790_11303526453_11303526454_248766831_#2more,4,68.0,2,9.0,12
838.0,GS_cluster_10123822790_11303526453_11303526454_248766831_#2more,4,72.0,2,10.0,13
839.0,GS_cluster_10123822790_11303526453_11303526454_248766831_#2more,4,73.0,2,11.0,11
840.0,GS_cluster_10123822790_11303526453_11303526454_248766831_#2more,4,76.0,2,12.0,12
841.0,GS_cluster_10123822790_11303526453_11303526454_248766831_#2more,4,80.0,2,13.0,12
842.0,GS_cluster_10123822790_11303526453_11303526454_248766831_#2more,4,84.0,2,14.0,10
843.0,GS_cluster_10123822790_11303526453_11303526454_248766831_#2more,5,89.0,2,15.0,11
844.0,GS_cluster_10123822790_11303526453_11303526454_248766831_#2more,4,89.0,2,16.0,11
845.0,GS_cluster_10123822790_11303526453_11303526454_248766831_#2more,4,93.0,2,17.0,10
846.0,GS_cluster_10123822790_11303526453_11303526454_248766831_#2more,5,98.0,2,18.0,9
847.0,GS_cluster_10123822790_11303526453_11303526454_248766831_#2more,6,104.0,2,19.0,9
848.0,GS_cluster_10123822790_11303526453_11303526454_248766831_#2more,6,110.0,2,20.0,11
849.0,GS_cluster_10123822790_11303526453_11303526454_248766831_#2more,6,116.0,2,21.0,11
850.0,GS_cluster_10123822790_11303526453_11303526454_248766831_#2more,8,124.0,2,22.0,12
851.0,GS_cluster_10123822790_11303526453_11303526454_248766831_#2more,8,132.0,2,23.0,12
852.0,GS_cluster_10123822790_11303526453_11303526454_248766831_#2more,8,140.0,2,24.0,12
853.0,GS_cluster_10123822790_11303526453_11303526454_248766831_#2more,10,150.0,2,25.0,12
854.0,GS_cluster_10123822790_11303526453_11303526454_248766831_#2more,10,160.0,2,26.0,13
855.0,GS_cluster_10123822790_11303526453_11303526454_248766831_#2more,11,171.0,3,1.0,13
856.0,GS_cluster_10123822790_11303526453_11303526454_248766831_#2more,11,182.0,3,2.0,13
857.0,GS_cluster_10123822790_11303526453_11303526454_248766831_#2more,11,193.0,3,3.0,14
858.0,GS_cluster_10123822790_11303526453_11303526454_248766831_#2more,12,205.0,3,4.0,14
859.0,GS_cluster_10123822790_11303526453_11303526454_248766831_#2more,13,218.0,3,5.0,14
860.0,GS_cluster_10123822790_11303526453_11303526454_248766831_#2more,13,231.0,3,6.0,14
861.0,GS_cluster_10123822790_11303526453_11303526454_248766831_#2more,12,196.0,4,1.0,14
862.0,GS_cluster_10123822790_11303526453_11303526454_248766831_#2more,12,161.0,4,2.0,14
863.0,GS_cluster_10123822790_11303526453_11303526454_248766831_#2more,11,128.0,4,3.0,14
864.0,GS_cluster_10123822790_11303526453_11303526454_248766831_#2more,10,117.0,4,4.0,13
865.0,GS_cluster_10123822790_11303526453_11303526454_248766831_#2more,9,107.0,4,5.0,13
866.0,GS_cluster_10123822790_11303526453_11303526454_248766831_#2more,8,96.0,4,6.0,13
867.0,GS_cluster_10123822790_11303526453_11303526454_248766831_#2more,8,104.0,4,7.0,12
868.0,GS_cluster_10123822790_11303526453_11303526454_248766831_#2more,9,113.0,4,8.0,12
869.0,GS_cluster_10123822790_11303526453_11303526454_248766831_#2more,9,122.0,4,9.0,12
870.0,GS_cluster_10123822790_11303526453_11303526454_248766831_#2more,9,131.0,4,10.0,12
871.0,GS_cluster_10123822790_11303526453_11303526454_248766831_#2more,9,140.0,4,11.0,12
872.0,GS_cluster_10123822790_11303526453_11303526454_248766831_#2more,9,149.0,4,12.0,12
873.0,GS_cluster_10123822790_11303526453_11303526454_248766831_#2more,9,158.0,4,13.0,11
874.0,GS_cluster_10123822790_11303526453_11303526454_248766831_#2more,9,167.0,5,1.0,11
875.0,GS_cluster_10123822790_11303526453_11303526454_248766831_#2more,10,177.0,5,2.0,11
876.0,GS_cluster_10123822790_11303526453_11303526454_248766831_#2more,10,187.0,5,3.0,11
877.0,GS_cluster_10123822790_11303526453_11303526454_248766831_#2more,10,197.0,5,4.0,11
878.0,GS_cluster_10123822790_11303526453_11303526454_248766831_#2more,10,207.0,5,5.0,11
879.0,GS_cluster_10123822790_11303526453_11303526454_248766831_#2more,10,217.0,5,6.0,11
880.0,GS_cluster_10123822790_11303526453_11303526454_248766831_#2more,7,116.0,0,1.0,7
881.0,GS_cluster_10123822790_11303526453_11303526454_248766831_#2more,3,29.0,0,2.0,7
882.0,GS_cluster_10123822790_11303526453_11303526454_248766831_#2more,0,0.0,0,3.0,7
883.0,GS_cluster_10123822790_11303526453_11303526454_248766831_#2more,0,0.0,0,4.0,3
884.0,GS_cluster_10123822790_11303526453_11303526454_248766831_#2more,0,0.0,0,5.0,3
885.0,GS_cluster_10123822790_11303526453_11303526454_248766831_#2more,0,0.0,0,6.0,3
886.0,GS_cluster_10123822790_11303526453_11303526454_248766831_#2more,0,0.0,0,7.0,1
887.0,GS_cluster_10123822790_11303526453_11303526454_248766831_#2more,0,0.0,0,8.0,1
888.0,GS_cluster_10123822790_11303526453_11303526454_248766831_#2more,0,0.0,0,9.0,1
889.0,GS_cluster_10123822790_11303526453_11303526454_248766831_#2more,0,0.0,0,10.0,1
890.0,GS_cluster_10123822790_11303526453_11303526454_248766831_#2more,0,0.0,0,11.0,2
891.0,GS_cluster_10123822790_11303526453_11303526454_248766831_#2more,0,0.0,0,12.0,2
892.0,GS_cluster_10123822790_11303526453_11303526454_248766831_#2more,0,0.0,0,13.0,2
893.0,GS_cluster_10123822790_11303526453_11303526454_248766831_#2more,0,0.0,0,14.0,2
894.0,GS_cluster_10123822790_11303526453_11303526454_248766831_#2more,1,1.0,0,15.0,2
895.0,GS_cluster_10123822790_11303526453_11303526454_248766831_#2more,1,2.0,1,1.0,2
896.0,GS_cluster_10123822790_11303526453_11303526454_248766831_#2more,2,4.0,1,2.0,2
897.0,GS_cluster_10123822790_11303526453_11303526454_248766831_#2more,3,6.0,1,3.0,3
898.0,GS_cluster_10123822790_11303526453_11303526454_248766831_#2more,2,8.0,1,4.0,3
899.0,GS_cluster_10123822790_11303526453_11303526454_248766831_#2more,2,10.0,1,5.0,3
900.0,GS_cluster_10123822790_11303526453_11303526454_248766831_#2more,2,12.0,1,6.0,3
901.0,GS_cluster_10123822790_11303526453_11303526454_248766831_#2more,2,7.0,2,1.0,2
902.0,GS_cluster_10123822790_11303526453_11303526454_248766831_#2more,1,2.0,2,2.0,2
903.0,GS_cluster_10123822790_11303526453_11303526454_248766831_#2more,0,0.0,2,3.0,2
904.0,GS_cluster_10123822790_11303526453_11303526454_248766831_#2more,0,0.0,2,4.0,1
905.0,GS_cluster_10123822790_11303526453_11303526454_248766831_#2more,0,0.0,2,5.0,2
906.0,GS_cluster_10123822790_11303526453_11303526454_248766831_#2more,0,0.0,2,6.0,2
907.0,GS_cluster_10123822790_11303526453_11303526454_248766831_#2more,0,0.0,2,7.0,1
908.0,GS_cluster_10123822790_11303526453_11303526454_248766831_#2more,0,0.0,2,8.0,2
909.0,GS_cluster_10123822790_11303526453_11303526454_248766831_#2more,0,0.0,2,9.0,2
910.0,GS_cluster_10123822790_11303526453_11303526454_248766831_#2more,0,0.0,2,10.0,1
911.0,GS_cluster_10123822790_11303526453_11303526454_248766831_#2more,0,0.0,2,11.0,1
912.0,GS_cluster_10123822790_11303526453_11303526454_248766831_#2more,0,0.0,2,12.0,0
913.0,GS_cluster_10123822790_11303526453_11303526454_248766831_#2more,0,0.0,2,13.0,0
914.0,GS_cluster_10123822790_11303526453_11303526454_248766831_#2more,0,0.0,3,1.0,0
915.0,GS_cluster_10123822790_11303526453_11303526454_248766831_#2more,0,0.0,3,2.0,0
916.0,GS_cluster_10123822790_11303526453_11303526454_248766831_#2more,0,0.0,3,3.0,0
917.0,GS_cluster_10123822790_11303526453_11303526454_248766831_#2more,0,0.0,3,4.0,0
918.0,GS_cluster_10123822790_11303526453_11303526454_248766831_#2more,0,0.0,3,5.0,0
919.0,GS_cluster_10123822790_11303526453_11303526454_248766831_#2more,0,0.0,3,6.0,0
920.0,GS_cluster_10123822790_11303526453_11303526454_248766831_#2more,0,0.0,4,1.0,0
921.0,GS_cluster_10123822790_11303526453_11303526454_248766831_#2more,0,0.0,4,2.0,0
922.0,GS_cluster_10123822790_11303526453_11303526454_248766831_#2more,0,0.0,4,3.0,0
923.0,GS_cluster_10123822790_11303526453_11303526454_248766831_#2more,0,0.0,4,4.0,0
924.0,GS_cluster_10123822790_11303526453_11303526454_248766831_#2more,0,0.0,4,5.0,0
925.0,GS_cluster_10123822790_11303526453_11303526454_248766831_#2more,0,0.0,4,6.0,0
926.0,GS_cluster_10123822790_11303526453_11303526454_248766831_#2more,0,0.0,4,7.0,0
927.0,GS_cluster_10123822790_11303526453_11303526454_248766831_#2more,0,0.0,4,8.0,1
928.0,GS_cluster_10123822790_11303526453_11303526454_248766831_#2more,0,0.0,4,9.0,0
929.0,GS_cluster_10123822790_11303526453_11303526454_248766831_#2more,0,0.0,4,10.0,0
930.0,GS_cluster_10123822790_11303526453_11303526454_248766831_#2more,0,0.0,4,11.0,1
931.0,GS_cluster_10123822790_11303526453_11303526454_248766831_#2more,0,0.0,4,12.0,0
932.0,GS_cluster_10123822790_11303526453_11303526454_248766831_#2more,0,0.0,4,13.0,0
933.0,GS_cluster_10123822790_11303526453_11303526454_248766831_#2more,0,0.0,4,14.0,0
934.0,GS_cluster_10123822790_11303526453_11303526454_248766831_#2more,0,0.0,5,1.0,0
935.0,GS_cluster_10123822790_11303526453_11303526454_248766831_#2more,0,0.0,5,2.0,1
936.0,GS_cluster_10123822790_11303526453_11303526454_248766831_#2more,0,0.0,5,3.0,1
937.0,GS_cluster_10123822790_11303526453_11303526454_248766831_#2more,0,0.0,5,4.0,1
938.0,GS_cluster_10123822790_11303526453_11303526454_248766831_#2more,0,0.0,5,5.0,2
939.0,GS_cluster_10123822790_11303526453_11303526454_248766831_#2more,0,0.0,5,6.0,2
940.0,GS_cluster_10123822790_11303526453_11303526454_248766831_#2more,0,0.0,0,1.0,2
941.0,GS_cluster_10123822790_11303526453_11303526454_248766831_#2more,0,0.0,0,2.0,2
942.0,GS_cluster_10123822790_11303526453_11303526454_248766831_#2more,0,0.0,0,3.0,2
943.0,GS_cluster_10123822790_11303526453_11303526454_248766831_#2more,0,0.0,0,4.0,2
944.0,GS_cluster_10123822790_11303526453_11303526454_248766831_#2more,0,0.0,0,5.0,2
945.0,GS_cluster_10123822790_11303526453_11303526454_248766831_#2more,0,0.0,0,6.0,2
946.0,GS_cluster_10123822790_11303526453_11303526454_248766831_#2more,0,0.0,0,7.0,3
947.0,GS_cluster_10123822790_11303526453_11303526454_248766831_#2more,0,0.0,0,8.0,2
948.0,GS_cluster_10123822790_11303526453_11303526454_248766831_#2more,0,0.0,0,9.0,2
949.0,GS_cluster_10123822790_11303526453_11303526454_248766831_#2more,0,0.0,0,10.0,2
950.0,GS_cluster_10123822790_11303526453_11303526454_248766831_#2more,0,0.0,0,11.0,3
951.0,GS_cluster_10123822790_11303526453_11303526454_248766831_#2more,0,0.0,0,12.0,3
952.0,GS_cluster_10123822790_11303526453_11303526454_248766831_#2more,0,0.0,0,13.0,2
953.0,GS_cluster_10123822790_11303526453_11303526454_248766831_#2more,0,0.0,0,14.0,3
954.0,GS_cluster_10123822790_11303526453_11303526454_248766831_#2more,0,0.0,0,15.0,2
955.0,GS_cluster_10123822790_11303526453_11303526454_248766831_#2more,0,0.0,0,16.0,3
956.0,GS_cluster_10123822790_11303526453_11303526454_248766831_#2more,0,0.0,0,17.0,3
957.0,GS_cluster_10123822790_11303526453_11303526454_248766831_#2more,1,1.0,0,18.0,2
958.0,GS_cluster_10123822790_11303526453_11303526454_248766831_#2more,1,2.0,0,19.0,2
959.0,GS_cluster_10123822790_11303526453_11303526454_248766831_#2more,2,4.0,1,1.0,2
960.0,GS_cluster_10123822790_11303526453_11303526454_248766831_#2more,2,6.0,1,2.0,2
961.0,GS_cluster_10123822790_11303526453_11303526454_248766831_#2more,2,8.0,1,3.0,2
962.0,GS_cluster_10123822790_11303526453_11303526454_248766831_#2more,2,10.0,1,4.0,3
963.0,GS_cluster_10123822790_11303526453_11303526454_248766831_#2more,2,12.0,1,5.0,3
964.0,GS_cluster_10123822790_11303526453_11303526454_248766831_#2more,2,14.0,1,6.0,3
965.0,GS_cluster_10123822790_11303526453_11303526454_248766831_#2more,2,16.0,2,1.0,3
966.0,GS_cluster_10123822790_11303526453_11303526454_248766831_#2more,2,18.0,2,2.0,3
967.0,GS_cluster_10123822790_11303526453_11303526454_248766831_#2more,2,20.0,2,3.0,3
968.0,GS_cluster_10123822790_11303526453_11303526454_248766831_#2more,2,22.0,2,4.0,4
969.0,GS_cluster_10123822790_11303526453_11303526454_248766831_#2more,2,24.0,2,5.0,4
970.0,GS_cluster_10123822790_11303526453_11303526454_248766831_#2more,2,26.0,2,6.0,4
971.0,GS_cluster_10123822790_11303526453_11303526454_248766831_#2more,2,28.0,2,7.0,5
972.0,GS_cluster_10123822790_11303526453_11303526454_248766831_#2more,2,30.0,2,8.0,5
973.0,GS_cluster_10123822790_11303526453_11303526454_248766831_#2more,2,32.0,2,9.0,5
974.0,GS_cluster_10123822790_11303526453_11303526454_248766831_#2more,3,35.0,2,10.0,6
975.0,GS_cluster_10123822790_11303526453_11303526454_248766831_#2more,3,38.0,2,11.0,6
976.0,GS_cluster_10123822790_11303526453_11303526454_248766831_#2more,3,41.0,2,12.0,6
977.0,GS_cluster_10123822790_11303526453_11303526454_248766831_#2more,4,45.0,2,13.0,6
978.0,GS_cluster_10123822790_11303526453_11303526454_248766831_#2more,4,49.0,3,1.0,6
979.0,GS_cluster_10123822790_11303526453_11303526454_248766831_#2more,5,54.0,3,2.0,6
980.0,GS_cluster_10123822790_11303526453_11303526454_248766831_#2more,5,59.0,3,3.0,6
981.0,GS_cluster_10123822790_11303526453_11303526454_248766831_#2more,5,64.0,3,4.0,6
982.0,GS_cluster_10123822790_11303526453_11303526454_248766831_#2more,6,70.0,3,5.0,7
983.0,GS_cluster_10123822790_11303526453_11303526454_248766831_#2more,6,76.0,3,6.0,7
984.0,GS_cluster_10123822790_11303526453_11303526454_248766831_#2more,5,54.0,4,1.0,7
985.0,GS_cluster_10123822790_11303526453_11303526454_248766831_#2more,5,33.0,4,2.0,8
986.0,GS_cluster_10123822790_11303526453_11303526454_248766831_#2more,4,33.0,4,3.0,8
987.0,GS_cluster_10123822790_11303526453_11303526454_248766831_#2more,4,37.0,4,4.0,7
988.0,GS_cluster_10123822790_11303526453_11303526454_248766831_#2more,5,42.0,4,5.0,7
989.0,GS_cluster_10123822790_11303526453_11303526454_248766831_#2more,5,47.0,4,6.0,7
990.0,GS_cluster_10123822790_11303526453_11303526454_248766831_#2more,5,52.0,4,7.0,6
991.0,GS_cluster_10123822790_11303526453_11303526454_248766831_#2more,5,57.0,4,8.0,6
992.0,GS_cluster_10123822790_11303526453_11303526454_248766831_#2more,5,62.0,4,9.0,6
993.0,GS_cluster_10123822790_11303526453_11303526454_248766831_#2more,5,67.0,4,10.0,6
994.0,GS_cluster_10123822790_11303526453_11303526454_248766831_#2more,5,72.0,4,11.0,6
995.0,GS_cluster_10123822790_11303526453_11303526454_248766831_#2more,5,77.0,4,12.0,6
996.0,GS_cluster_10123822790_11303526453_11303526454_248766831_#2more,5,82.0,4,13.0,6
997.0,GS_cluster_10123822790_11303526453_11303526454_248766831_#2more,5,87.0,5,1.0,6
998.0,GS_cluster_10123822790_11303526453_11303526454_248766831_#2more,5,92.0,5,2.0,6
999.0,GS_cluster_10123822790_11303526453_11303526454_248766831_#2more,5,97.0,5,3.0,6
1000.0,GS_cluster_10123822790_11303526453_11303526454_248766831_#2more,5,102.0,5,4.0,6
1001.0,GS_cluster_10123822790_11303526453_11303526454_248766831_#2more,5,107.0,5,5.0,6
1002.0,GS_cluster_10123822790_11303526453_11303526454_248766831_#2more,5,112.0,5,6.0,6
1003.0,GS_cluster_10123822790_11303526453_11303526454_248766831_#2more,3,60.0,0,1.0,4
1004.0,GS_cluster_10123822790_11303526453_11303526454_248766831_#2more,2,18.0,0,2.0,5
1005.0,GS_cluster_10123822790_11303526453_11303526454_248766831_#2more,1,2.0,0,3.0,5
1006.0,GS_cluster_10123822790_11303526453_11303526454_248766831_#2more,1,3.0,0,4.0,2
1007.0,GS_cluster_10123822790_11303526453_11303526454_248766831_#2more,1,4.0,0,5.0,2
1008.0,GS_cluster_10123822790_11303526453_11303526454_248766831_#2more,1,5.0,0,6.0,2
1009.0,GS_cluster_10123822790_11303526453_11303526454_248766831_#2more,1,6.0,0,7.0,4
1010.0,GS_cluster_10123822790_11303526453_11303526454_248766831_#2more,1,7.0,0,8.0,3
1011.0,GS_cluster_10123822790_11303526453_11303526454_248766831_#2more,1,8.0,0,9.0,1
1012.0,GS_cluster_10123822790_11303526453_11303526454_248766831_#2more,1,9.0,0,10.0,2
1013.0,GS_cluster_10123822790_11303526453_11303526454_248766831_#2more,1,10.0,0,11.0,1
1014.0,GS_cluster_10123822790_11303526453_11303526454_248766831_#2more,1,11.0,0,12.0,2
1015.0,GS_cluster_10123822790_11303526453_11303526454_248766831_#2more,1,12.0,0,13.0,4
1016.0,GS_cluster_10123822790_11303526453_11303526454_248766831_#2more,1,13.0,0,14.0,3
1017.0,GS_cluster_10123822790_11303526453_11303526454_248766831_#2more,1,14.0,0,15.0,3
1018.0,GS_cluster_10123822790_11303526453_11303526454_248766831_#2more,1,15.0,0,16.0,2
1019.0,GS_cluster_10123822790_11303526453_11303526454_248766831_#2more,1,16.0,0,17.0,2
1020.0,GS_cluster_10123822790_11303526453_11303526454_248766831_#2more,1,17.0,0,18.0,2
1021.0,GS_cluster_10123822790_11303526453_11303526454_248766831_#2more,1,18.0,1,1.0,2
1022.0,GS_cluster_10123822790_11303526453_11303526454_248766831_#2more,1,19.0,1,2.0,3
1023.0,GS_cluster_10123822790_11303526453_11303526454_248766831_#2more,1,20.0,1,3.0,3
1024.0,GS_cluster_10123822790_11303526453_11303526454_248766831_#2more,1,21.0,1,4.0,4
1025.0,GS_cluster_10123822790_11303526453_11303526454_248766831_#2more,1,22.0,1,5.0,4
1026.0,GS_cluster_10123822790_11303526453_11303526454_248766831_#2more,1,23.0,1,6.0,4
1027.0,GS_cluster_10123822790_11303526453_11303526454_248766831_#2more,2,25.0,2,1.0,4
1028.0,GS_cluster_10123822790_11303526453_11303526454_248766831_#2more,2,27.0,2,2.0,4
1029.0,GS_cluster_10123822790_11303526453_11303526454_248766831_#2more,2,29.0,2,3.0,4
1030.0,GS_cluster_10123822790_11303526453_11303526454_248766831_#2more,2,31.0,2,4.0,4
1031.0,GS_cluster_10123822790_11303526453_11303526454_248766831_#2more,3,34.0,2,5.0,4
1032.0,GS_cluster_10123822790_11303526453_11303526454_248766831_#2more,3,37.0,2,6.0,4
1033.0,GS_cluster_10123822790_11303526453_11303526454_248766831_#2more,3,40.0,2,7.0,4
1034.0,GS_cluster_10123822790_11303526453_11303526454_248766831_#2more,4,44.0,2,8.0,4
1035.0,GS_cluster_10123822790_11303526453_11303526454_248766831_#2more,4,48.0,2,9.0,4
1036.0,GS_cluster_10123822790_11303526453_11303526454_248766831_#2more,4,52.0,2,10.0,4
1037.0,GS_cluster_10123822790_11303526453_11303526454_248766831_#2more,4,56.0,2,11.0,4
1038.0,GS_cluster_10123822790_11303526453_11303526454_248766831_#2more,4,60.0,2,12.0,4
1039.0,GS_cluster_10123822790_11303526453_11303526454_248766831_#2more,4,64.0,2,13.0,4
1040.0,GS_cluster_10123822790_11303526453_11303526454_248766831_#2more,4,68.0,3,1.0,4
1041.0,GS_cluster_10123822790_11303526453_11303526454_248766831_#2more,4,72.0,3,2.0,4
1042.0,GS_cluster_10123822790_11303526453_11303526454_248766831_#2more,4,76.0,3,3.0,4
1043.0,GS_cluster_10123822790_11303526453_11303526454_248766831_#2more,4,80.0,3,4.0,4
1044.0,GS_cluster_10123822790_11303526453_11303526454_248766831_#2more,4,84.0,3,5.0,4
1045.0,GS_cluster_10123822790_11303526453_11303526454_248766831_#2more,4,88.0,3,6.0,4
1046.0,GS_cluster_10123822790_11303526453_11303526454_248766831_#2more,3,49.0,4,1.0,3
1047.0,GS_cluster_10123822790_11303526453_11303526454_248766831_#2more,2,38.0,4,2.0,3
1048.0,GS_cluster_10123822790_11303526453_11303526454_248766831_#2more,2,40.0,4,3.0,3
1049.0,GS_cluster_10123822790_11303526453_11303526454_248766831_#2more,2,42.0,4,4.0,3
1050.0,GS_cluster_10123822790_11303526453_11303526454_248766831_#2more,2,44.0,4,5.0,2
1051.0,GS_cluster_10123822790_11303526453_11303526454_248766831_#2more,2,46.0,4,6.0,2
1052.0,GS_cluster_10123822790_11303526453_11303526454_248766831_#2more,2,48.0,4,7.0,2
1053.0,GS_cluster_10123822790_11303526453_11303526454_248766831_#2more,2,50.0,4,8.0,2
1054.0,GS_cluster_10123822790_11303526453_11303526454_248766831_#2more,2,52.0,4,9.0,2
1055.0,GS_cluster_10123822790_11303526453_11303526454_248766831_#2more,2,54.0,4,10.0,2
1056.0,GS_cluster_10123822790_11303526453_11303526454_248766831_#2more,2,56.0,4,11.0,2
1057.0,GS_cluster_10123822790_11303526453_11303526454_248766831_#2more,2,58.0,4,12.0,2
1058.0,GS_cluster_10123822790_11303526453_11303526454_248766831_#2more,2,60.0,4,13.0,2
1059.0,GS_cluster_10123822790_11303526453_11303526454_248766831_#2more,2,62.0,5,1.0,2
1060.0,GS_cluster_10123822790_11303526453_11303526454_248766831_#2more,2,64.0,5,2.0,2
1061.0,GS_cluster_10123822790_11303526453_11303526454_248766831_#2more,2,66.0,5,3.0,3
1062.0,GS_cluster_10123822790_11303526453_11303526454_248766831_#2more,2,68.0,5,4.0,3
1063.0,GS_cluster_10123822790_11303526453_11303526454_248766831_#2more,2,70.0,5,5.0,3
1064.0,GS_cluster_10123822790_11303526453_11303526454_248766831_#2more,2,72.0,5,6.0,3
1065.0,GS_cluster_10123822790_11303526453_11303526454_248766831_#2more,1,35.0,0,1.0,2
1066.0,GS_cluster_10123822790_11303526453_11303526454_248766831_#2more,0,0.0,0,2.0,2
1067.0,GS_cluster_10123822790_11303526453_11303526454_248766831_#2more,0,0.0,0,3.0,4
1068.0,GS_cluster_10123822790_11303526453_11303526454_248766831_#2more,0,0.0,0,4.0,4
1069.0,GS_cluster_10123822790_11303526453_11303526454_248766831_#2more,0,0.0,0,5.0,5
1070.0,GS_cluster_10123822790_11303526453_11303526454_248766831_#2more,0,0.0,0,6.0,6
1071.0,GS_cluster_10123822790_11303526453_11303526454_248766831_#2more,0,0.0,0,7.0,5
1072.0,GS_cluster_10123822790_11303526453_11303526454_248766831_#2more,0,0.0,0,8.0,5
1073.0,GS_cluster_10123822790_11303526453_11303526454_248766831_#2more,0,0.0,0,9.0,4
1074.0,GS_cluster_10123822790_11303526453_11303526454_248766831_#2more,0,0.0,0,10.0,4
1075.0,GS_cluster_10123822790_11303526453_11303526454_248766831_#2more,0,0.0,0,11.0,4
1076.0,GS_cluster_10123822790_11303526453_11303526454_248766831_#2more,0,0.0,0,12.0,4
1077.0,GS_cluster_10123822790_11303526453_11303526454_248766831_#2more,0,0.0,0,13.0,5
1078.0,GS_cluster_10123822790_11303526453_11303526454_248766831_#2more,0,0.0,0,14.0,5
1079.0,GS_cluster_10123822790_11303526453_11303526454_248766831_#2more,0,0.0,0,15.0,4
1080.0,GS_cluster_10123822790_11303526453_11303526454_248766831_#2more,0,0.0,0,16.0,5
1081.0,GS_cluster_10123822790_11303526453_11303526454_248766831_#2more,0,0.0,0,17.0,5
1082.0,GS_cluster_10123822790_11303526453_11303526454_248766831_#2more,0,0.0,0,18.0,5
1083.0,GS_cluster_10123822790_11303526453_11303526454_248766831_#2more,0,0.0,0,19.0,6
1084.0,GS_cluster_10123822790_11303526453_11303526454_248766831_#2more,1,1.0,0,20.0,7
1085.0,GS_cluster_10123822790_11303526453_11303526454_248766831_#2more,2,3.0,0,21.0,6
1086.0,GS_cluster_10123822790_11303526453_11303526454_248766831_#2more,2,5.0,0,22.0,6
1087.0,GS_cluster_10123822790_11303526453_11303526454_248766831_#2more,3,8.0,0,23.0,5
1088.0,GS_cluster_10123822790_11303526453_11303526454_248766831_#2more,3,11.0,0,24.0,4
1089.0,GS_cluster_10123822790_11303526453_11303526454_248766831_#2more,4,15.0,0,25.0,5
1090.0,GS_cluster_10123822790_11303526453_11303526454_248766831_#2more,4,19.0,0,26.0,5
1091.0,GS_cluster_10123822790_11303526453_11303526454_248766831_#2more,4,23.0,0,27.0,4
1092.0,GS_cluster_10123822790_11303526453_11303526454_248766831_#2more,4,27.0,0,28.0,4
1093.0,GS_cluster_10123822790_11303526453_11303526454_248766831_#2more,4,31.0,0,29.0,5
1094.0,GS_cluster_10123822790_11303526453_11303526454_248766831_#2more,4,35.0,0,30.0,4
1095.0,GS_cluster_10123822790_11303526453_11303526454_248766831_#2more,4,39.0,0,31.0,7
1096.0,GS_cluster_10123822790_11303526453_11303526454_248766831_#2more,4,43.0,0,32.0,7
1097.0,GS_cluster_10123822790_11303526453_11303526454_248766831_#2more,4,47.0,0,33.0,5
1098.0,GS_cluster_10123822790_11303526453_11303526454_248766831_#2more,4,51.0,0,34.0,6
1099.0,GS_cluster_10123822790_11303526453_11303526454_248766831_#2more,4,55.0,0,35.0,5
1100.0,GS_cluster_10123822790_11303526453_11303526454_248766831_#2more,4,59.0,0,36.0,4
1101.0,GS_cluster_10123822790_11303526453_11303526454_248766831_#2more,4,63.0,0,37.0,5
1102.0,GS_cluster_10123822790_11303526453_11303526454_248766831_#2more,4,67.0,0,38.0,5
1103.0,GS_cluster_10123822790_11303526453_11303526454_248766831_#2more,4,71.0,0,39.0,5
1104.0,GS_cluster_10123822790_11303526453_11303526454_248766831_#2more,4,75.0,0,40.0,7
1105.0,GS_cluster_10123822790_11303526453_11303526454_248766831_#2more,4,79.0,0,41.0,6
1106.0,GS_cluster_10123822790_11303526453_11303526454_248766831_#2more,4,83.0,0,42.0,6
1107.0,GS_cluster_10123822790_11303526453_11303526454_248766831_#2more,4,87.0,0,43.0,5
1108.0,GS_cluster_10123822790_11303526453_11303526454_248766831_#2more,4,91.0,0,44.0,5
1109.0,GS_cluster_10123822790_11303526453_11303526454_248766831_#2more,4,95.0,0,45.0,5
1110.0,GS_cluster_10123822790_11303526453_11303526454_248766831_#2more,4,99.0,0,46.0,4
1111.0,GS_cluster_10123822790_11303526453_11303526454_248766831_#2more,4,103.0,0,47.0,5
1112.0,GS_cluster_10123822790_11303526453_11303526454_248766831_#2more,4,107.0,0,48.0,4
1113.0,GS_cluster_10123822790_11303526453_11303526454_248766831_#2more,4,111.0,0,49.0,4
1114.0,GS_cluster_10123822790_11303526453_11303526454_248766831_#2more,4,115.0,0,50.0,4
1115.0,GS_cluster_10123822790_11303526453_11303526454_248766831_#2more,4,119.0,1,1.0,4
1116.0,GS_cluster_10123822790_11303526453_11303526454_248766831_#2more,4,123.0,1,2.0,4
1117.0,GS_cluster_10123822790_11303526453_11303526454_248766831_#2more,4,127.0,1,3.0,4
1118.0,GS_cluster_10123822790_11303526453_11303526454_248766831_#2more,4,131.0,1,4.0,4
1119.0,GS_cluster_10123822790_11303526453_11303526454_248766831_#2more,4,135.0,1,5.0,4
1120.0,GS_cluster_10123822790_11303526453_11303526454_248766831_#2more,4,139.0,1,6.0,4
1121.0,GS_cluster_10123822790_11303526453_11303526454_248766831_#2more,4,143.0,2,1.0,4
1122.0,GS_cluster_10123822790_11303526453_11303526454_248766831_#2more,4,147.0,2,2.0,5
1123.0,GS_cluster_10123822790_11303526453_11303526454_248766831_#2more,4,151.0,2,3.0,5
1124.0,GS_cluster_10123822790_11303526453_11303526454_248766831_#2more,4,155.0,2,4.0,6
1125.0,GS_cluster_10123822790_11303526453_11303526454_248766831_#2more,4,159.0,2,5.0,6
1126.0,GS_cluster_10123822790_11303526453_11303526454_248766831_#2more,4,163.0,2,6.0,6
1127.0,GS_cluster_10123822790_11303526453_11303526454_248766831_#2more,4,167.0,2,7.0,7
1128.0,GS_cluster_10123822790_11303526453_11303526454_248766831_#2more,4,171.0,2,8.0,7
1129.0,GS_cluster_10123822790_11303526453_11303526454_248766831_#2more,4,175.0,2,9.0,7
1130.0,GS_cluster_10123822790_11303526453_11303526454_248766831_#2more,4,179.0,2,10.0,8
1131.0,GS_cluster_10123822790_11303526453_11303526454_248766831_#2more,4,183.0,2,11.0,8
1132.0,GS_cluster_10123822790_11303526453_11303526454_248766831_#2more,4,187.0,2,12.0,9
1133.0,GS_cluster_10123822790_11303526453_11303526454_248766831_#2more,4,191.0,2,13.0,9
1134.0,GS_cluster_10123822790_11303526453_11303526454_248766831_#2more,4,195.0,2,14.0,9
1135.0,GS_cluster_10123822790_11303526453_11303526454_248766831_#2more,4,199.0,3,1.0,10
1136.0,GS_cluster_10123822790_11303526453_11303526454_248766831_#2more,5,204.0,3,2.0,10
1137.0,GS_cluster_10123822790_11303526453_11303526454_248766831_#2more,5,209.0,3,3.0,11
1138.0,GS_cluster_10123822790_11303526453_11303526454_248766831_#2more,6,215.0,3,4.0,11
1139.0,GS_cluster_10123822790_11303526453_11303526454_248766831_#2more,6,221.0,3,5.0,11
1140.0,GS_cluster_10123822790_11303526453_11303526454_248766831_#2more,6,227.0,3,6.0,11
1141.0,GS_cluster_10123822790_11303526453_11303526454_248766831_#2more,7,177.0,4,1.0,10
1142.0,GS_cluster_10123822790_11303526453_11303526454_248766831_#2more,8,128.0,4,2.0,10
1143.0,GS_cluster_10123822790_11303526453_11303526454_248766831_#2more,7,79.0,4,3.0,10
1144.0,GS_cluster_10123822790_11303526453_11303526454_248766831_#2more,7,31.0,4,4.0,9
1145.0,GS_cluster_10123822790_11303526453_11303526454_248766831_#2more,6,33.0,4,5.0,9
1146.0,GS_cluster_10123822790_11303526453_11303526454_248766831_#2more,5,34.0,4,6.0,8
1147.0,GS_cluster_10123822790_11303526453_11303526454_248766831_#2more,4,35.0,4,7.0,9
1148.0,GS_cluster_10123822790_11303526453_11303526454_248766831_#2more,4,39.0,4,8.0,10
1149.0,GS_cluster_10123822790_11303526453_11303526454_248766831_#2more,4,43.0,4,9.0,9
1150.0,GS_cluster_10123822790_11303526453_11303526454_248766831_#2more,4,47.0,4,10.0,10
1151.0,GS_cluster_10123822790_11303526453_11303526454_248766831_#2more,4,51.0,4,11.0,9
1152.0,GS_cluster_10123822790_11303526453_11303526454_248766831_#2more,5,56.0,4,12.0,10
1153.0,GS_cluster_10123822790_11303526453_11303526454_248766831_#2more,5,61.0,4,13.0,9
1154.0,GS_cluster_10123822790_11303526453_11303526454_248766831_#2more,5,66.0,4,14.0,10
1155.0,GS_cluster_10123822790_11303526453_11303526454_248766831_#2more,7,73.0,4,15.0,9
1156.0,GS_cluster_10123822790_11303526453_11303526454_248766831_#2more,7,80.0,4,16.0,9
1157.0,GS_cluster_10123822790_11303526453_11303526454_248766831_#2more,7,87.0,5,1.0,11
1158.0,GS_cluster_10123822790_11303526453_11303526454_248766831_#2more,8,95.0,5,2.0,11
1159.0,GS_cluster_10123822790_11303526453_11303526454_248766831_#2more,9,104.0,5,3.0,11
1160.0,GS_cluster_10123822790_11303526453_11303526454_248766831_#2more,10,114.0,5,4.0,11
1161.0,GS_cluster_10123822790_11303526453_11303526454_248766831_#2more,10,124.0,5,5.0,11
1162.0,GS_cluster_10123822790_11303526453_11303526454_248766831_#2more,11,135.0,5,6.0,11
1163.0,GS_cluster_10123822790_11303526453_11303526454_248766831_#2more,7,71.0,0,1.0,8
1164.0,GS_cluster_10123822790_11303526453_11303526454_248766831_#2more,3,31.0,0,2.0,8
1165.0,GS_cluster_10123822790_11303526453_11303526454_248766831_#2more,0,0.0,0,3.0,8
1166.0,GS_cluster_10123822790_11303526453_11303526454_248766831_#2more,0,0.0,0,4.0,6
1167.0,GS_cluster_10123822790_11303526453_11303526454_248766831_#2more,0,0.0,0,5.0,4
1168.0,GS_cluster_10123822790_11303526453_11303526454_248766831_#2more,0,0.0,0,6.0,4
1169.0,GS_cluster_10123822790_11303526453_11303526454_248766831_#2more,0,0.0,0,7.0,2
1170.0,GS_cluster_10123822790_11303526453_11303526454_248766831_#2more,0,0.0,0,8.0,2
1171.0,GS_cluster_10123822790_11303526453_11303526454_248766831_#2more,0,0.0,0,9.0,2
1172.0,GS_cluster_10123822790_11303526453_11303526454_248766831_#2more,0,0.0,0,10.0,2
1173.0,GS_cluster_10123822790_11303526453_11303526454_248766831_#2more,0,0.0,0,11.0,3
1174.0,GS_cluster_10123822790_11303526453_11303526454_248766831_#2more,1,1.0,0,12.0,3
1175.0,GS_cluster_10123822790_11303526453_11303526454_248766831_#2more,1,2.0,0,13.0,3
1176.0,GS_cluster_10123822790_11303526453_11303526454_248766831_#2more,2,4.0,0,14.0,3
1177.0,GS_cluster_10123822790_11303526453_11303526454_248766831_#2more,2,6.0,0,15.0,4
1178.0,GS_cluster_10123822790_11303526453_11303526454_248766831_#2more,3,9.0,0,16.0,4
1179.0,GS_cluster_10123822790_11303526453_11303526454_248766831_#2more,3,12.0,0,17.0,4
1180.0,GS_cluster_10123822790_11303526453_11303526454_248766831_#2more,3,15.0,0,18.0,4
1181.0,GS_cluster_10123822790_11303526453_11303526454_248766831_#2more,3,18.0,0,19.0,5
1182.0,GS_cluster_10123822790_11303526453_11303526454_248766831_#2more,3,21.0,0,20.0,5
1183.0,GS_cluster_10123822790_11303526453_11303526454_248766831_#2more,3,24.0,0,21.0,6
1184.0,GS_cluster_10123822790_11303526453_11303526454_248766831_#2more,3,27.0,0,22.0,6
1185.0,GS_cluster_10123822790_11303526453_11303526454_248766831_#2more,4,31.0,0,23.0,6
1186.0,GS_cluster_10123822790_11303526453_11303526454_248766831_#2more,4,35.0,0,24.0,6
1187.0,GS_cluster_10123822790_11303526453_11303526454_248766831_#2more,4,39.0,1,1.0,7
1188.0,GS_cluster_10123822790_11303526453_11303526454_248766831_#2more,4,43.0,1,2.0,8
1189.0,GS_cluster_10123822790_11303526453_11303526454_248766831_#2more,5,48.0,1,3.0,7
1190.0,GS_cluster_10123822790_11303526453_11303526454_248766831_#2more,5,53.0,1,4.0,7
1191.0,GS_cluster_10123822790_11303526453_11303526454_248766831_#2more,6,59.0,1,5.0,7
1192.0,GS_cluster_10123822790_11303526453_11303526454_248766831_#2more,6,65.0,1,6.0,7
1193.0,GS_cluster_10123822790_11303526453_11303526454_248766831_#2more,4,42.0,2,1.0,5
1194.0,GS_cluster_10123822790_11303526453_11303526454_248766831_#2more,3,22.0,2,2.0,5
1195.0,GS_cluster_10123822790_11303526453_11303526454_248766831_#2more,1,2.0,2,3.0,5
1196.0,GS_cluster_10123822790_11303526453_11303526454_248766831_#2more,1,3.0,2,4.0,3
1197.0,GS_cluster_10123822790_11303526453_11303526454_248766831_#2more,1,4.0,2,5.0,4
1198.0,GS_cluster_10123822790_11303526453_11303526454_248766831_#2more,1,5.0,2,6.0,4
1199.0,GS_cluster_10123822790_11303526453_11303526454_248766831_#2more,1,6.0,2,7.0,3
1200.0,GS_cluster_10123822790_11303526453_11303526454_248766831_#2more,1,7.0,2,8.0,3
1201.0,GS_cluster_10123822790_11303526453_11303526454_248766831_#2more,1,8.0,2,9.0,4
1202.0,GS_cluster_10123822790_11303526453_11303526454_248766831_#2more,1,9.0,2,10.0,5
1203.0,GS_cluster_10123822790_11303526453_11303526454_248766831_#2more,2,11.0,2,11.0,6
1204.0,GS_cluster_10123822790_11303526453_11303526454_248766831_#2more,2,13.0,2,12.0,6
1205.0,GS_cluster_10123822790_11303526453_11303526454_248766831_#2more,3,16.0,2,13.0,7
1206.0,GS_cluster_10123822790_11303526453_11303526454_248766831_#2more,5,21.0,2,14.0,7
1207.0,GS_cluster_10123822790_11303526453_11303526454_248766831_#2more,6,27.0,2,15.0,7
1208.0,GS_cluster_10123822790_11303526453_11303526454_248766831_#2more,6,33.0,3,1.0,7
1209.0,GS_cluster_10123822790_11303526453_11303526454_248766831_#2more,7,40.0,3,2.0,7
1210.0,GS_cluster_10123822790_11303526453_11303526454_248766831_#2more,7,47.0,3,3.0,7
1211.0,GS_cluster_10123822790_11303526453_11303526454_248766831_#2more,7,54.0,3,4.0,7
1212.0,GS_cluster_10123822790_11303526453_11303526454_248766831_#2more,7,61.0,3,5.0,7
1213.0,GS_cluster_10123822790_11303526453_11303526454_248766831_#2more,7,68.0,3,6.0,7
1214.0,GS_cluster_10123822790_11303526453_11303526454_248766831_#2more,7,75.0,4,1.0,7
1215.0,GS_cluster_10123822790_11303526453_11303526454_248766831_#2more,7,82.0,4,2.0,7
1216.0,GS_cluster_10123822790_11303526453_11303526454_248766831_#2more,7,89.0,4,3.0,7
1217.0,GS_cluster_10123822790_11303526453_11303526454_248766831_#2more,7,96.0,4,4.0,7
1218.0,GS_cluster_10123822790_11303526453_11303526454_248766831_#2more,7,103.0,4,5.0,7
1219.0,GS_cluster_10123822790_11303526453_11303526454_248766831_#2more,7,110.0,4,6.0,7
1220.0,GS_cluster_10123822790_11303526453_11303526454_248766831_#2more,7,117.0,4,7.0,7
1221.0,GS_cluster_10123822790_11303526453_11303526454_248766831_#2more,7,124.0,4,8.0,7
1222.0,GS_cluster_10123822790_11303526453_11303526454_248766831_#2more,7,131.0,4,9.0,7
1223.0,GS_cluster_10123822790_11303526453_11303526454_248766831_#2more,7,138.0,4,10.0,7
1224.0,GS_cluster_10123822790_11303526453_11303526454_248766831_#2more,7,145.0,4,11.0,8
1225.0,GS_cluster_10123822790_11303526453_11303526454_248766831_#2more,7,152.0,4,12.0,9
1226.0,GS_cluster_10123822790_11303526453_11303526454_248766831_#2more,7,159.0,4,13.0,9
1227.0,GS_cluster_10123822790_11303526453_11303526454_248766831_#2more,7,166.0,5,1.0,9
1228.0,GS_cluster_10123822790_11303526453_11303526454_248766831_#2more,7,173.0,5,2.0,9
1229.0,GS_cluster_10123822790_11303526453_11303526454_248766831_#2more,8,181.0,5,3.0,10
1230.0,GS_cluster_10123822790_11303526453_11303526454_248766831_#2more,8,189.0,5,4.0,10
1231.0,GS_cluster_10123822790_11303526453_11303526454_248766831_#2more,8,197.0,5,5.0,11
1232.0,GS_cluster_10123822790_11303526453_11303526454_248766831_#2more,9,206.0,5,6.0,11
1233.0,GS_cluster_10123822790_11303526453_11303526454_248766831_#2more,6,115.0,0,1.0,9
1234.0,GS_cluster_10123822790_11303526453_11303526454_248766831_#2more,4,58.0,0,2.0,9
1235.0,GS_cluster_10123822790_11303526453_11303526454_248766831_#2more,2,3.0,0,3.0,9
1236.0,GS_cluster_10123822790_11303526453_11303526454_248766831_#2more,1,2.0,0,4.0,6
1237.0,GS_cluster_10123822790_11303526453_11303526454_248766831_#2more,0,0.0,0,5.0,6
1238.0,GS_cluster_10123822790_11303526453_11303526454_248766831_#2more,0,0.0,0,6.0,6
1239.0,GS_cluster_10123822790_11303526453_11303526454_248766831_#2more,0,0.0,0,7.0,4
1240.0,GS_cluster_10123822790_11303526453_11303526454_248766831_#2more,0,0.0,0,8.0,4
1241.0,GS_cluster_10123822790_11303526453_11303526454_248766831_#2more,0,0.0,0,9.0,4
1242.0,GS_cluster_10123822790_11303526453_11303526454_248766831_#2more,0,0.0,0,10.0,6
1243.0,GS_cluster_10123822790_11303526453_11303526454_248766831_#2more,0,0.0,0,11.0,6
1244.0,GS_cluster_10123822790_11303526453_11303526454_248766831_#2more,0,0.0,0,12.0,6
1245.0,GS_cluster_10123822790_11303526453_11303526454_248766831_#2more,0,0.0,0,13.0,7
1246.0,GS_cluster_10123822790_11303526453_11303526454_248766831_#2more,0,0.0,0,14.0,6
1247.0,GS_cluster_10123822790_11303526453_11303526454_248766831_#2more,0,0.0,0,15.0,7
1248.0,GS_cluster_10123822790_11303526453_11303526454_248766831_#2more,1,1.0,0,16.0,7
1249.0,GS_cluster_10123822790_11303526453_11303526454_248766831_#2more,1,2.0,0,17.0,7
1250.0,GS_cluster_10123822790_11303526453_11303526454_248766831_#2more,2,4.0,0,18.0,8
1251.0,GS_cluster_10123822790_11303526453_11303526454_248766831_#2more,3,7.0,0,19.0,8
1252.0,GS_cluster_10123822790_11303526453_11303526454_248766831_#2more,3,10.0,0,20.0,7
1253.0,GS_cluster_10123822790_11303526453_11303526454_248766831_#2more,3,13.0,0,21.0,7
1254.0,GS_cluster_10123822790_11303526453_11303526454_248766831_#2more,3,16.0,1,1.0,7
1255.0,GS_cluster_10123822790_11303526453_11303526454_248766831_#2more,3,19.0,1,2.0,7
1256.0,GS_cluster_10123822790_11303526453_11303526454_248766831_#2more,3,22.0,1,3.0,7
1257.0,GS_cluster_10123822790_11303526453_11303526454_248766831_#2more,3,25.0,1,4.0,7
1258.0,GS_cluster_10123822790_11303526453_11303526454_248766831_#2more,3,28.0,1,5.0,7
1259.0,GS_cluster_10123822790_11303526453_11303526454_248766831_#2more,3,31.0,1,6.0,8
1260.0,GS_cluster_10123822790_11303526453_11303526454_248766831_#2more,2,21.0,2,1.0,7
1261.0,GS_cluster_10123822790_11303526453_11303526454_248766831_#2more,1,11.0,2,2.0,8
1262.0,GS_cluster_10123822790_11303526453_11303526454_248766831_#2more,0,0.0,2,3.0,9
1263.0,GS_cluster_10123822790_11303526453_11303526454_248766831_#2more,1,1.0,2,4.0,8
1264.0,GS_cluster_10123822790_11303526453_11303526454_248766831_#2more,2,3.0,2,5.0,8
1265.0,GS_cluster_10123822790_11303526453_11303526454_248766831_#2more,3,6.0,2,6.0,8
1266.0,GS_cluster_10123822790_11303526453_11303526454_248766831_#2more,3,9.0,2,7.0,7
1267.0,GS_cluster_10123822790_11303526453_11303526454_248766831_#2more,4,13.0,2,8.0,7
1268.0,GS_cluster_10123822790_11303526453_11303526454_248766831_#2more,4,17.0,2,9.0,7
1269.0,GS_cluster_10123822790_11303526453_11303526454_248766831_#2more,6,23.0,2,10.0,8
1270.0,GS_cluster_10123822790_11303526453_11303526454_248766831_#2more,7,30.0,2,11.0,8
1271.0,GS_cluster_10123822790_11303526453_11303526454_248766831_#2more,7,37.0,2,12.0,10
1272.0,GS_cluster_10123822790_11303526453_11303526454_248766831_#2more,7,44.0,2,13.0,10
1273.0,GS_cluster_10123822790_11303526453_11303526454_248766831_#2more,8,52.0,2,14.0,11
1274.0,GS_cluster_10123822790_11303526453_11303526454_248766831_#2more,8,60.0,2,15.0,12
1275.0,GS_cluster_10123822790_11303526453_11303526454_248766831_#2more,9,69.0,2,16.0,12
1276.0,GS_cluster_10123822790_11303526453_11303526454_248766831_#2more,10,79.0,2,17.0,13
1277.0,GS_cluster_10123822790_11303526453_11303526454_248766831_#2more,10,89.0,2,18.0,13
1278.0,GS_cluster_10123822790_11303526453_11303526454_248766831_#2more,10,99.0,3,1.0,14
1279.0,GS_cluster_10123822790_11303526453_11303526454_248766831_#2more,11,110.0,3,2.0,14
1280.0,GS_cluster_10123822790_11303526453_11303526454_248766831_#2more,12,122.0,3,3.0,15
1281.0,GS_cluster_10123822790_11303526453_11303526454_248766831_#2more,13,135.0,3,4.0,15
1282.0,GS_cluster_10123822790_11303526453_11303526454_248766831_#2more,13,148.0,3,5.0,15
1283.0,GS_cluster_10123822790_11303526453_11303526454_248766831_#2more,14,162.0,3,6.0,15
1284.0,GS_cluster_10123822790_11303526453_11303526454_248766831_#2more,13,154.0,4,1.0,14
1285.0,GS_cluster_10123822790_11303526453_11303526454_248766831_#2more,12,146.0,4,2.0,14
1286.0,GS_cluster_10123822790_11303526453_11303526454_248766831_#2more,12,141.0,4,3.0,14
1287.0,GS_cluster_10123822790_11303526453_11303526454_248766831_#2more,11,135.0,4,4.0,14
1288.0,GS_cluster_10123822790_11303526453_11303526454_248766831_#2more,11,146.0,4,5.0,13
1289.0,GS_cluster_10123822790_11303526453_11303526454_248766831_#2more,11,157.0,4,6.0,13
1290.0,GS_cluster_10123822790_11303526453_11303526454_248766831_#2more,11,168.0,4,7.0,12
1291.0,GS_cluster_10123822790_11303526453_11303526454_248766831_#2more,11,179.0,4,8.0,12
1292.0,GS_cluster_10123822790_11303526453_11303526454_248766831_#2more,11,190.0,4,9.0,11
1293.0,GS_cluster_10123822790_11303526453_11303526454_248766831_#2more,11,201.0,4,10.0,11
1294.0,GS_cluster_10123822790_11303526453_11303526454_248766831_#2more,11,212.0,4,11.0,11
1295.0,GS_cluster_10123822790_11303526453_11303526454_248766831_#2more,11,223.0,4,12.0,12
1296.0,GS_cluster_10123822790_11303526453_11303526454_248766831_#2more,11,234.0,4,13.0,12
1297.0,GS_cluster_10123822790_11303526453_11303526454_248766831_#2more,11,245.0,5,1.0,13
1298.0,GS_cluster_10123822790_11303526453_11303526454_248766831_#2more,11,256.0,5,2.0,13
1299.0,GS_cluster_10123822790_11303526453_11303526454_248766831_#2more,12,268.0,5,3.0,14
1300.0,GS_cluster_10123822790_11303526453_11303526454_248766831_#2more,12,280.0,5,4.0,14
1301.0,GS_cluster_10123822790_11303526453_11303526454_248766831_#2more,12,292.0,5,5.0,14
1302.0,GS_cluster_10123822790_11303526453_11303526454_248766831_#2more,12,304.0,5,6.0,15
1303.0,GS_cluster_10123822790_11303526453_11303526454_248766831_#2more,8,188.0,0,1.0,11
1304.0,GS_cluster_10123822790_11303526453_11303526454_248766831_#2more,5,112.0,0,2.0,11
1305.0,GS_cluster_10123822790_11303526453_11303526454_248766831_#2more,2,57.0,0,3.0,12
1306.0,GS_cluster_10123822790_11303526453_11303526454_248766831_#2more,1,28.0,0,4.0,8
1307.0,GS_cluster_10123822790_11303526453_11303526454_248766831_#2more,0,0.0,0,5.0,8
1308.0,GS_cluster_10123822790_11303526453_11303526454_248766831_#2more,0,0.0,0,6.0,8
1309.0,GS_cluster_10123822790_11303526453_11303526454_248766831_#2more,0,0.0,0,7.0,5
1310.0,GS_cluster_10123822790_11303526453_11303526454_248766831_#2more,0,0.0,0,8.0,8
1311.0,GS_cluster_10123822790_11303526453_11303526454_248766831_#2more,0,0.0,0,9.0,5
1312.0,GS_cluster_10123822790_11303526453_11303526454_248766831_#2more,0,0.0,0,10.0,6
1313.0,GS_cluster_10123822790_11303526453_11303526454_248766831_#2more,0,0.0,0,11.0,4
1314.0,GS_cluster_10123822790_11303526453_11303526454_248766831_#2more,0,0.0,0,12.0,3
1315.0,GS_cluster_10123822790_11303526453_11303526454_248766831_#2more,0,0.0,0,13.0,3
1316.0,GS_cluster_10123822790_11303526453_11303526454_248766831_#2more,0,0.0,0,14.0,2
1317.0,GS_cluster_10123822790_11303526453_11303526454_248766831_#2more,0,0.0,0,15.0,1
1318.0,GS_cluster_10123822790_11303526453_11303526454_248766831_#2more,0,0.0,0,16.0,1
1319.0,GS_cluster_10123822790_11303526453_11303526454_248766831_#2more,0,0.0,0,17.0,1
1320.0,GS_cluster_10123822790_11303526453_11303526454_248766831_#2more,0,0.0,0,18.0,1
1321.0,GS_cluster_10123822790_11303526453_11303526454_248766831_#2more,0,0.0,0,19.0,0
1322.0,GS_cluster_10123822790_11303526453_11303526454_248766831_#2more,0,0.0,0,20.0,0
1323.0,GS_cluster_10123822790_11303526453_11303526454_248766831_#2more,0,0.0,1,1.0,0
1324.0,GS_cluster_10123822790_11303526453_11303526454_248766831_#2more,0,0.0,1,2.0,0
1325.0,GS_cluster_10123822790_11303526453_11303526454_248766831_#2more,0,0.0,1,3.0,0
1326.0,GS_cluster_10123822790_11303526453_11303526454_248766831_#2more,0,0.0,1,4.0,0
1327.0,GS_cluster_10123822790_11303526453_11303526454_248766831_#2more,0,0.0,1,5.0,0
1328.0,GS_cluster_10123822790_11303526453_11303526454_248766831_#2more,0,0.0,1,6.0,0
1329.0,GS_cluster_10123822790_11303526453_11303526454_248766831_#2more,0,0.0,2,1.0,0
1330.0,GS_cluster_10123822790_11303526453_11303526454_248766831_#2more,0,0.0,2,2.0,0
1331.0,GS_cluster_10123822790_11303526453_11303526454_248766831_#2more,0,0.0,2,3.0,0
1332.0,GS_cluster_10123822790_11303526453_11303526454_248766831_#2more,0,0.0,2,4.0,0
1333.0,GS_cluster_10123822790_11303526453_11303526454_248766831_#2more,0,0.0,2,5.0,0
1334.0,GS_cluster_10123822790_11303526453_11303526454_248766831_#2more,0,0.0,2,6.0,0
1335.0,GS_cluster_10123822790_11303526453_11303526454_248766831_#2more,0,0.0,2,7.0,0
1336.0,GS_cluster_10123822790_11303526453_11303526454_248766831_#2more,0,0.0,2,8.0,0
1337.0,GS_cluster_10123822790_11303526453_11303526454_248766831_#2more,0,0.0,2,9.0,0
1338.0,GS_cluster_10123822790_11303526453_11303526454_248766831_#2more,0,0.0,2,10.0,0
1339.0,GS_cluster_10123822790_11303526453_11303526454_248766831_#2more,0,0.0,2,11.0,0
1340.0,GS_cluster_10123822790_11303526453_11303526454_248766831_#2more,0,0.0,2,12.0,0
1341.0,GS_cluster_10123822790_11303526453_11303526454_248766831_#2more,0,0.0,2,13.0,0
1342.0,GS_cluster_10123822790_11303526453_11303526454_248766831_#2more,0,0.0,3,1.0,0
1343.0,GS_cluster_10123822790_11303526453_11303526454_248766831_#2more,0,0.0,3,2.0,0
1344.0,GS_cluster_10123822790_11303526453_11303526454_248766831_#2more,0,0.0,3,3.0,0
1345.0,GS_cluster_10123822790_11303526453_11303526454_248766831_#2more,0,0.0,3,4.0,0
1346.0,GS_cluster_10123822790_11303526453_11303526454_248766831_#2more,0,0.0,3,5.0,0
1347.0,GS_cluster_10123822790_11303526453_11303526454_248766831_#2more,0,0.0,3,6.0,0
1348.0,GS_cluster_10123822790_11303526453_11303526454_248766831_#2more,0,0.0,4,1.0,0
1349.0,GS_cluster_10123822790_11303526453_11303526454_248766831_#2more,0,0.0,4,2.0,0
1350.0,GS_cluster_10123822790_11303526453_11303526454_248766831_#2more,0,0.0,4,3.0,0
1351.0,GS_cluster_10123822790_11303526453_11303526454_248766831_#2more,0,0.0,4,4.0,1
1352.0,GS_cluster_10123822790_11303526453_11303526454_248766831_#2more,0,0.0,4,5.0,1
1353.0,GS_cluster_10123822790_11303526453_11303526454_248766831_#2more,0,0.0,4,6.0,2
1354.0,GS_cluster_10123822790_11303526453_11303526454_248766831_#2more,0,0.0,4,7.0,2
1355.0,GS_cluster_10123822790_11303526453_11303526454_248766831_#2more,0,0.0,4,8.0,3
1356.0,GS_cluster_10123822790_11303526453_11303526454_248766831_#2more,0,0.0,4,9.0,4
1357.0,GS_cluster_10123822790_11303526453_11303526454_248766831_#2more,0,0.0,4,10.0,5
1358.0,GS_cluster_10123822790_11303526453_11303526454_248766831_#2more,0,0.0,4,11.0,5
1359.0,GS_cluster_10123822790_11303526453_11303526454_248766831_#2more,0,0.0,4,12.0,5
1360.0,GS_cluster_10123822790_11303526453_11303526454_248766831_#2more,0,0.0,4,13.0,6
1361.0,GS_cluster_10123822790_11303526453_11303526454_248766831_#2more,0,0.0,5,1.0,7
1362.0,GS_cluster_10123822790_11303526453_11303526454_248766831_#2more,1,1.0,5,2.0,7
1363.0,GS_cluster_10123822790_11303526453_11303526454_248766831_#2more,1,2.0,5,3.0,8
1364.0,GS_cluster_10123822790_11303526453_11303526454_248766831_#2more,1,3.0,5,4.0,8
1365.0,GS_cluster_10123822790_11303526453_11303526454_248766831_#2more,2,5.0,5,5.0,9
1366.0,GS_cluster_10123822790_11303526453_11303526454_248766831_#2more,2,7.0,5,6.0,9
1367.0,GS_cluster_10123822790_11303526453_11303526454_248766831_#2more,1,3.0,0,1.0,7
1368.0,GS_cluster_10123822790_11303526453_11303526454_248766831_#2more,0,0.0,0,2.0,7
1369.0,GS_cluster_10123822790_11303526453_11303526454_248766831_#2more,0,0.0,0,3.0,8
1370.0,GS_cluster_10123822790_11303526453_11303526454_248766831_#2more,1,1.0,0,4.0,6
1371.0,GS_cluster_10123822790_11303526453_11303526454_248766831_#2more,1,2.0,0,5.0,5
1372.0,GS_cluster_10123822790_11303526453_11303526454_248766831_#2more,2,4.0,0,6.0,6
1373.0,GS_cluster_10123822790_11303526453_11303526454_248766831_#2more,2,6.0,0,7.0,7
1374.0,GS_cluster_10123822790_11303526453_11303526454_248766831_#2more,3,9.0,0,8.0,6
1375.0,GS_cluster_10123822790_11303526453_11303526454_248766831_#2more,3,12.0,0,9.0,5
1376.0,GS_cluster_10123822790_11303526453_11303526454_248766831_#2more,3,15.0,0,10.0,5
1377.0,GS_cluster_10123822790_11303526453_11303526454_248766831_#2more,4,19.0,0,11.0,5
1378.0,GS_cluster_10123822790_11303526453_11303526454_248766831_#2more,4,23.0,0,12.0,6
1379.0,GS_cluster_10123822790_11303526453_11303526454_248766831_#2more,5,28.0,0,13.0,7
1380.0,GS_cluster_10123822790_11303526453_11303526454_248766831_#2more,5,33.0,0,14.0,6
1381.0,GS_cluster_10123822790_11303526453_11303526454_248766831_#2more,5,38.0,0,15.0,7
1382.0,GS_cluster_10123822790_11303526453_11303526454_248766831_#2more,5,43.0,0,16.0,6
1383.0,GS_cluster_10123822790_11303526453_11303526454_248766831_#2more,5,48.0,0,17.0,6
1384.0,GS_cluster_10123822790_11303526453_11303526454_248766831_#2more,5,53.0,0,18.0,6
1385.0,GS_cluster_10123822790_11303526453_11303526454_248766831_#2more,5,58.0,0,19.0,5
1386.0,GS_cluster_10123822790_11303526453_11303526454_248766831_#2more,5,63.0,0,20.0,5
1387.0,GS_cluster_10123822790_11303526453_11303526454_248766831_#2more,5,68.0,1,1.0,5
1388.0,GS_cluster_10123822790_11303526453_11303526454_248766831_#2more,5,73.0,1,2.0,6
1389.0,GS_cluster_10123822790_11303526453_11303526454_248766831_#2more,5,78.0,1,3.0,6
1390.0,GS_cluster_10123822790_11303526453_11303526454_248766831_#2more,5,83.0,1,4.0,6
1391.0,GS_cluster_10123822790_11303526453_11303526454_248766831_#2more,5,88.0,1,5.0,7
1392.0,GS_cluster_10123822790_11303526453_11303526454_248766831_#2more,5,93.0,1,6.0,7
1393.0,GS_cluster_10123822790_11303526453_11303526454_248766831_#2more,5,98.0,2,1.0,7
1394.0,GS_cluster_10123822790_11303526453_11303526454_248766831_#2more,6,104.0,2,2.0,7
1395.0,GS_cluster_10123822790_11303526453_11303526454_248766831_#2more,6,110.0,2,3.0,7
1396.0,GS_cluster_10123822790_11303526453_11303526454_248766831_#2more,6,116.0,2,4.0,7
1397.0,GS_cluster_10123822790_11303526453_11303526454_248766831_#2more,7,123.0,2,5.0,8
1398.0,GS_cluster_10123822790_11303526453_11303526454_248766831_#2more,7,130.0,2,6.0,8
1399.0,GS_cluster_10123822790_11303526453_11303526454_248766831_#2more,7,137.0,2,7.0,8
1400.0,GS_cluster_10123822790_11303526453_11303526454_248766831_#2more,7,144.0,2,8.0,8
1401.0,GS_cluster_10123822790_11303526453_11303526454_248766831_#2more,8,152.0,2,9.0,9
1402.0,GS_cluster_10123822790_11303526453_11303526454_248766831_#2more,8,160.0,2,10.0,9
1403.0,GS_cluster_10123822790_11303526453_11303526454_248766831_#2more,8,168.0,2,11.0,10
1404.0,GS_cluster_10123822790_11303526453_11303526454_248766831_#2more,8,176.0,2,12.0,9
1405.0,GS_cluster_10123822790_11303526453_11303526454_248766831_#2more,8,184.0,2,13.0,9
1406.0,GS_cluster_10123822790_11303526453_11303526454_248766831_#2more,8,192.0,2,14.0,9
1407.0,GS_cluster_10123822790_11303526453_11303526454_248766831_#2more,8,200.0,2,15.0,9
1408.0,GS_cluster_10123822790_11303526453_11303526454_248766831_#2more,8,208.0,2,16.0,9
1409.0,GS_cluster_10123822790_11303526453_11303526454_248766831_#2more,8,216.0,2,17.0,10
1410.0,GS_cluster_10123822790_11303526453_11303526454_248766831_#2more,8,224.0,2,18.0,9
1411.0,GS_cluster_10123822790_11303526453_11303526454_248766831_#2more,8,232.0,3,1.0,10
1412.0,GS_cluster_10123822790_11303526453_11303526454_248766831_#2more,8,240.0,3,2.0,10
1413.0,GS_cluster_10123822790_11303526453_11303526454_248766831_#2more,8,248.0,3,3.0,11
1414.0,GS_cluster_10123822790_11303526453_11303526454_248766831_#2more,8,256.0,3,4.0,11
1415.0,GS_cluster_10123822790_11303526453_11303526454_248766831_#2more,8,264.0,3,5.0,11
1416.0,GS_cluster_10123822790_11303526453_11303526454_248766831_#2more,8,272.0,3,6.0,11
1417.0,GS_cluster_10123822790_11303526453_11303526454_248766831_#2more,7,232.0,4,1.0,10
1418.0,GS_cluster_10123822790_11303526453_11303526454_248766831_#2more,6,192.0,4,2.0,10
1419.0,GS_cluster_10123822790_11303526453_11303526454_248766831_#2more,5,152.0,4,3.0,10
1420.0,GS_cluster_10123822790_11303526453_11303526454_248766831_#2more,4,113.0,4,4.0,9
1421.0,GS_cluster_10123822790_11303526453_11303526454_248766831_#2more,3,74.0,4,5.0,9
1422.0,GS_cluster_10123822790_11303526453_11303526454_248766831_#2more,3,77.0,4,6.0,9
1423.0,GS_cluster_10123822790_11303526453_11303526454_248766831_#2more,3,80.0,4,7.0,8
1424.0,GS_cluster_10123822790_11303526453_11303526454_248766831_#2more,3,83.0,4,8.0,8
1425.0,GS_cluster_10123822790_11303526453_11303526454_248766831_#2more,3,86.0,4,9.0,7
1426.0,GS_cluster_10123822790_11303526453_11303526454_248766831_#2more,3,89.0,4,10.0,7
1427.0,GS_cluster_10123822790_11303526453_11303526454_248766831_#2more,3,92.0,4,11.0,7
1428.0,GS_cluster_10123822790_11303526453_11303526454_248766831_#2more,3,95.0,4,12.0,5
1429.0,GS_cluster_10123822790_11303526453_11303526454_248766831_#2more,3,98.0,4,13.0,6
1430.0,GS_cluster_10123822790_11303526453_11303526454_248766831_#2more,3,101.0,4,14.0,5
1431.0,GS_cluster_10123822790_11303526453_11303526454_248766831_#2more,3,104.0,5,1.0,6
1432.0,GS_cluster_10123822790_11303526453_11303526454_248766831_#2more,4,108.0,5,2.0,6
1433.0,GS_cluster_10123822790_11303526453_11303526454_248766831_#2more,4,112.0,5,3.0,6
1434.0,GS_cluster_10123822790_11303526453_11303526454_248766831_#2more,4,116.0,5,4.0,6
1435.0,GS_cluster_10123822790_11303526453_11303526454_248766831_#2more,4,120.0,5,5.0,6
1436.0,GS_cluster_10123822790_11303526453_11303526454_248766831_#2more,5,125.0,5,6.0,6
1437.0,GS_cluster_10123822790_11303526453_11303526454_248766831_#2more,4,86.0,0,1.0,6
1438.0,GS_cluster_10123822790_11303526453_11303526454_248766831_#2more,3,48.0,0,2.0,7
1439.0,GS_cluster_10123822790_11303526453_11303526454_248766831_#2more,2,12.0,0,3.0,8
1440.0,GS_cluster_10123822790_11303526453_11303526454_248766831_#2more,1,9.0,0,4.0,9
1441.0,GS_cluster_10123822790_11303526453_11303526454_248766831_#2more,1,10.0,0,5.0,8
1442.0,GS_cluster_10123822790_11303526453_11303526454_248766831_#2more,1,11.0,0,6.0,8
1443.0,GS_cluster_10123822790_11303526453_11303526454_248766831_#2more,1,12.0,0,7.0,8
1444.0,GS_cluster_10123822790_11303526453_11303526454_248766831_#2more,1,13.0,0,8.0,8
1445.0,GS_cluster_10123822790_11303526453_11303526454_248766831_#2more,1,14.0,0,9.0,8
1446.0,GS_cluster_10123822790_11303526453_11303526454_248766831_#2more,1,15.0,0,10.0,8
1447.0,GS_cluster_10123822790_11303526453_11303526454_248766831_#2more,1,16.0,0,11.0,8
1448.0,GS_cluster_10123822790_11303526453_11303526454_248766831_#2more,2,18.0,0,12.0,7
1449.0,GS_cluster_10123822790_11303526453_11303526454_248766831_#2more,2,20.0,0,13.0,7
1450.0,GS_cluster_10123822790_11303526453_11303526454_248766831_#2more,3,23.0,1,1.0,6
1451.0,GS_cluster_10123822790_11303526453_11303526454_248766831_#2more,3,26.0,1,2.0,6
1452.0,GS_cluster_10123822790_11303526453_11303526454_248766831_#2more,3,29.0,1,3.0,7
1453.0,GS_cluster_10123822790_11303526453_11303526454_248766831_#2more,3,32.0,1,4.0,7
1454.0,GS_cluster_10123822790_11303526453_11303526454_248766831_#2more,3,35.0,1,5.0,8
1455.0,GS_cluster_10123822790_11303526453_11303526454_248766831_#2more,5,40.0,1,6.0,8
1456.0,GS_cluster_10123822790_11303526453_11303526454_248766831_#2more,5,39.0,2,1.0,7
1457.0,GS_cluster_10123822790_11303526453_11303526454_248766831_#2more,4,41.0,2,2.0,7
1458.0,GS_cluster_10123822790_11303526453_11303526454_248766831_#2more,4,45.0,2,3.0,7
1459.0,GS_cluster_10123822790_11303526453_11303526454_248766831_#2more,4,49.0,2,4.0,6
1460.0,GS_cluster_10123822790_11303526453_11303526454_248766831_#2more,5,54.0,2,5.0,7
1461.0,GS_cluster_10123822790_11303526453_11303526454_248766831_#2more,5,59.0,2,6.0,8
1462.0,GS_cluster_10123822790_11303526453_11303526454_248766831_#2more,5,64.0,2,7.0,8
1463.0,GS_cluster_10123822790_11303526453_11303526454_248766831_#2more,5,69.0,2,8.0,9
1464.0,GS_cluster_10123822790_11303526453_11303526454_248766831_#2more,5,74.0,2,9.0,9
1465.0,GS_cluster_10123822790_11303526453_11303526454_248766831_#2more,6,80.0,2,10.0,10
1466.0,GS_cluster_10123822790_11303526453_11303526454_248766831_#2more,6,86.0,2,11.0,10
1467.0,GS_cluster_10123822790_11303526453_11303526454_248766831_#2more,7,93.0,2,12.0,11
1468.0,GS_cluster_10123822790_11303526453_11303526454_248766831_#2more,8,101.0,2,13.0,11
1469.0,GS_cluster_10123822790_11303526453_11303526454_248766831_#2more,8,108.0,2,14.0,11
1470.0,GS_cluster_10123822790_11303526453_11303526454_248766831_#2more,9,117.0,3,1.0,12
1471.0,GS_cluster_10123822790_11303526453_11303526454_248766831_#2more,11,128.0,3,2.0,12
1472.0,GS_cluster_10123822790_11303526453_11303526454_248766831_#2more,11,139.0,3,3.0,12
1473.0,GS_cluster_10123822790_11303526453_11303526454_248766831_#2more,11,150.0,3,4.0,12
1474.0,GS_cluster_10123822790_11303526453_11303526454_248766831_#2more,12,162.0,3,5.0,12
1475.0,GS_cluster_10123822790_11303526453_11303526454_248766831_#2more,12,174.0,3,6.0,12
1476.0,GS_cluster_10123822790_11303526453_11303526454_248766831_#2more,10,112.0,4,1.0,10
1477.0,GS_cluster_10123822790_11303526453_11303526454_248766831_#2more,9,99.0,4,2.0,11
1478.0,GS_cluster_10123822790_11303526453_11303526454_248766831_#2more,8,85.0,4,3.0,11
1479.0,GS_cluster_10123822790_11303526453_11303526454_248766831_#2more,7,73.0,4,4.0,11
1480.0,GS_cluster_10123822790_11303526453_11303526454_248766831_#2more,7,80.0,4,5.0,11
1481.0,GS_cluster_10123822790_11303526453_11303526454_248766831_#2more,7,87.0,4,6.0,11
1482.0,GS_cluster_10123822790_11303526453_11303526454_248766831_#2more,7,94.0,4,7.0,10
1483.0,GS_cluster_10123822790_11303526453_11303526454_248766831_#2more,7,101.0,4,8.0,10
1484.0,GS_cluster_10123822790_11303526453_11303526454_248766831_#2more,7,108.0,4,9.0,9
1485.0,GS_cluster_10123822790_11303526453_11303526454_248766831_#2more,7,115.0,4,10.0,9
1486.0,GS_cluster_10123822790_11303526453_11303526454_248766831_#2more,7,122.0,4,11.0,9
1487.0,GS_cluster_10123822790_11303526453_11303526454_248766831_#2more,7,129.0,4,12.0,9
1488.0,GS_cluster_10123822790_11303526453_11303526454_248766831_#2more,7,136.0,4,13.0,9
1489.0,GS_cluster_10123822790_11303526453_11303526454_248766831_#2more,7,143.0,4,14.0,9
1490.0,GS_cluster_10123822790_11303526453_11303526454_248766831_#2more,7,150.0,4,15.0,9
1491.0,GS_cluster_10123822790_11303526453_11303526454_248766831_#2more,7,157.0,4,16.0,9
1492.0,GS_cluster_10123822790_11303526453_11303526454_248766831_#2more,7,164.0,4,17.0,9
1493.0,GS_cluster_10123822790_11303526453_11303526454_248766831_#2more,7,171.0,4,18.0,9
1494.0,GS_cluster_10123822790_11303526453_11303526454_248766831_#2more,7,178.0,4,19.0,9
1495.0,GS_cluster_10123822790_11303526453_11303526454_248766831_#2more,7,185.0,4,20.0,8
1496.0,GS_cluster_10123822790_11303526453_11303526454_248766831_#2more,7,192.0,4,21.0,8
1497.0,GS_cluster_10123822790_11303526453_11303526454_248766831_#2more,7,199.0,4,22.0,7
1498.0,GS_cluster_10123822790_11303526453_11303526454_248766831_#2more,7,206.0,4,23.0,7
1499.0,GS_cluster_10123822790_11303526453_11303526454_248766831_#2more,7,213.0,4,24.0,7
1500.0,GS_cluster_10123822790_11303526453_11303526454_248766831_#2more,7,220.0,4,25.0,7
1501.0,GS_cluster_10123822790_11303526453_11303526454_248766831_#2more,7,227.0,5,1.0,7
1502.0,GS_cluster_10123822790_11303526453_11303526454_248766831_#2more,7,234.0,5,2.0,7
1503.0,GS_cluster_10123822790_11303526453_11303526454_248766831_#2more,7,241.0,5,3.0,7
1504.0,GS_cluster_10123822790_11303526453_11303526454_248766831_#2more,7,248.0,5,4.0,8
1505.0,GS_cluster_10123822790_11303526453_11303526454_248766831_#2more,7,255.0,5,5.0,9
1506.0,GS_cluster_10123822790_11303526453_11303526454_248766831_#2more,7,262.0,5,6.0,9
1507.0,GS_cluster_10123822790_11303526453_11303526454_248766831_#2more,5,185.0,0,1.0,6
1508.0,GS_cluster_10123822790_11303526453_11303526454_248766831_#2more,3,111.0,0,2.0,6
1509.0,GS_cluster_10123822790_11303526453_11303526454_248766831_#2more,1,36.0,0,3.0,5
1510.0,GS_cluster_10123822790_11303526453_11303526454_248766831_#2more,0,0.0,0,4.0,4
1511.0,GS_cluster_10123822790_11303526453_11303526454_248766831_#2more,0,0.0,0,5.0,4
1512.0,GS_cluster_10123822790_11303526453_11303526454_248766831_#2more,1,1.0,0,6.0,5
1513.0,GS_cluster_10123822790_11303526453_11303526454_248766831_#2more,1,2.0,0,7.0,4
1514.0,GS_cluster_10123822790_11303526453_11303526454_248766831_#2more,1,3.0,0,8.0,6
1515.0,GS_cluster_10123822790_11303526453_11303526454_248766831_#2more,2,5.0,0,9.0,7
1516.0,GS_cluster_10123822790_11303526453_11303526454_248766831_#2more,3,8.0,0,10.0,6
1517.0,GS_cluster_10123822790_11303526453_11303526454_248766831_#2more,3,11.0,0,11.0,6
1518.0,GS_cluster_10123822790_11303526453_11303526454_248766831_#2more,4,15.0,0,12.0,6
1519.0,GS_cluster_10123822790_11303526453_11303526454_248766831_#2more,4,19.0,0,13.0,5
1520.0,GS_cluster_10123822790_11303526453_11303526454_248766831_#2more,4,23.0,0,14.0,7
1521.0,GS_cluster_10123822790_11303526453_11303526454_248766831_#2more,4,27.0,0,15.0,6
1522.0,GS_cluster_10123822790_11303526453_11303526454_248766831_#2more,4,31.0,0,16.0,5
1523.0,GS_cluster_10123822790_11303526453_11303526454_248766831_#2more,4,35.0,0,17.0,5
1524.0,GS_cluster_10123822790_11303526453_11303526454_248766831_#2more,4,39.0,0,18.0,5
1525.0,GS_cluster_10123822790_11303526453_11303526454_248766831_#2more,4,43.0,0,19.0,5
1526.0,GS_cluster_10123822790_11303526453_11303526454_248766831_#2more,4,47.0,0,20.0,4
1527.0,GS_cluster_10123822790_11303526453_11303526454_248766831_#2more,4,51.0,0,21.0,5
1528.0,GS_cluster_10123822790_11303526453_11303526454_248766831_#2more,4,55.0,0,22.0,6
1529.0,GS_cluster_10123822790_11303526453_11303526454_248766831_#2more,4,59.0,0,23.0,6
1530.0,GS_cluster_10123822790_11303526453_11303526454_248766831_#2more,4,63.0,0,24.0,5
1531.0,GS_cluster_10123822790_11303526453_11303526454_248766831_#2more,4,67.0,0,25.0,5
1532.0,GS_cluster_10123822790_11303526453_11303526454_248766831_#2more,4,71.0,0,26.0,6
1533.0,GS_cluster_10123822790_11303526453_11303526454_248766831_#2more,4,75.0,0,27.0,5
1534.0,GS_cluster_10123822790_11303526453_11303526454_248766831_#2more,4,79.0,0,28.0,6
1535.0,GS_cluster_10123822790_11303526453_11303526454_248766831_#2more,4,83.0,0,29.0,6
1536.0,GS_cluster_10123822790_11303526453_11303526454_248766831_#2more,4,87.0,0,30.0,5
1537.0,GS_cluster_10123822790_11303526453_11303526454_248766831_#2more,4,91.0,0,31.0,5
1538.0,GS_cluster_10123822790_11303526453_11303526454_248766831_#2more,4,95.0,0,32.0,4
1539.0,GS_cluster_10123822790_11303526453_11303526454_248766831_#2more,4,99.0,0,33.0,4
1540.0,GS_cluster_10123822790_11303526453_11303526454_248766831_#2more,4,103.0,0,34.0,4
1541.0,GS_cluster_10123822790_11303526453_11303526454_248766831_#2more,4,107.0,0,35.0,4
1542.0,GS_cluster_10123822790_11303526453_11303526454_248766831_#2more,4,111.0,0,36.0,4
1543.0,GS_cluster_10123822790_11303526453_11303526454_248766831_#2more,4,115.0,0,37.0,4
1544.0,GS_cluster_10123822790_11303526453_11303526454_248766831_#2more,4,119.0,0,38.0,4
1545.0,GS_cluster_10123822790_11303526453_11303526454_248766831_#2more,4,123.0,0,39.0,4
1546.0,GS_cluster_10123822790_11303526453_11303526454_248766831_#2more,4,127.0,1,1.0,4
1547.0,GS_cluster_10123822790_11303526453_11303526454_248766831_#2more,4,131.0,1,2.0,4
1548.0,GS_cluster_10123822790_11303526453_11303526454_248766831_#2more,4,135.0,1,3.0,4
1549.0,GS_cluster_10123822790_11303526453_11303526454_248766831_#2more,4,139.0,1,4.0,4
1550.0,GS_cluster_10123822790_11303526453_11303526454_248766831_#2more,4,143.0,1,5.0,4
1551.0,GS_cluster_10123822790_11303526453_11303526454_248766831_#2more,4,147.0,1,6.0,4
1552.0,GS_cluster_10123822790_11303526453_11303526454_248766831_#2more,3,110.0,2,1.0,3
1553.0,GS_cluster_10123822790_11303526453_11303526454_248766831_#2more,2,74.0,2,2.0,4
1554.0,GS_cluster_10123822790_11303526453_11303526454_248766831_#2more,1,37.0,2,3.0,4
1555.0,GS_cluster_10123822790_11303526453_11303526454_248766831_#2more,0,0.0,2,4.0,5
1556.0,GS_cluster_10123822790_11303526453_11303526454_248766831_#2more,0,0.0,2,5.0,5
1557.0,GS_cluster_10123822790_11303526453_11303526454_248766831_#2more,0,0.0,2,6.0,6
1558.0,GS_cluster_10123822790_11303526453_11303526454_248766831_#2more,2,2.0,2,7.0,6
1559.0,GS_cluster_10123822790_11303526453_11303526454_248766831_#2more,3,5.0,2,8.0,7
1560.0,GS_cluster_10123822790_11303526453_11303526454_248766831_#2more,4,9.0,2,9.0,8
1561.0,GS_cluster_10123822790_11303526453_11303526454_248766831_#2more,5,14.0,2,10.0,8
1562.0,GS_cluster_10123822790_11303526453_11303526454_248766831_#2more,5,19.0,2,11.0,8
1563.0,GS_cluster_10123822790_11303526453_11303526454_248766831_#2more,6,25.0,2,12.0,8
1564.0,GS_cluster_10123822790_11303526453_11303526454_248766831_#2more,7,32.0,2,13.0,8
1565.0,GS_cluster_10123822790_11303526453_11303526454_248766831_#2more,8,40.0,2,14.0,8
1566.0,GS_cluster_10123822790_11303526453_11303526454_248766831_#2more,8,48.0,2,15.0,9
1567.0,GS_cluster_10123822790_11303526453_11303526454_248766831_#2more,8,56.0,2,16.0,9
1568.0,GS_cluster_10123822790_11303526453_11303526454_248766831_#2more,9,64.0,2,17.0,11
1569.0,GS_cluster_10123822790_11303526453_11303526454_248766831_#2more,8,72.0,2,18.0,11
1570.0,GS_cluster_10123822790_11303526453_11303526454_248766831_#2more,8,80.0,2,19.0,11
1571.0,GS_cluster_10123822790_11303526453_11303526454_248766831_#2more,8,88.0,2,20.0,13
1572.0,GS_cluster_10123822790_11303526453_11303526454_248766831_#2more,9,97.0,2,21.0,13
1573.0,GS_cluster_10123822790_11303526453_11303526454_248766831_#2more,9,106.0,2,22.0,13
1574.0,GS_cluster_10123822790_11303526453_11303526454_248766831_#2more,10,116.0,2,23.0,14
1575.0,GS_cluster_10123822790_11303526453_11303526454_248766831_#2more,10,126.0,2,24.0,14
1576.0,GS_cluster_10123822790_11303526453_11303526454_248766831_#2more,12,138.0,2,25.0,14
1577.0,GS_cluster_10123822790_11303526453_11303526454_248766831_#2more,12,150.0,2,26.0,14
1578.0,GS_cluster_10123822790_11303526453_11303526454_248766831_#2more,13,163.0,2,27.0,14
1579.0,GS_cluster_10123822790_11303526453_11303526454_248766831_#2more,13,176.0,2,28.0,15
1580.0,GS_cluster_10123822790_11303526453_11303526454_248766831_#2more,14,190.0,2,29.0,15
1581.0,GS_cluster_10123822790_11303526453_11303526454_248766831_#2more,14,204.0,2,30.0,15
1582.0,GS_cluster_10123822790_11303526453_11303526454_248766831_#2more,14,218.0,2,31.0,16
1583.0,GS_cluster_10123822790_11303526453_11303526454_248766831_#2more,14,232.0,2,32.0,16
1584.0,GS_cluster_10123822790_11303526453_11303526454_248766831_#2more,15,247.0,2,33.0,16
1585.0,GS_cluster_10123822790_11303526453_11303526454_248766831_#2more,16,263.0,2,34.0,16
1586.0,GS_cluster_10123822790_11303526453_11303526454_248766831_#2more,15,277.0,2,35.0,16
1587.0,GS_cluster_10123822790_11303526453_11303526454_248766831_#2more,16,293.0,2,36.0,16
1588.0,GS_cluster_10123822790_11303526453_11303526454_248766831_#2more,16,309.0,2,37.0,16
1589.0,GS_cluster_10123822790_11303526453_11303526454_248766831_#2more,16,325.0,2,38.0,16
1590.0,GS_cluster_10123822790_11303526453_11303526454_248766831_#2more,16,341.0,2,39.0,16
1591.0,GS_cluster_10123822790_11303526453_11303526454_248766831_#2more,16,357.0,3,1.0,16
1592.0,GS_cluster_10123822790_11303526453_11303526454_248766831_#2more,16,373.0,3,2.0,16
1593.0,GS_cluster_10123822790_11303526453_11303526454_248766831_#2more,16,389.0,3,3.0,16
1594.0,GS_cluster_10123822790_11303526453_11303526454_248766831_#2more,16,405.0,3,4.0,16
1595.0,GS_cluster_10123822790_11303526453_11303526454_248766831_#2more,16,421.0,3,5.0,16
1596.0,GS_cluster_10123822790_11303526453_11303526454_248766831_#2more,16,437.0,3,6.0,16
1597.0,GS_cluster_10123822790_11303526453_11303526454_248766831_#2more,16,453.0,4,1.0,16
1598.0,GS_cluster_10123822790_11303526453_11303526454_248766831_#2more,16,469.0,4,2.0,16
1599.0,GS_cluster_10123822790_11303526453_11303526454_248766831_#2more,16,485.0,4,3.0,16
1600.0,GS_cluster_10123822790_11303526453_11303526454_248766831_#2more,16,501.0,4,4.0,16
1601.0,GS_cluster_10123822790_11303526453_11303526454_248766831_#2more,16,517.0,4,5.0,17
1602.0,GS_cluster_10123822790_11303526453_11303526454_248766831_#2more,16,533.0,4,6.0,17
1603.0,GS_cluster_10123822790_11303526453_11303526454_248766831_#2more,16,549.0,4,7.0,17
1604.0,GS_cluster_10123822790_11303526453_11303526454_248766831_#2more,16,565.0,4,8.0,17
1605.0,GS_cluster_10123822790_11303526453_11303526454_248766831_#2more,16,581.0,4,9.0,17
1606.0,GS_cluster_10123822790_11303526453_11303526454_248766831_#2more,16,597.0,4,10.0,17
1607.0,GS_cluster_10123822790_11303526453_11303526454_248766831_#2more,17,614.0,4,11.0,17
1608.0,GS_cluster_10123822790_11303526453_11303526454_248766831_#2more,17,631.0,4,12.0,17
1609.0,GS_cluster_10123822790_11303526453_11303526454_248766831_#2more,17,648.0,4,13.0,17
1610.0,GS_cluster_10123822790_11303526453_11303526454_248766831_#2more,17,665.0,5,1.0,17
1611.0,GS_cluster_10123822790_11303526453_11303526454_248766831_#2more,17,682.0,5,2.0,17
1612.0,GS_cluster_10123822790_11303526453_11303526454_248766831_#2more,17,699.0,5,3.0,17
1613.0,GS_cluster_10123822790_11303526453_11303526454_248766831_#2more,17,716.0,5,4.0,17
1614.0,GS_cluster_10123822790_11303526453_11303526454_248766831_#2more,17,733.0,5,5.0,17
1615.0,GS_cluster_10123822790_11303526453_11303526454_248766831_#2more,17,750.0,5,6.0,17
1616.0,GS_cluster_10123822790_11303526453_11303526454_248766831_#2more,13,538.0,0,1.0,13
1617.0,GS_cluster_10123822790_11303526453_11303526454_248766831_#2more,9,382.0,0,2.0,13
1618.0,GS_cluster_10123822790_11303526453_11303526454_248766831_#2more,6,245.0,0,3.0,13
1619.0,GS_cluster_10123822790_11303526453_11303526454_248766831_#2more,3,109.0,0,4.0,10
1620.0,GS_cluster_10123822790_11303526453_11303526454_248766831_#2more,2,35.0,0,5.0,10
1621.0,GS_cluster_10123822790_11303526453_11303526454_248766831_#2more,1,2.0,0,6.0,9
1622.0,GS_cluster_10123822790_11303526453_11303526454_248766831_#2more,2,4.0,0,7.0,8
1623.0,GS_cluster_10123822790_11303526453_11303526454_248766831_#2more,2,6.0,0,8.0,7
1624.0,GS_cluster_10123822790_11303526453_11303526454_248766831_#2more,3,9.0,0,9.0,7
1625.0,GS_cluster_10123822790_11303526453_11303526454_248766831_#2more,3,12.0,0,10.0,6
1626.0,GS_cluster_10123822790_11303526453_11303526454_248766831_#2more,3,15.0,0,11.0,5
1627.0,GS_cluster_10123822790_11303526453_11303526454_248766831_#2more,3,18.0,0,12.0,5
1628.0,GS_cluster_10123822790_11303526453_11303526454_248766831_#2more,3,21.0,0,13.0,5
1629.0,GS_cluster_10123822790_11303526453_11303526454_248766831_#2more,3,24.0,0,14.0,5
1630.0,GS_cluster_10123822790_11303526453_11303526454_248766831_#2more,3,27.0,0,15.0,5
1631.0,GS_cluster_10123822790_11303526453_11303526454_248766831_#2more,3,30.0,0,16.0,5
1632.0,GS_cluster_10123822790_11303526453_11303526454_248766831_#2more,3,33.0,0,17.0,5
1633.0,GS_cluster_10123822790_11303526453_11303526454_248766831_#2more,3,36.0,0,18.0,4
1634.0,GS_cluster_10123822790_11303526453_11303526454_248766831_#2more,3,39.0,0,19.0,3
1635.0,GS_cluster_10123822790_11303526453_11303526454_248766831_#2more,3,42.0,0,20.0,3
1636.0,GS_cluster_10123822790_11303526453_11303526454_248766831_#2more,3,45.0,1,1.0,3
1637.0,GS_cluster_10123822790_11303526453_11303526454_248766831_#2more,3,48.0,1,2.0,3
1638.0,GS_cluster_10123822790_11303526453_11303526454_248766831_#2more,3,51.0,1,3.0,3
1639.0,GS_cluster_10123822790_11303526453_11303526454_248766831_#2more,3,54.0,1,4.0,3
1640.0,GS_cluster_10123822790_11303526453_11303526454_248766831_#2more,3,57.0,1,5.0,4
1641.0,GS_cluster_10123822790_11303526453_11303526454_248766831_#2more,3,60.0,1,6.0,4
1642.0,GS_cluster_10123822790_11303526453_11303526454_248766831_#2more,2,40.0,2,1.0,4
1643.0,GS_cluster_10123822790_11303526453_11303526454_248766831_#2more,1,20.0,2,2.0,5
1644.0,GS_cluster_10123822790_11303526453_11303526454_248766831_#2more,0,0.0,2,3.0,6
1645.0,GS_cluster_10123822790_11303526453_11303526454_248766831_#2more,0,0.0,2,4.0,5
1646.0,GS_cluster_10123822790_11303526453_11303526454_248766831_#2more,1,1.0,2,5.0,6
1647.0,GS_cluster_10123822790_11303526453_11303526454_248766831_#2more,1,2.0,2,6.0,8
1648.0,GS_cluster_10123822790_11303526453_11303526454_248766831_#2more,1,3.0,2,7.0,8
1649.0,GS_cluster_10123822790_11303526453_11303526454_248766831_#2more,2,5.0,2,8.0,9
1650.0,GS_cluster_10123822790_11303526453_11303526454_248766831_#2more,5,10.0,2,9.0,9
1651.0,GS_cluster_10123822790_11303526453_11303526454_248766831_#2more,6,16.0,2,10.0,9
1652.0,GS_cluster_10123822790_11303526453_11303526454_248766831_#2more,6,22.0,2,11.0,9
1653.0,GS_cluster_10123822790_11303526453_11303526454_248766831_#2more,7,29.0,2,12.0,10
1654.0,GS_cluster_10123822790_11303526453_11303526454_248766831_#2more,8,37.0,2,13.0,12
1655.0,GS_cluster_10123822790_11303526453_11303526454_248766831_#2more,8,45.0,2,14.0,12
1656.0,GS_cluster_10123822790_11303526453_11303526454_248766831_#2more,9,54.0,2,15.0,13
1657.0,GS_cluster_10123822790_11303526453_11303526454_248766831_#2more,10,64.0,2,16.0,13
1658.0,GS_cluster_10123822790_11303526453_11303526454_248766831_#2more,10,74.0,2,17.0,13
1659.0,GS_cluster_10123822790_11303526453_11303526454_248766831_#2more,10,84.0,2,18.0,14
1660.0,GS_cluster_10123822790_11303526453_11303526454_248766831_#2more,10,94.0,2,19.0,14
1661.0,GS_cluster_10123822790_11303526453_11303526454_248766831_#2more,10,104.0,2,20.0,14
1662.0,GS_cluster_10123822790_11303526453_11303526454_248766831_#2more,10,114.0,2,21.0,14
1663.0,GS_cluster_10123822790_11303526453_11303526454_248766831_#2more,10,124.0,2,22.0,14
1664.0,GS_cluster_10123822790_11303526453_11303526454_248766831_#2more,10,134.0,2,23.0,15
1665.0,GS_cluster_10123822790_11303526453_11303526454_248766831_#2more,10,144.0,2,24.0,15
1666.0,GS_cluster_10123822790_11303526453_11303526454_248766831_#2more,11,155.0,2,25.0,16
1667.0,GS_cluster_10123822790_11303526453_11303526454_248766831_#2more,11,166.0,2,26.0,16
1668.0,GS_cluster_10123822790_11303526453_11303526454_248766831_#2more,11,177.0,2,27.0,16
1669.0,GS_cluster_10123822790_11303526453_11303526454_248766831_#2more,11,188.0,2,28.0,16
1670.0,GS_cluster_10123822790_11303526453_11303526454_248766831_#2more,12,200.0,2,29.0,16
1671.0,GS_cluster_10123822790_11303526453_11303526454_248766831_#2more,13,213.0,2,30.0,16
1672.0,GS_cluster_10123822790_11303526453_11303526454_248766831_#2more,14,227.0,2,31.0,16
1673.0,GS_cluster_10123822790_11303526453_11303526454_248766831_#2more,14,241.0,2,32.0,16
1674.0,GS_cluster_10123822790_11303526453_11303526454_248766831_#2more,14,255.0,2,33.0,17
1675.0,GS_cluster_10123822790_11303526453_11303526454_248766831_#2more,15,270.0,2,34.0,18
1676.0,GS_cluster_10123822790_11303526453_11303526454_248766831_#2more,16,286.0,2,35.0,18
1677.0,GS_cluster_10123822790_11303526453_11303526454_248766831_#2more,16,302.0,2,36.0,18
1678.0,GS_cluster_10123822790_11303526453_11303526454_248766831_#2more,16,318.0,2,37.0,19
1679.0,GS_cluster_10123822790_11303526453_11303526454_248766831_#2more,16,334.0,2,38.0,19
1680.0,GS_cluster_10123822790_11303526453_11303526454_248766831_#2more,17,351.0,2,39.0,19
1681.0,GS_cluster_10123822790_11303526453_11303526454_248766831_#2more,17,368.0,2,40.0,19
1682.0,GS_cluster_10123822790_11303526453_11303526454_248766831_#2more,18,386.0,2,41.0,19
1683.0,GS_cluster_10123822790_11303526453_11303526454_248766831_#2more,19,405.0,2,42.0,19
1684.0,GS_cluster_10123822790_11303526453_11303526454_248766831_#2more,19,424.0,2,43.0,19
1685.0,GS_cluster_10123822790_11303526453_11303526454_248766831_#2more,19,443.0,3,1.0,19
1686.0,GS_cluster_10123822790_11303526453_11303526454_248766831_#2more,19,462.0,3,2.0,19
1687.0,GS_cluster_10123822790_11303526453_11303526454_248766831_#2more,19,481.0,3,3.0,19
1688.0,GS_cluster_10123822790_11303526453_11303526454_248766831_#2more,19,500.0,3,4.0,19
1689.0,GS_cluster_10123822790_11303526453_11303526454_248766831_#2more,19,519.0,3,5.0,20
1690.0,GS_cluster_10123822790_11303526453_11303526454_248766831_#2more,19,538.0,3,6.0,20
1691.0,GS_cluster_10123822790_11303526453_11303526454_248766831_#2more,18,537.0,4,1.0,19
1692.0,GS_cluster_10123822790_11303526453_11303526454_248766831_#2more,17,537.0,4,2.0,19
1693.0,GS_cluster_10123822790_11303526453_11303526454_248766831_#2more,16,536.0,4,3.0,19
1694.0,GS_cluster_10123822790_11303526453_11303526454_248766831_#2more,17,553.0,4,4.0,20
1695.0,GS_cluster_10123822790_11303526453_11303526454_248766831_#2more,17,570.0,4,5.0,20
1696.0,GS_cluster_10123822790_11303526453_11303526454_248766831_#2more,17,587.0,4,6.0,20
1697.0,GS_cluster_10123822790_11303526453_11303526454_248766831_#2more,18,605.0,4,7.0,20
1698.0,GS_cluster_10123822790_11303526453_11303526454_248766831_#2more,18,623.0,4,8.0,20
1699.0,GS_cluster_10123822790_11303526453_11303526454_248766831_#2more,18,641.0,4,9.0,20
1700.0,GS_cluster_10123822790_11303526453_11303526454_248766831_#2more,18,659.0,4,10.0,21
1701.0,GS_cluster_10123822790_11303526453_11303526454_248766831_#2more,18,677.0,4,11.0,22
1702.0,GS_cluster_10123822790_11303526453_11303526454_248766831_#2more,18,695.0,4,12.0,22
1703.0,GS_cluster_10123822790_11303526453_11303526454_248766831_#2more,18,713.0,4,13.0,22
1704.0,GS_cluster_10123822790_11303526453_11303526454_248766831_#2more,18,731.0,5,1.0,22
1705.0,GS_cluster_10123822790_11303526453_11303526454_248766831_#2more,19,750.0,5,2.0,22
1706.0,GS_cluster_10123822790_11303526453_11303526454_248766831_#2more,19,769.0,5,3.0,22
1707.0,GS_cluster_10123822790_11303526453_11303526454_248766831_#2more,19,788.0,5,4.0,22
1708.0,GS_cluster_10123822790_11303526453_11303526454_248766831_#2more,19,807.0,5,5.0,22
1709.0,GS_cluster_10123822790_11303526453_11303526454_248766831_#2more,19,826.0,5,6.0,22
1710.0,GS_cluster_10123822790_11303526453_11303526454_248766831_#2more,15,613.0,0,1.0,18
1711.0,GS_cluster_10123822790_11303526453_11303526454_248766831_#2more,11,404.0,0,2.0,18
1712.0,GS_cluster_10123822790_11303526453_11303526454_248766831_#2more,7,193.0,0,3.0,18
1713.0,GS_cluster_10123822790_11303526453_11303526454_248766831_#2more,4,77.0,0,4.0,15
1714.0,GS_cluster_10123822790_11303526453_11303526454_248766831_#2more,2,28.0,0,5.0,15
1715.0,GS_cluster_10123822790_11303526453_11303526454_248766831_#2more,2,2.0,0,6.0,15
1716.0,GS_cluster_10123822790_11303526453_11303526454_248766831_#2more,3,5.0,0,7.0,12
1717.0,GS_cluster_10123822790_11303526453_11303526454_248766831_#2more,4,9.0,0,8.0,13
1718.0,GS_cluster_10123822790_11303526453_11303526454_248766831_#2more,5,14.0,0,9.0,13
1719.0,GS_cluster_10123822790_11303526453_11303526454_248766831_#2more,6,20.0,0,10.0,12
1720.0,GS_cluster_10123822790_11303526453_11303526454_248766831_#2more,7,27.0,0,11.0,12
1721.0,GS_cluster_10123822790_11303526453_11303526454_248766831_#2more,7,34.0,0,12.0,12
1722.0,GS_cluster_10123822790_11303526453_11303526454_248766831_#2more,7,41.0,0,13.0,11
1723.0,GS_cluster_10123822790_11303526453_11303526454_248766831_#2more,7,48.0,0,14.0,12
1724.0,GS_cluster_10123822790_11303526453_11303526454_248766831_#2more,8,56.0,0,15.0,12
1725.0,GS_cluster_10123822790_11303526453_11303526454_248766831_#2more,8,64.0,0,16.0,12
1726.0,GS_cluster_10123822790_11303526453_11303526454_248766831_#2more,9,73.0,0,17.0,12
1727.0,GS_cluster_10123822790_11303526453_11303526454_248766831_#2more,9,82.0,0,18.0,12
1728.0,GS_cluster_10123822790_11303526453_11303526454_248766831_#2more,10,92.0,0,19.0,11
1729.0,GS_cluster_10123822790_11303526453_11303526454_248766831_#2more,10,102.0,0,20.0,10
1730.0,GS_cluster_10123822790_11303526453_11303526454_248766831_#2more,10,112.0,0,21.0,11
1731.0,GS_cluster_10123822790_11303526453_11303526454_248766831_#2more,10,122.0,0,22.0,11
1732.0,GS_cluster_10123822790_11303526453_11303526454_248766831_#2more,10,132.0,0,23.0,11
1733.0,GS_cluster_10123822790_11303526453_11303526454_248766831_#2more,10,142.0,0,24.0,12
1734.0,GS_cluster_10123822790_11303526453_11303526454_248766831_#2more,10,152.0,0,25.0,12
1735.0,GS_cluster_10123822790_11303526453_11303526454_248766831_#2more,11,163.0,0,26.0,12
1736.0,GS_cluster_10123822790_11303526453_11303526454_248766831_#2more,11,174.0,0,27.0,12
1737.0,GS_cluster_10123822790_11303526453_11303526454_248766831_#2more,12,186.0,0,28.0,13
1738.0,GS_cluster_10123822790_11303526453_11303526454_248766831_#2more,12,198.0,0,29.0,13
1739.0,GS_cluster_10123822790_11303526453_11303526454_248766831_#2more,12,210.0,0,30.0,13
1740.0,GS_cluster_10123822790_11303526453_11303526454_248766831_#2more,12,222.0,0,31.0,13
1741.0,GS_cluster_10123822790_11303526453_11303526454_248766831_#2more,12,234.0,0,32.0,13
1742.0,GS_cluster_10123822790_11303526453_11303526454_248766831_#2more,13,247.0,0,33.0,13
1743.0,GS_cluster_10123822790_11303526453_11303526454_248766831_#2more,13,260.0,0,34.0,13
1744.0,GS_cluster_10123822790_11303526453_11303526454_248766831_#2more,13,273.0,0,35.0,13
1745.0,GS_cluster_10123822790_11303526453_11303526454_248766831_#2more,13,286.0,0,36.0,13
1746.0,GS_cluster_10123822790_11303526453_11303526454_248766831_#2more,13,299.0,0,37.0,13
1747.0,GS_cluster_10123822790_11303526453_11303526454_248766831_#2more,13,312.0,0,38.0,13
1748.0,GS_cluster_10123822790_11303526453_11303526454_248766831_#2more,13,325.0,0,39.0,13
1749.0,GS_cluster_10123822790_11303526453_11303526454_248766831_#2more,13,338.0,1,1.0,13
1750.0,GS_cluster_10123822790_11303526453_11303526454_248766831_#2more,11,285.0,1,2.0,13
1751.0,GS_cluster_10123822790_11303526453_11303526454_248766831_#2more,10,264.0,1,3.0,13
1752.0,GS_cluster_10123822790_11303526453_11303526454_248766831_#2more,10,274.0,1,4.0,13
1753.0,GS_cluster_10123822790_11303526453_11303526454_248766831_#2more,11,285.0,1,5.0,13
1754.0,GS_cluster_10123822790_11303526453_11303526454_248766831_#2more,11,296.0,1,6.0,13
1755.0,GS_cluster_10123822790_11303526453_11303526454_248766831_#2more,10,235.0,2,1.0,11
1756.0,GS_cluster_10123822790_11303526453_11303526454_248766831_#2more,9,211.0,2,2.0,11
1757.0,GS_cluster_10123822790_11303526453_11303526454_248766831_#2more,7,188.0,2,3.0,11
1758.0,GS_cluster_10123822790_11303526453_11303526454_248766831_#2more,6,171.0,2,4.0,10
1759.0,GS_cluster_10123822790_11303526453_11303526454_248766831_#2more,5,154.0,2,5.0,10
1760.0,GS_cluster_10123822790_11303526453_11303526454_248766831_#2more,4,140.0,2,6.0,11
1761.0,GS_cluster_10123822790_11303526453_11303526454_248766831_#2more,4,144.0,2,7.0,10
1762.0,GS_cluster_10123822790_11303526453_11303526454_248766831_#2more,4,148.0,2,8.0,11
1763.0,GS_cluster_10123822790_11303526453_11303526454_248766831_#2more,4,152.0,2,9.0,10
1764.0,GS_cluster_10123822790_11303526453_11303526454_248766831_#2more,4,156.0,2,10.0,11
1765.0,GS_cluster_10123822790_11303526453_11303526454_248766831_#2more,4,160.0,2,11.0,10
1766.0,GS_cluster_10123822790_11303526453_11303526454_248766831_#2more,4,164.0,2,12.0,9
1767.0,GS_cluster_10123822790_11303526453_11303526454_248766831_#2more,4,168.0,2,13.0,9
1768.0,GS_cluster_10123822790_11303526453_11303526454_248766831_#2more,4,172.0,2,14.0,9
1769.0,GS_cluster_10123822790_11303526453_11303526454_248766831_#2more,4,176.0,2,15.0,8
1770.0,GS_cluster_10123822790_11303526453_11303526454_248766831_#2more,4,180.0,2,16.0,9
1771.0,GS_cluster_10123822790_11303526453_11303526454_248766831_#2more,4,184.0,2,17.0,9
1772.0,GS_cluster_10123822790_11303526453_11303526454_248766831_#2more,4,188.0,2,18.0,10
1773.0,GS_cluster_10123822790_11303526453_11303526454_248766831_#2more,4,192.0,2,19.0,10
1774.0,GS_cluster_10123822790_11303526453_11303526454_248766831_#2more,4,196.0,2,20.0,10
1775.0,GS_cluster_10123822790_11303526453_11303526454_248766831_#2more,4,200.0,2,21.0,11
1776.0,GS_cluster_10123822790_11303526453_11303526454_248766831_#2more,5,205.0,2,22.0,12
1777.0,GS_cluster_10123822790_11303526453_11303526454_248766831_#2more,6,211.0,2,23.0,12
1778.0,GS_cluster_10123822790_11303526453_11303526454_248766831_#2more,6,217.0,2,24.0,13
1779.0,GS_cluster_10123822790_11303526453_11303526454_248766831_#2more,9,226.0,2,25.0,13
1780.0,GS_cluster_10123822790_11303526453_11303526454_248766831_#2more,9,235.0,3,1.0,13
1781.0,GS_cluster_10123822790_11303526453_11303526454_248766831_#2more,10,245.0,3,2.0,13
1782.0,GS_cluster_10123822790_11303526453_11303526454_248766831_#2more,11,256.0,3,3.0,14
1783.0,GS_cluster_10123822790_11303526453_11303526454_248766831_#2more,12,268.0,3,4.0,14
1784.0,GS_cluster_10123822790_11303526453_11303526454_248766831_#2more,13,281.0,3,5.0,15
1785.0,GS_cluster_10123822790_11303526453_11303526454_248766831_#2more,13,294.0,3,6.0,15
1786.0,GS_cluster_10123822790_11303526453_11303526454_248766831_#2more,12,226.0,4,1.0,13
1787.0,GS_cluster_10123822790_11303526453_11303526454_248766831_#2more,10,157.0,4,2.0,14
1788.0,GS_cluster_10123822790_11303526453_11303526454_248766831_#2more,8,90.0,4,3.0,15
1789.0,GS_cluster_10123822790_11303526453_11303526454_248766831_#2more,9,99.0,4,4.0,13
1790.0,GS_cluster_10123822790_11303526453_11303526454_248766831_#2more,9,108.0,4,5.0,13
1791.0,GS_cluster_10123822790_11303526453_11303526454_248766831_#2more,9,117.0,4,6.0,13
1792.0,GS_cluster_10123822790_11303526453_11303526454_248766831_#2more,11,128.0,4,7.0,11
1793.0,GS_cluster_10123822790_11303526453_11303526454_248766831_#2more,11,139.0,4,8.0,11
1794.0,GS_cluster_10123822790_11303526453_11303526454_248766831_#2more,11,150.0,4,9.0,11
1795.0,GS_cluster_10123822790_11303526453_11303526454_248766831_#2more,11,161.0,4,10.0,11
1796.0,GS_cluster_10123822790_11303526453_11303526454_248766831_#2more,11,172.0,4,11.0,11
1797.0,GS_cluster_10123822790_11303526453_11303526454_248766831_#2more,11,183.0,4,12.0,11
1798.0,GS_cluster_10123822790_11303526453_11303526454_248766831_#2more,11,194.0,4,13.0,11
1799.0,GS_cluster_10123822790_11303526453_11303526454_248766831_#2more,11,205.0,5,1.0,11
1800.0,GS_cluster_10123822790_11303526453_11303526454_248766831_#2more,11,216.0,5,2.0,11
1801.0,GS_cluster_10123822790_11303526453_11303526454_248766831_#2more,11,227.0,5,3.0,11
1802.0,GS_cluster_10123822790_11303526453_11303526454_248766831_#2more,11,238.0,5,4.0,11
1803.0,GS_cluster_10123822790_11303526453_11303526454_248766831_#2more,11,249.0,5,5.0,11
1804.0,GS_cluster_10123822790_11303526453_11303526454_248766831_#2more,11,260.0,5,6.0,11
1805.0,GS_cluster_10123822790_11303526453_11303526454_248766831_#2more,8,163.0,0,1.0,8
1806.0,GS_cluster_10123822790_11303526453_11303526454_248766831_#2more,5,103.0,0,2.0,8
1807.0,GS_cluster_10123822790_11303526453_11303526454_248766831_#2more,3,57.0,0,3.0,8
1808.0,GS_cluster_10123822790_11303526453_11303526454_248766831_#2more,2,37.0,0,4.0,6
1809.0,GS_cluster_10123822790_11303526453_11303526454_248766831_#2more,1,18.0,0,5.0,5
1810.0,GS_cluster_10123822790_11303526453_11303526454_248766831_#2more,0,0.0,0,6.0,6
1811.0,GS_cluster_10123822790_11303526453_11303526454_248766831_#2more,0,0.0,0,7.0,4
1812.0,GS_cluster_10123822790_11303526453_11303526454_248766831_#2more,0,0.0,0,8.0,4
1813.0,GS_cluster_10123822790_11303526453_11303526454_248766831_#2more,0,0.0,0,9.0,3
1814.0,GS_cluster_10123822790_11303526453_11303526454_248766831_#2more,0,0.0,0,10.0,3
1815.0,GS_cluster_10123822790_11303526453_11303526454_248766831_#2more,0,0.0,0,11.0,2
1816.0,GS_cluster_10123822790_11303526453_11303526454_248766831_#2more,0,0.0,0,12.0,2
1817.0,GS_cluster_10123822790_11303526453_11303526454_248766831_#2more,0,0.0,0,13.0,2
1818.0,GS_cluster_10123822790_11303526453_11303526454_248766831_#2more,0,0.0,0,14.0,3
1819.0,GS_cluster_10123822790_11303526453_11303526454_248766831_#2more,0,0.0,0,15.0,2
1820.0,GS_cluster_10123822790_11303526453_11303526454_248766831_#2more,0,0.0,0,16.0,2
1821.0,GS_cluster_10123822790_11303526453_11303526454_248766831_#2more,0,0.0,0,17.0,2
1822.0,GS_cluster_10123822790_11303526453_11303526454_248766831_#2more,0,0.0,0,18.0,2
1823.0,GS_cluster_10123822790_11303526453_11303526454_248766831_#2more,0,0.0,0,19.0,3
1824.0,GS_cluster_10123822790_11303526453_11303526454_248766831_#2more,1,1.0,0,20.0,5
1825.0,GS_cluster_10123822790_11303526453_11303526454_248766831_#2more,1,2.0,0,21.0,4
1826.0,GS_cluster_10123822790_11303526453_11303526454_248766831_#2more,1,3.0,0,22.0,3
1827.0,GS_cluster_10123822790_11303526453_11303526454_248766831_#2more,1,4.0,0,23.0,3
1828.0,GS_cluster_10123822790_11303526453_11303526454_248766831_#2more,1,5.0,0,24.0,3
1829.0,GS_cluster_10123822790_11303526453_11303526454_248766831_#2more,2,7.0,0,25.0,3
1830.0,GS_cluster_10123822790_11303526453_11303526454_248766831_#2more,2,9.0,0,26.0,3
1831.0,GS_cluster_10123822790_11303526453_11303526454_248766831_#2more,2,11.0,0,27.0,3
1832.0,GS_cluster_10123822790_11303526453_11303526454_248766831_#2more,1,9.0,0,28.0,3
1833.0,GS_cluster_10123822790_11303526453_11303526454_248766831_#2more,1,10.0,0,29.0,3
1834.0,GS_cluster_10123822790_11303526453_11303526454_248766831_#2more,1,11.0,1,1.0,3
1835.0,GS_cluster_10123822790_11303526453_11303526454_248766831_#2more,2,13.0,1,2.0,3
1836.0,GS_cluster_10123822790_11303526453_11303526454_248766831_#2more,3,16.0,1,3.0,4
1837.0,GS_cluster_10123822790_11303526453_11303526454_248766831_#2more,3,19.0,1,4.0,4
1838.0,GS_cluster_10123822790_11303526453_11303526454_248766831_#2more,3,22.0,1,5.0,6
1839.0,GS_cluster_10123822790_11303526453_11303526454_248766831_#2more,3,25.0,1,6.0,6
1840.0,GS_cluster_10123822790_11303526453_11303526454_248766831_#2more,2,11.0,2,1.0,4
1841.0,GS_cluster_10123822790_11303526453_11303526454_248766831_#2more,2,13.0,2,2.0,5
1842.0,GS_cluster_10123822790_11303526453_11303526454_248766831_#2more,2,15.0,2,3.0,5
1843.0,GS_cluster_10123822790_11303526453_11303526454_248766831_#2more,2,17.0,2,4.0,6
1844.0,GS_cluster_10123822790_11303526453_11303526454_248766831_#2more,2,19.0,2,5.0,6
1845.0,GS_cluster_10123822790_11303526453_11303526454_248766831_#2more,3,22.0,2,6.0,6
1846.0,GS_cluster_10123822790_11303526453_11303526454_248766831_#2more,5,27.0,2,7.0,6
1847.0,GS_cluster_10123822790_11303526453_11303526454_248766831_#2more,6,33.0,2,8.0,8
1848.0,GS_cluster_10123822790_11303526453_11303526454_248766831_#2more,6,39.0,2,9.0,8
1849.0,GS_cluster_10123822790_11303526453_11303526454_248766831_#2more,6,45.0,2,10.0,8
1850.0,GS_cluster_10123822790_11303526453_11303526454_248766831_#2more,6,51.0,2,11.0,9
1851.0,GS_cluster_10123822790_11303526453_11303526454_248766831_#2more,6,57.0,2,12.0,10
1852.0,GS_cluster_10123822790_11303526453_11303526454_248766831_#2more,8,65.0,2,13.0,10
1853.0,GS_cluster_10123822790_11303526453_11303526454_248766831_#2more,8,73.0,2,14.0,10
1854.0,GS_cluster_10123822790_11303526453_11303526454_248766831_#2more,8,81.0,2,15.0,10
1855.0,GS_cluster_10123822790_11303526453_11303526454_248766831_#2more,8,89.0,3,1.0,11
1856.0,GS_cluster_10123822790_11303526453_11303526454_248766831_#2more,8,97.0,3,2.0,13
1857.0,GS_cluster_10123822790_11303526453_11303526454_248766831_#2more,9,106.0,3,3.0,13
1858.0,GS_cluster_10123822790_11303526453_11303526454_248766831_#2more,11,117.0,3,4.0,13
1859.0,GS_cluster_10123822790_11303526453_11303526454_248766831_#2more,11,128.0,3,5.0,13
1860.0,GS_cluster_10123822790_11303526453_11303526454_248766831_#2more,13,141.0,3,6.0,13
1861.0,GS_cluster_10123822790_11303526453_11303526454_248766831_#2more,12,127.0,4,1.0,13
1862.0,GS_cluster_10123822790_11303526453_11303526454_248766831_#2more,12,139.0,4,2.0,13
1863.0,GS_cluster_10123822790_11303526453_11303526454_248766831_#2more,12,151.0,4,3.0,14
1864.0,GS_cluster_10123822790_11303526453_11303526454_248766831_#2more,12,163.0,4,4.0,14
1865.0,GS_cluster_10123822790_11303526453_11303526454_248766831_#2more,12,175.0,4,5.0,14
1866.0,GS_cluster_10123822790_11303526453_11303526454_248766831_#2more,12,187.0,4,6.0,14
1867.0,GS_cluster_10123822790_11303526453_11303526454_248766831_#2more,13,200.0,4,7.0,14
1868.0,GS_cluster_10123822790_11303526453_11303526454_248766831_#2more,14,214.0,4,8.0,14
1869.0,GS_cluster_10123822790_11303526453_11303526454_248766831_#2more,14,228.0,4,9.0,14
1870.0,GS_cluster_10123822790_11303526453_11303526454_248766831_#2more,14,242.0,4,10.0,14
1871.0,GS_cluster_10123822790_11303526453_11303526454_248766831_#2more,14,256.0,4,11.0,14
1872.0,GS_cluster_10123822790_11303526453_11303526454_248766831_#2more,14,270.0,4,12.0,14
1873.0,GS_cluster_10123822790_11303526453_11303526454_248766831_#2more,14,284.0,4,13.0,14
1874.0,GS_cluster_10123822790_11303526453_11303526454_248766831_#2more,14,298.0,5,1.0,14
1875.0,GS_cluster_10123822790_11303526453_11303526454_248766831_#2more,14,312.0,5,2.0,14
1876.0,GS_cluster_10123822790_11303526453_11303526454_248766831_#2more,14,326.0,5,3.0,14
1877.0,GS_cluster_10123822790_11303526453_11303526454_248766831_#2more,14,340.0,5,4.0,14
1878.0,GS_cluster_10123822790_11303526453_11303526454_248766831_#2more,14,354.0,5,5.0,14
1879.0,GS_cluster_10123822790_11303526453_11303526454_248766831_#2more,14,368.0,5,6.0,14
1880.0,GS_cluster_10123822790_11303526453_11303526454_248766831_#2more,10,231.0,0,1.0,10
1881.0,GS_cluster_10123822790_11303526453_11303526454_248766831_#2more,6,122.0,0,2.0,10
1882.0,GS_cluster_10123822790_11303526453_11303526454_248766831_#2more,3,54.0,0,3.0,10
1883.0,GS_cluster_10123822790_11303526453_11303526454_248766831_#2more,2,33.0,0,4.0,6
1884.0,GS_cluster_10123822790_11303526453_11303526454_248766831_#2more,1,17.0,0,5.0,6
1885.0,GS_cluster_10123822790_11303526453_11303526454_248766831_#2more,0,0.0,0,6.0,5
1886.0,GS_cluster_10123822790_11303526453_11303526454_248766831_#2more,0,0.0,0,7.0,5
1887.0,GS_cluster_10123822790_11303526453_11303526454_248766831_#2more,0,0.0,0,8.0,5
1888.0,GS_cluster_10123822790_11303526453_11303526454_248766831_#2more,0,0.0,0,9.0,6
1889.0,GS_cluster_10123822790_11303526453_11303526454_248766831_#2more,0,0.0,0,10.0,7
1890.0,GS_cluster_10123822790_11303526453_11303526454_248766831_#2more,0,0.0,0,11.0,6
1891.0,GS_cluster_10123822790_11303526453_11303526454_248766831_#2more,1,1.0,0,12.0,7
1892.0,GS_cluster_10123822790_11303526453_11303526454_248766831_#2more,1,2.0,0,13.0,6
1893.0,GS_cluster_10123822790_11303526453_11303526454_248766831_#2more,2,4.0,0,14.0,5
1894.0,GS_cluster_10123822790_11303526453_11303526454_248766831_#2more,2,6.0,0,15.0,6
1895.0,GS_cluster_10123822790_11303526453_11303526454_248766831_#2more,2,8.0,0,16.0,6
1896.0,GS_cluster_10123822790_11303526453_11303526454_248766831_#2more,2,10.0,0,17.0,5
1897.0,GS_cluster_10123822790_11303526453_11303526454_248766831_#2more,2,12.0,0,18.0,5
1898.0,GS_cluster_10123822790_11303526453_11303526454_248766831_#2more,2,14.0,0,19.0,4
1899.0,GS_cluster_10123822790_11303526453_11303526454_248766831_#2more,2,16.0,1,1.0,4
1900.0,GS_cluster_10123822790_11303526453_11303526454_248766831_#2more,2,18.0,1,2.0,4
1901.0,GS_cluster_10123822790_11303526453_11303526454_248766831_#2more,2,20.0,1,3.0,4
1902.0,GS_cluster_10123822790_11303526453_11303526454_248766831_#2more,2,22.0,1,4.0,4
1903.0,GS_cluster_10123822790_11303526453_11303526454_248766831_#2more,3,25.0,1,5.0,4
1904.0,GS_cluster_10123822790_11303526453_11303526454_248766831_#2more,4,29.0,1,6.0,4
1905.0,GS_cluster_10123822790_11303526453_11303526454_248766831_#2more,3,18.0,2,1.0,3
1906.0,GS_cluster_10123822790_11303526453_11303526454_248766831_#2more,2,7.0,2,2.0,3
1907.0,GS_cluster_10123822790_11303526453_11303526454_248766831_#2more,2,9.0,2,3.0,3
1908.0,GS_cluster_10123822790_11303526453_11303526454_248766831_#2more,2,11.0,2,4.0,2
1909.0,GS_cluster_10123822790_11303526453_11303526454_248766831_#2more,2,13.0,2,5.0,2
1910.0,GS_cluster_10123822790_11303526453_11303526454_248766831_#2more,2,15.0,2,6.0,2
1911.0,GS_cluster_10123822790_11303526453_11303526454_248766831_#2more,2,17.0,2,7.0,2
1912.0,GS_cluster_10123822790_11303526453_11303526454_248766831_#2more,2,19.0,2,8.0,2
1913.0,GS_cluster_10123822790_11303526453_11303526454_248766831_#2more,2,21.0,2,9.0,2
1914.0,GS_cluster_10123822790_11303526453_11303526454_248766831_#2more,2,23.0,2,10.0,2
1915.0,GS_cluster_10123822790_11303526453_11303526454_248766831_#2more,2,25.0,2,11.0,2
1916.0,GS_cluster_10123822790_11303526453_11303526454_248766831_#2more,2,27.0,2,12.0,2
1917.0,GS_cluster_10123822790_11303526453_11303526454_248766831_#2more,2,29.0,2,13.0,2
1918.0,GS_cluster_10123822790_11303526453_11303526454_248766831_#2more,2,31.0,3,1.0,2
1919.0,GS_cluster_10123822790_11303526453_11303526454_248766831_#2more,2,33.0,3,2.0,2
1920.0,GS_cluster_10123822790_11303526453_11303526454_248766831_#2more,2,35.0,3,3.0,2
1921.0,GS_cluster_10123822790_11303526453_11303526454_248766831_#2more,2,37.0,3,4.0,2
1922.0,GS_cluster_10123822790_11303526453_11303526454_248766831_#2more,2,39.0,3,5.0,2
1923.0,GS_cluster_10123822790_11303526453_11303526454_248766831_#2more,2,41.0,3,6.0,2
1924.0,GS_cluster_10123822790_11303526453_11303526454_248766831_#2more,2,43.0,4,1.0,2
1925.0,GS_cluster_10123822790_11303526453_11303526454_248766831_#2more,2,45.0,4,2.0,2
1926.0,GS_cluster_10123822790_11303526453_11303526454_248766831_#2more,2,47.0,4,3.0,3
1927.0,GS_cluster_10123822790_11303526453_11303526454_248766831_#2more,2,49.0,4,4.0,3
1928.0,GS_cluster_10123822790_11303526453_11303526454_248766831_#2more,2,51.0,4,5.0,3
1929.0,GS_cluster_10123822790_11303526453_11303526454_248766831_#2more,2,53.0,4,6.0,4
1930.0,GS_cluster_10123822790_11303526453_11303526454_248766831_#2more,2,55.0,4,7.0,4
1931.0,GS_cluster_10123822790_11303526453_11303526454_248766831_#2more,3,58.0,4,8.0,4
1932.0,GS_cluster_10123822790_11303526453_11303526454_248766831_#2more,3,61.0,4,9.0,4
1933.0,GS_cluster_10123822790_11303526453_11303526454_248766831_#2more,3,64.0,4,10.0,5
1934.0,GS_cluster_10123822790_11303526453_11303526454_248766831_#2more,4,68.0,4,11.0,5
1935.0,GS_cluster_10123822790_11303526453_11303526454_248766831_#2more,4,72.0,4,12.0,5
1936.0,GS_cluster_10123822790_11303526453_11303526454_248766831_#2more,4,76.0,4,13.0,5
1937.0,GS_cluster_10123822790_11303526453_11303526454_248766831_#2more,4,80.0,5,1.0,5
1938.0,GS_cluster_10123822790_11303526453_11303526454_248766831_#2more,4,84.0,5,2.0,5
1939.0,GS_cluster_10123822790_11303526453_11303526454_248766831_#2more,5,89.0,5,3.0,5
1940.0,GS_cluster_10123822790_11303526453_11303526454_248766831_#2more,5,94.0,5,4.0,5
1941.0,GS_cluster_10123822790_11303526453_11303526454_248766831_#2more,5,99.0,5,5.0,5
1942.0,GS_cluster_10123822790_11303526453_11303526454_248766831_#2more,5,104.0,5,6.0,5
1943.0,GS_cluster_10123822790_11303526453_11303526454_248766831_#2more,2,15.0,0,1.0,2
1944.0,GS_cluster_10123822790_11303526453_11303526454_248766831_#2more,0,0.0,0,2.0,2
1945.0,GS_cluster_10123822790_11303526453_11303526454_248766831_#2more,0,0.0,0,3.0,2
1946.0,GS_cluster_10123822790_11303526453_11303526454_248766831_#2more,0,0.0,0,4.0,2
1947.0,GS_cluster_10123822790_11303526453_11303526454_248766831_#2more,0,0.0,0,5.0,1
1948.0,GS_cluster_10123822790_11303526453_11303526454_248766831_#2more,0,0.0,0,6.0,1
1949.0,GS_cluster_10123822790_11303526453_11303526454_248766831_#2more,0,0.0,0,7.0,1
1950.0,GS_cluster_10123822790_11303526453_11303526454_248766831_#2more,0,0.0,0,8.0,1
1951.0,GS_cluster_10123822790_11303526453_11303526454_248766831_#2more,0,0.0,0,9.0,1
1952.0,GS_cluster_10123822790_11303526453_11303526454_248766831_#2more,0,0.0,0,10.0,1
1953.0,GS_cluster_10123822790_11303526453_11303526454_248766831_#2more,0,0.0,0,11.0,1
1954.0,GS_cluster_10123822790_11303526453_11303526454_248766831_#2more,0,0.0,0,12.0,1
1955.0,GS_cluster_10123822790_11303526453_11303526454_248766831_#2more,0,0.0,0,13.0,1
1956.0,GS_cluster_10123822790_11303526453_11303526454_248766831_#2more,0,0.0,1,1.0,1
1957.0,GS_cluster_10123822790_11303526453_11303526454_248766831_#2more,0,0.0,1,2.0,1
1958.0,GS_cluster_10123822790_11303526453_11303526454_248766831_#2more,0,0.0,1,3.0,1
1959.0,GS_cluster_10123822790_11303526453_11303526454_248766831_#2more,0,0.0,1,4.0,1
1960.0,GS_cluster_10123822790_11303526453_11303526454_248766831_#2more,0,0.0,1,5.0,1
1961.0,GS_cluster_10123822790_11303526453_11303526454_248766831_#2more,0,0.0,1,6.0,1
1962.0,GS_cluster_10123822790_11303526453_11303526454_248766831_#2more,0,0.0,2,1.0,2
1963.0,GS_cluster_10123822790_11303526453_11303526454_248766831_#2more,0,0.0,2,2.0,2
1964.0,GS_cluster_10123822790_11303526453_11303526454_248766831_#2more,0,0.0,2,3.0,2
1965.0,GS_cluster_10123822790_11303526453_11303526454_248766831_#2more,1,1.0,2,4.0,2
1966.0,GS_cluster_10123822790_11303526453_11303526454_248766831_#2more,1,2.0,2,5.0,2
1967.0,GS_cluster_10123822790_11303526453_11303526454_248766831_#2more,1,3.0,2,6.0,2
1968.0,GS_cluster_10123822790_11303526453_11303526454_248766831_#2more,1,4.0,2,7.0,3
1969.0,GS_cluster_10123822790_11303526453_11303526454_248766831_#2more,2,6.0,2,8.0,3
1970.0,GS_cluster_10123822790_11303526453_11303526454_248766831_#2more,2,8.0,2,9.0,5
1971.0,GS_cluster_10123822790_11303526453_11303526454_248766831_#2more,2,10.0,2,10.0,5
1972.0,GS_cluster_10123822790_11303526453_11303526454_248766831_#2more,2,12.0,2,11.0,6
1973.0,GS_cluster_10123822790_11303526453_11303526454_248766831_#2more,3,15.0,2,12.0,6
1974.0,GS_cluster_10123822790_11303526453_11303526454_248766831_#2more,3,18.0,2,13.0,6
1975.0,GS_cluster_10123822790_11303526453_11303526454_248766831_#2more,4,22.0,2,14.0,6
1976.0,GS_cluster_10123822790_11303526453_11303526454_248766831_#2more,5,27.0,3,1.0,7
1977.0,GS_cluster_10123822790_11303526453_11303526454_248766831_#2more,5,32.0,3,2.0,8
1978.0,GS_cluster_10123822790_11303526453_11303526454_248766831_#2more,6,38.0,3,3.0,8
1979.0,GS_cluster_10123822790_11303526453_11303526454_248766831_#2more,6,44.0,3,4.0,8
1980.0,GS_cluster_10123822790_11303526453_11303526454_248766831_#2more,6,50.0,3,5.0,8
1981.0,GS_cluster_10123822790_11303526453_11303526454_248766831_#2more,7,57.0,3,6.0,9
1982.0,GS_cluster_10123822790_11303526453_11303526454_248766831_#2more,7,47.0,4,1.0,8
1983.0,GS_cluster_10123822790_11303526453_11303526454_248766831_#2more,7,54.0,4,2.0,8
1984.0,GS_cluster_10123822790_11303526453_11303526454_248766831_#2more,7,61.0,4,3.0,8
1985.0,GS_cluster_10123822790_11303526453_11303526454_248766831_#2more,7,68.0,4,4.0,9
1986.0,GS_cluster_10123822790_11303526453_11303526454_248766831_#2more,7,75.0,4,5.0,9
1987.0,GS_cluster_10123822790_11303526453_11303526454_248766831_#2more,8,83.0,4,6.0,9
1988.0,GS_cluster_10123822790_11303526453_11303526454_248766831_#2more,8,91.0,4,7.0,9
1989.0,GS_cluster_10123822790_11303526453_11303526454_248766831_#2more,8,99.0,4,8.0,10
1990.0,GS_cluster_10123822790_11303526453_11303526454_248766831_#2more,8,107.0,4,9.0,10
1991.0,GS_cluster_10123822790_11303526453_11303526454_248766831_#2more,9,116.0,4,10.0,10
1992.0,GS_cluster_10123822790_11303526453_11303526454_248766831_#2more,9,125.0,4,11.0,10
1993.0,GS_cluster_10123822790_11303526453_11303526454_248766831_#2more,10,135.0,4,12.0,10
1994.0,GS_cluster_10123822790_11303526453_11303526454_248766831_#2more,10,145.0,4,13.0,11
1995.0,GS_cluster_10123822790_11303526453_11303526454_248766831_#2more,10,155.0,5,1.0,11
1996.0,GS_cluster_10123822790_11303526453_11303526454_248766831_#2more,10,165.0,5,2.0,11
1997.0,GS_cluster_10123822790_11303526453_11303526454_248766831_#2more,10,175.0,5,3.0,12
1998.0,GS_cluster_10123822790_11303526453_11303526454_248766831_#2more,10,185.0,5,4.0,12
1999.0,GS_cluster_10123822790_11303526453_11303526454_248766831_#2more,10,195.0,5,5.0,13
2000.0,GS_cluster_10123822790_11303526453_11303526454_248766831_#2more,10,205.0,5,6.0,13
2001.0,GS_cluster_10123822790_11303526453_11303526454_248766831_#2more,7,121.0,0,1.0,9
2002.0,GS_cluster_10123822790_11303526453_11303526454_248766831_#2more,4,61.0,0,2.0,10
2003.0,GS_cluster_10123822790_11303526453_11303526454_248766831_#2more,3,25.0,0,3.0,10
2004.0,GS_cluster_10123822790_11303526453_11303526454_248766831_#2more,1,2.0,0,4.0,8
2005.0,GS_cluster_10123822790_11303526453_11303526454_248766831_#2more,0,0.0,0,5.0,7
2006.0,GS_cluster_10123822790_11303526453_11303526454_248766831_#2more,0,0.0,0,6.0,8
2007.0,GS_cluster_10123822790_11303526453_11303526454_248766831_#2more,1,1.0,0,7.0,6
2008.0,GS_cluster_10123822790_11303526453_11303526454_248766831_#2more,1,2.0,0,8.0,6
2009.0,GS_cluster_10123822790_11303526453_11303526454_248766831_#2more,2,4.0,0,9.0,4
2010.0,GS_cluster_10123822790_11303526453_11303526454_248766831_#2more,2,6.0,0,10.0,4
2011.0,GS_cluster_10123822790_11303526453_11303526454_248766831_#2more,3,9.0,0,11.0,4
2012.0,GS_cluster_10123822790_11303526453_11303526454_248766831_#2more,3,12.0,0,12.0,3
2013.0,GS_cluster_10123822790_11303526453_11303526454_248766831_#2more,3,15.0,0,13.0,3
2014.0,GS_cluster_10123822790_11303526453_11303526454_248766831_#2more,3,18.0,1,1.0,3
2015.0,GS_cluster_10123822790_11303526453_11303526454_248766831_#2more,3,21.0,1,2.0,3
2016.0,GS_cluster_10123822790_11303526453_11303526454_248766831_#2more,3,24.0,1,3.0,4
2017.0,GS_cluster_10123822790_11303526453_11303526454_248766831_#2more,3,27.0,1,4.0,4
2018.0,GS_cluster_10123822790_11303526453_11303526454_248766831_#2more,3,30.0,1,5.0,4
2019.0,GS_cluster_10123822790_11303526453_11303526454_248766831_#2more,3,33.0,1,6.0,4
2020.0,GS_cluster_10123822790_11303526453_11303526454_248766831_#2more,2,22.0,2,1.0,3
2021.0,GS_cluster_10123822790_11303526453_11303526454_248766831_#2more,1,11.0,2,2.0,4
2022.0,GS_cluster_10123822790_11303526453_11303526454_248766831_#2more,0,0.0,2,3.0,4
2023.0,GS_cluster_10123822790_11303526453_11303526454_248766831_#2more,0,0.0,2,4.0,4
2024.0,GS_cluster_10123822790_11303526453_11303526454_248766831_#2more,0,0.0,2,5.0,4
2025.0,GS_cluster_10123822790_11303526453_11303526454_248766831_#2more,0,0.0,2,6.0,5
2026.0,GS_cluster_10123822790_11303526453_11303526454_248766831_#2more,0,0.0,2,7.0,4
2027.0,GS_cluster_10123822790_11303526453_11303526454_248766831_#2more,0,0.0,2,8.0,4
2028.0,GS_cluster_10123822790_11303526453_11303526454_248766831_#2more,0,0.0,2,9.0,4
2029.0,GS_cluster_10123822790_11303526453_11303526454_248766831_#2more,0,0.0,2,10.0,4
2030.0,GS_cluster_10123822790_11303526453_11303526454_248766831_#2more,0,0.0,2,11.0,4
2031.0,GS_cluster_10123822790_11303526453_11303526454_248766831_#2more,0,0.0,2,12.0,4
2032.0,GS_cluster_10123822790_11303526453_11303526454_248766831_#2more,0,0.0,2,13.0,4
2033.0,GS_cluster_10123822790_11303526453_11303526454_248766831_#2more,0,0.0,3,1.0,4
2034.0,GS_cluster_10123822790_11303526453_11303526454_248766831_#2more,0,0.0,3,2.0,4
2035.0,GS_cluster_10123822790_11303526453_11303526454_248766831_#2more,1,1.0,3,3.0,4
2036.0,GS_cluster_10123822790_11303526453_11303526454_248766831_#2more,1,2.0,3,4.0,4
2037.0,GS_cluster_10123822790_11303526453_11303526454_248766831_#2more,1,3.0,3,5.0,4
2038.0,GS_cluster_10123822790_11303526453_11303526454_248766831_#2more,2,5.0,3,6.0,4
2039.0,GS_cluster_10123822790_11303526453_11303526454_248766831_#2more,0,0.0,4,1.0,2
2040.0,GS_cluster_10123822790_11303526453_11303526454_248766831_#2more,0,0.0,4,2.0,2
2041.0,GS_cluster_10123822790_11303526453_11303526454_248766831_#2more,0,0.0,4,3.0,2
2042.0,GS_cluster_10123822790_11303526453_11303526454_248766831_#2more,0,0.0,4,4.0,2
2043.0,GS_cluster_10123822790_11303526453_11303526454_248766831_#2more,0,0.0,4,5.0,2
2044.0,GS_cluster_10123822790_11303526453_11303526454_248766831_#2more,0,0.0,4,6.0,3
2045.0,GS_cluster_10123822790_11303526453_11303526454_248766831_#2more,0,0.0,4,7.0,2
2046.0,GS_cluster_10123822790_11303526453_11303526454_248766831_#2more,0,0.0,4,8.0,3
2047.0,GS_cluster_10123822790_11303526453_11303526454_248766831_#2more,0,0.0,4,9.0,3
2048.0,GS_cluster_10123822790_11303526453_11303526454_248766831_#2more,1,1.0,4,10.0,3
2049.0,GS_cluster_10123822790_11303526453_11303526454_248766831_#2more,1,2.0,4,11.0,4
2050.0,GS_cluster_10123822790_11303526453_11303526454_248766831_#2more,2,4.0,4,12.0,4
2051.0,GS_cluster_10123822790_11303526453_11303526454_248766831_#2more,3,7.0,4,13.0,4
2052.0,GS_cluster_10123822790_11303526453_11303526454_248766831_#2more,3,10.0,5,1.0,4
2053.0,GS_cluster_10123822790_11303526453_11303526454_248766831_#2more,3,13.0,5,2.0,5
2054.0,GS_cluster_10123822790_11303526453_11303526454_248766831_#2more,3,16.0,5,3.0,5
2055.0,GS_cluster_10123822790_11303526453_11303526454_248766831_#2more,3,19.0,5,4.0,6
2056.0,GS_cluster_10123822790_11303526453_11303526454_248766831_#2more,4,23.0,5,5.0,6
2057.0,GS_cluster_10123822790_11303526453_11303526454_248766831_#2more,4,27.0,5,6.0,6
2058.0,GS_cluster_10123822790_11303526453_11303526454_248766831_#2more,3,13.0,0,1.0,5
2059.0,GS_cluster_10123822790_11303526453_11303526454_248766831_#2more,1,2.0,0,2.0,6
2060.0,GS_cluster_10123822790_11303526453_11303526454_248766831_#2more,0,0.0,0,3.0,6
2061.0,GS_cluster_10123822790_11303526453_11303526454_248766831_#2more,0,0.0,0,4.0,5
2062.0,GS_cluster_10123822790_11303526453_11303526454_248766831_#2more,0,0.0,0,5.0,5
2063.0,GS_cluster_10123822790_11303526453_11303526454_248766831_#2more,0,0.0,0,6.0,6
2064.0,GS_cluster_10123822790_11303526453_11303526454_248766831_#2more,0,0.0,0,7.0,5
2065.0,GS_cluster_10123822790_11303526453_11303526454_248766831_#2more,0,0.0,0,8.0,5
2066.0,GS_cluster_10123822790_11303526453_11303526454_248766831_#2more,0,0.0,0,9.0,6
2067.0,GS_cluster_10123822790_11303526453_11303526454_248766831_#2more,0,0.0,0,10.0,5
2068.0,GS_cluster_10123822790_11303526453_11303526454_248766831_#2more,0,0.0,0,11.0,6
2069.0,GS_cluster_10123822790_11303526453_11303526454_248766831_#2more,0,0.0,0,12.0,5
2070.0,GS_cluster_10123822790_11303526453_11303526454_248766831_#2more,0,0.0,0,13.0,4
2071.0,GS_cluster_10123822790_11303526453_11303526454_248766831_#2more,0,0.0,0,14.0,5
2072.0,GS_cluster_10123822790_11303526453_11303526454_248766831_#2more,0,0.0,0,15.0,5
2073.0,GS_cluster_10123822790_11303526453_11303526454_248766831_#2more,0,0.0,0,16.0,5
2074.0,GS_cluster_10123822790_11303526453_11303526454_248766831_#2more,0,0.0,0,17.0,4
2075.0,GS_cluster_10123822790_11303526453_11303526454_248766831_#2more,0,0.0,1,1.0,4
2076.0,GS_cluster_10123822790_11303526453_11303526454_248766831_#2more,0,0.0,1,2.0,4
2077.0,GS_cluster_10123822790_11303526453_11303526454_248766831_#2more,1,1.0,1,3.0,4
2078.0,GS_cluster_10123822790_11303526453_11303526454_248766831_#2more,1,2.0,1,4.0,4
2079.0,GS_cluster_10123822790_11303526453_11303526454_248766831_#2more,2,4.0,1,5.0,4
2080.0,GS_cluster_10123822790_11303526453_11303526454_248766831_#2more,2,6.0,1,6.0,4
2081.0,GS_cluster_10123822790_11303526453_11303526454_248766831_#2more,3,9.0,2,1.0,4
2082.0,GS_cluster_10123822790_11303526453_11303526454_248766831_#2more,4,13.0,2,2.0,5
2083.0,GS_cluster_10123822790_11303526453_11303526454_248766831_#2more,4,17.0,2,3.0,6
2084.0,GS_cluster_10123822790_11303526453_11303526454_248766831_#2more,4,21.0,2,4.0,6
2085.0,GS_cluster_10123822790_11303526453_11303526454_248766831_#2more,4,25.0,2,5.0,7
2086.0,GS_cluster_10123822790_11303526453_11303526454_248766831_#2more,4,29.0,2,6.0,7
2087.0,GS_cluster_10123822790_11303526453_11303526454_248766831_#2more,4,33.0,2,7.0,8
2088.0,GS_cluster_10123822790_11303526453_11303526454_248766831_#2more,5,38.0,2,8.0,9
2089.0,GS_cluster_10123822790_11303526453_11303526454_248766831_#2more,6,44.0,2,9.0,10
2090.0,GS_cluster_10123822790_11303526453_11303526454_248766831_#2more,6,50.0,2,10.0,11
2091.0,GS_cluster_10123822790_11303526453_11303526454_248766831_#2more,6,56.0,2,11.0,12
2092.0,GS_cluster_10123822790_11303526453_11303526454_248766831_#2more,7,63.0,2,12.0,14
2093.0,GS_cluster_10123822790_11303526453_11303526454_248766831_#2more,8,71.0,2,13.0,14
2094.0,GS_cluster_10123822790_11303526453_11303526454_248766831_#2more,9,80.0,2,14.0,15
2095.0,GS_cluster_10123822790_11303526453_11303526454_248766831_#2more,11,91.0,2,15.0,15
2096.0,GS_cluster_10123822790_11303526453_11303526454_248766831_#2more,12,103.0,3,1.0,16
2097.0,GS_cluster_10123822790_11303526453_11303526454_248766831_#2more,14,117.0,3,2.0,16
2098.0,GS_cluster_10123822790_11303526453_11303526454_248766831_#2more,14,131.0,3,3.0,16
2099.0,GS_cluster_10123822790_11303526453_11303526454_248766831_#2more,15,146.0,3,4.0,16
2100.0,GS_cluster_10123822790_11303526453_11303526454_248766831_#2more,15,161.0,3,5.0,16
2101.0,GS_cluster_10123822790_11303526453_11303526454_248766831_#2more,16,177.0,3,6.0,17
2102.0,GS_cluster_10123822790_11303526453_11303526454_248766831_#2more,15,167.0,4,1.0,17
2103.0,GS_cluster_10123822790_11303526453_11303526454_248766831_#2more,14,157.0,4,2.0,17
2104.0,GS_cluster_10123822790_11303526453_11303526454_248766831_#2more,13,147.0,4,3.0,17
2105.0,GS_cluster_10123822790_11303526453_11303526454_248766831_#2more,13,137.0,4,4.0,16
2106.0,GS_cluster_10123822790_11303526453_11303526454_248766831_#2more,13,150.0,4,5.0,16
2107.0,GS_cluster_10123822790_11303526453_11303526454_248766831_#2more,14,164.0,4,6.0,16
2108.0,GS_cluster_10123822790_11303526453_11303526454_248766831_#2more,14,178.0,4,7.0,15
2109.0,GS_cluster_10123822790_11303526453_11303526454_248766831_#2more,14,192.0,4,8.0,15
2110.0,GS_cluster_10123822790_11303526453_11303526454_248766831_#2more,14,206.0,4,9.0,14
2111.0,GS_cluster_10123822790_11303526453_11303526454_248766831_#2more,14,220.0,4,10.0,14
2112.0,GS_cluster_10123822790_11303526453_11303526454_248766831_#2more,14,234.0,4,11.0,14
2113.0,GS_cluster_10123822790_11303526453_11303526454_248766831_#2more,14,248.0,4,12.0,14
2114.0,GS_cluster_10123822790_11303526453_11303526454_248766831_#2more,14,262.0,4,13.0,14
2115.0,GS_cluster_10123822790_11303526453_11303526454_248766831_#2more,14,276.0,5,1.0,14
2116.0,GS_cluster_10123822790_11303526453_11303526454_248766831_#2more,14,290.0,5,2.0,14
2117.0,GS_cluster_10123822790_11303526453_11303526454_248766831_#2more,14,304.0,5,3.0,14
2118.0,GS_cluster_10123822790_11303526453_11303526454_248766831_#2more,14,318.0,5,4.0,14
2119.0,GS_cluster_10123822790_11303526453_11303526454_248766831_#2more,14,332.0,5,5.0,14
2120.0,GS_cluster_10123822790_11303526453_11303526454_248766831_#2more,14,346.0,5,6.0,14
2121.0,GS_cluster_10123822790_11303526453_11303526454_248766831_#2more,10,237.0,0,1.0,10
2122.0,GS_cluster_10123822790_11303526453_11303526454_248766831_#2more,6,143.0,0,2.0,10
2123.0,GS_cluster_10123822790_11303526453_11303526454_248766831_#2more,3,75.0,0,3.0,10
2124.0,GS_cluster_10123822790_11303526453_11303526454_248766831_#2more,4,79.0,0,4.0,8
2125.0,GS_cluster_10123822790_11303526453_11303526454_248766831_#2more,4,83.0,0,5.0,7
2126.0,GS_cluster_10123822790_11303526453_11303526454_248766831_#2more,3,55.0,0,6.0,7
2127.0,GS_cluster_10123822790_11303526453_11303526454_248766831_#2more,2,29.0,0,7.0,7
2128.0,GS_cluster_10123822790_11303526453_11303526454_248766831_#2more,1,3.0,0,8.0,7
2129.0,GS_cluster_10123822790_11303526453_11303526454_248766831_#2more,2,5.0,0,9.0,6
2130.0,GS_cluster_10123822790_11303526453_11303526454_248766831_#2more,3,8.0,0,10.0,6
2131.0,GS_cluster_10123822790_11303526453_11303526454_248766831_#2more,3,11.0,0,11.0,5
2132.0,GS_cluster_10123822790_11303526453_11303526454_248766831_#2more,3,14.0,0,12.0,6
2133.0,GS_cluster_10123822790_11303526453_11303526454_248766831_#2more,3,17.0,0,13.0,6
2134.0,GS_cluster_10123822790_11303526453_11303526454_248766831_#2more,3,20.0,0,14.0,6
2135.0,GS_cluster_10123822790_11303526453_11303526454_248766831_#2more,3,23.0,0,15.0,6
2136.0,GS_cluster_10123822790_11303526453_11303526454_248766831_#2more,3,26.0,0,16.0,6
2137.0,GS_cluster_10123822790_11303526453_11303526454_248766831_#2more,3,29.0,0,17.0,6
2138.0,GS_cluster_10123822790_11303526453_11303526454_248766831_#2more,3,32.0,0,18.0,6
2139.0,GS_cluster_10123822790_11303526453_11303526454_248766831_#2more,3,35.0,0,19.0,6
2140.0,GS_cluster_10123822790_11303526453_11303526454_248766831_#2more,3,38.0,0,20.0,6
2141.0,GS_cluster_10123822790_11303526453_11303526454_248766831_#2more,3,41.0,0,21.0,6
2142.0,GS_cluster_10123822790_11303526453_11303526454_248766831_#2more,3,44.0,0,22.0,6
2143.0,GS_cluster_10123822790_11303526453_11303526454_248766831_#2more,3,47.0,0,23.0,5
2144.0,GS_cluster_10123822790_11303526453_11303526454_248766831_#2more,3,50.0,0,24.0,6
2145.0,GS_cluster_10123822790_11303526453_11303526454_248766831_#2more,3,53.0,0,25.0,5
2146.0,GS_cluster_10123822790_11303526453_11303526454_248766831_#2more,3,56.0,0,26.0,5
2147.0,GS_cluster_10123822790_11303526453_11303526454_248766831_#2more,3,59.0,0,27.0,5
2148.0,GS_cluster_10123822790_11303526453_11303526454_248766831_#2more,3,62.0,0,28.0,4
2149.0,GS_cluster_10123822790_11303526453_11303526454_248766831_#2more,3,65.0,0,29.0,5
2150.0,GS_cluster_10123822790_11303526453_11303526454_248766831_#2more,3,68.0,0,30.0,4
2151.0,GS_cluster_10123822790_11303526453_11303526454_248766831_#2more,3,71.0,0,31.0,4
2152.0,GS_cluster_10123822790_11303526453_11303526454_248766831_#2more,3,74.0,0,32.0,3
2153.0,GS_cluster_10123822790_11303526453_11303526454_248766831_#2more,3,77.0,1,1.0,3
2154.0,GS_cluster_10123822790_11303526453_11303526454_248766831_#2more,3,80.0,1,2.0,4
2155.0,GS_cluster_10123822790_11303526453_11303526454_248766831_#2more,3,83.0,1,3.0,4
2156.0,GS_cluster_10123822790_11303526453_11303526454_248766831_#2more,3,86.0,1,4.0,5
2157.0,GS_cluster_10123822790_11303526453_11303526454_248766831_#2more,3,89.0,1,5.0,5
2158.0,GS_cluster_10123822790_11303526453_11303526454_248766831_#2more,3,92.0,1,6.0,6
2159.0,GS_cluster_10123822790_11303526453_11303526454_248766831_#2more,3,62.0,2,1.0,5
2160.0,GS_cluster_10123822790_11303526453_11303526454_248766831_#2more,2,33.0,2,2.0,5
2161.0,GS_cluster_10123822790_11303526453_11303526454_248766831_#2more,2,4.0,2,3.0,5
2162.0,GS_cluster_10123822790_11303526453_11303526454_248766831_#2more,2,6.0,2,4.0,4
2163.0,GS_cluster_10123822790_11303526453_11303526454_248766831_#2more,3,9.0,2,5.0,4
2164.0,GS_cluster_10123822790_11303526453_11303526454_248766831_#2more,3,12.0,2,6.0,5
2165.0,GS_cluster_10123822790_11303526453_11303526454_248766831_#2more,3,15.0,2,7.0,4
2166.0,GS_cluster_10123822790_11303526453_11303526454_248766831_#2more,3,18.0,2,8.0,5
2167.0,GS_cluster_10123822790_11303526453_11303526454_248766831_#2more,3,21.0,2,9.0,7
2168.0,GS_cluster_10123822790_11303526453_11303526454_248766831_#2more,3,24.0,2,10.0,6
2169.0,GS_cluster_10123822790_11303526453_11303526454_248766831_#2more,3,27.0,2,11.0,9
2170.0,GS_cluster_10123822790_11303526453_11303526454_248766831_#2more,3,30.0,2,12.0,8
2171.0,GS_cluster_10123822790_11303526453_11303526454_248766831_#2more,3,33.0,2,13.0,10
2172.0,GS_cluster_10123822790_11303526453_11303526454_248766831_#2more,3,36.0,2,14.0,12
2173.0,GS_cluster_10123822790_11303526453_11303526454_248766831_#2more,3,39.0,2,15.0,12
2174.0,GS_cluster_10123822790_11303526453_11303526454_248766831_#2more,3,42.0,2,16.0,12
2175.0,GS_cluster_10123822790_11303526453_11303526454_248766831_#2more,4,46.0,2,17.0,12
2176.0,GS_cluster_10123822790_11303526453_11303526454_248766831_#2more,4,50.0,2,18.0,13
2177.0,GS_cluster_10123822790_11303526453_11303526454_248766831_#2more,4,54.0,2,19.0,13
2178.0,GS_cluster_10123822790_11303526453_11303526454_248766831_#2more,6,60.0,2,20.0,13
2179.0,GS_cluster_10123822790_11303526453_11303526454_248766831_#2more,7,67.0,2,21.0,13
2180.0,GS_cluster_10123822790_11303526453_11303526454_248766831_#2more,8,75.0,2,22.0,12
2181.0,GS_cluster_10123822790_11303526453_11303526454_248766831_#2more,8,83.0,3,1.0,12
2182.0,GS_cluster_10123822790_11303526453_11303526454_248766831_#2more,8,91.0,3,2.0,12
2183.0,GS_cluster_10123822790_11303526453_11303526454_248766831_#2more,8,99.0,3,3.0,13
2184.0,GS_cluster_10123822790_11303526453_11303526454_248766831_#2more,8,107.0,3,4.0,13
2185.0,GS_cluster_10123822790_11303526453_11303526454_248766831_#2more,9,116.0,3,5.0,13
2186.0,GS_cluster_10123822790_11303526453_11303526454_248766831_#2more,9,125.0,3,6.0,13
2187.0,GS_cluster_10123822790_11303526453_11303526454_248766831_#2more,8,131.0,4,1.0,13
2188.0,GS_cluster_10123822790_11303526453_11303526454_248766831_#2more,8,139.0,4,2.0,13
2189.0,GS_cluster_10123822790_11303526453_11303526454_248766831_#2more,8,147.0,4,3.0,13
2190.0,GS_cluster_10123822790_11303526453_11303526454_248766831_#2more,8,155.0,4,4.0,12
2191.0,GS_cluster_10123822790_11303526453_11303526454_248766831_#2more,8,163.0,4,5.0,12
2192.0,GS_cluster_10123822790_11303526453_11303526454_248766831_#2more,9,172.0,4,6.0,13
2193.0,GS_cluster_10123822790_11303526453_11303526454_248766831_#2more,9,181.0,4,7.0,13
2194.0,GS_cluster_10123822790_11303526453_11303526454_248766831_#2more,9,190.0,4,8.0,14
2195.0,GS_cluster_10123822790_11303526453_11303526454_248766831_#2more,9,199.0,4,9.0,14
2196.0,GS_cluster_10123822790_11303526453_11303526454_248766831_#2more,9,208.0,4,10.0,14
2197.0,GS_cluster_10123822790_11303526453_11303526454_248766831_#2more,9,217.0,4,11.0,14
2198.0,GS_cluster_10123822790_11303526453_11303526454_248766831_#2more,9,226.0,4,12.0,14
2199.0,GS_cluster_10123822790_11303526453_11303526454_248766831_#2more,9,235.0,4,13.0,14
2200.0,GS_cluster_10123822790_11303526453_11303526454_248766831_#2more,11,246.0,4,14.0,13
2201.0,GS_cluster_10123822790_11303526453_11303526454_248766831_#2more,11,257.0,4,15.0,13
2202.0,GS_cluster_10123822790_11303526453_11303526454_248766831_#2more,11,268.0,4,16.0,12
2203.0,GS_cluster_10123822790_11303526453_11303526454_248766831_#2more,12,280.0,5,1.0,12
2204.0,GS_cluster_10123822790_11303526453_11303526454_248766831_#2more,12,292.0,5,2.0,12
2205.0,GS_cluster_10123822790_11303526453_11303526454_248766831_#2more,12,304.0,5,3.0,12
2206.0,GS_cluster_10123822790_11303526453_11303526454_248766831_#2more,12,316.0,5,4.0,12
2207.0,GS_cluster_10123822790_11303526453_11303526454_248766831_#2more,12,328.0,5,5.0,12
2208.0,GS_cluster_10123822790_11303526453_11303526454_248766831_#2more,12,340.0,5,6.0,12
2209.0,GS_cluster_10123822790_11303526453_11303526454_248766831_#2more,8,202.0,0,1.0,9
2210.0,GS_cluster_10123822790_11303526453_11303526454_248766831_#2more,4,98.0,0,2.0,9
2211.0,GS_cluster_10123822790_11303526453_11303526454_248766831_#2more,0,0.0,0,3.0,10
2212.0,GS_cluster_10123822790_11303526453_11303526454_248766831_#2more,0,0.0,0,4.0,6
2213.0,GS_cluster_10123822790_11303526453_11303526454_248766831_#2more,0,0.0,0,5.0,7
2214.0,GS_cluster_10123822790_11303526453_11303526454_248766831_#2more,0,0.0,0,6.0,5
2215.0,GS_cluster_10123822790_11303526453_11303526454_248766831_#2more,0,0.0,0,7.0,3
2216.0,GS_cluster_10123822790_11303526453_11303526454_248766831_#2more,0,0.0,0,8.0,2
2217.0,GS_cluster_10123822790_11303526453_11303526454_248766831_#2more,0,0.0,0,9.0,1
2218.0,GS_cluster_10123822790_11303526453_11303526454_248766831_#2more,0,0.0,0,10.0,1
2219.0,GS_cluster_10123822790_11303526453_11303526454_248766831_#2more,0,0.0,0,11.0,1
2220.0,GS_cluster_10123822790_11303526453_11303526454_248766831_#2more,0,0.0,0,12.0,1
2221.0,GS_cluster_10123822790_11303526453_11303526454_248766831_#2more,0,0.0,0,13.0,1
2222.0,GS_cluster_10123822790_11303526453_11303526454_248766831_#2more,0,0.0,0,14.0,2
2223.0,GS_cluster_10123822790_11303526453_11303526454_248766831_#2more,0,0.0,0,15.0,1
2224.0,GS_cluster_10123822790_11303526453_11303526454_248766831_#2more,0,0.0,0,16.0,1
2225.0,GS_cluster_10123822790_11303526453_11303526454_248766831_#2more,0,0.0,0,17.0,1
2226.0,GS_cluster_10123822790_11303526453_11303526454_248766831_#2more,0,0.0,0,18.0,0
2227.0,GS_cluster_10123822790_11303526453_11303526454_248766831_#2more,0,0.0,0,19.0,0
2228.0,GS_cluster_10123822790_11303526453_11303526454_248766831_#2more,0,0.0,1,1.0,0
2229.0,GS_cluster_10123822790_11303526453_11303526454_248766831_#2more,0,0.0,1,2.0,0
2230.0,GS_cluster_10123822790_11303526453_11303526454_248766831_#2more,0,0.0,1,3.0,0
2231.0,GS_cluster_10123822790_11303526453_11303526454_248766831_#2more,0,0.0,1,4.0,1
2232.0,GS_cluster_10123822790_11303526453_11303526454_248766831_#2more,0,0.0,1,5.0,1
2233.0,GS_cluster_10123822790_11303526453_11303526454_248766831_#2more,0,0.0,1,6.0,1
2234.0,GS_cluster_10123822790_11303526453_11303526454_248766831_#2more,0,0.0,2,1.0,2
2235.0,GS_cluster_10123822790_11303526453_11303526454_248766831_#2more,0,0.0,2,2.0,2
2236.0,GS_cluster_10123822790_11303526453_11303526454_248766831_#2more,0,0.0,2,3.0,2
2237.0,GS_cluster_10123822790_11303526453_11303526454_248766831_#2more,0,0.0,2,4.0,2
2238.0,GS_cluster_10123822790_11303526453_11303526454_248766831_#2more,0,0.0,2,5.0,2
2239.0,GS_cluster_10123822790_11303526453_11303526454_248766831_#2more,2,2.0,2,6.0,2
2240.0,GS_cluster_10123822790_11303526453_11303526454_248766831_#2more,2,4.0,2,7.0,2
2241.0,GS_cluster_10123822790_11303526453_11303526454_248766831_#2more,2,6.0,2,8.0,2
2242.0,GS_cluster_10123822790_11303526453_11303526454_248766831_#2more,2,8.0,2,9.0,2
2243.0,GS_cluster_10123822790_11303526453_11303526454_248766831_#2more,2,10.0,2,10.0,2
2244.0,GS_cluster_10123822790_11303526453_11303526454_248766831_#2more,2,12.0,2,11.0,2
2245.0,GS_cluster_10123822790_11303526453_11303526454_248766831_#2more,2,14.0,2,12.0,2
2246.0,GS_cluster_10123822790_11303526453_11303526454_248766831_#2more,2,16.0,2,13.0,2
2247.0,GS_cluster_10123822790_11303526453_11303526454_248766831_#2more,2,18.0,3,1.0,2
2248.0,GS_cluster_10123822790_11303526453_11303526454_248766831_#2more,2,20.0,3,2.0,2
2249.0,GS_cluster_10123822790_11303526453_11303526454_248766831_#2more,2,22.0,3,3.0,3
2250.0,GS_cluster_10123822790_11303526453_11303526454_248766831_#2more,2,24.0,3,4.0,3
2251.0,GS_cluster_10123822790_11303526453_11303526454_248766831_#2more,2,26.0,3,5.0,3
2252.0,GS_cluster_10123822790_11303526453_11303526454_248766831_#2more,2,28.0,3,6.0,3
2253.0,GS_cluster_10123822790_11303526453_11303526454_248766831_#2more,2,30.0,4,1.0,3
2254.0,GS_cluster_10123822790_11303526453_11303526454_248766831_#2more,3,33.0,4,2.0,4
2255.0,GS_cluster_10123822790_11303526453_11303526454_248766831_#2more,3,36.0,4,3.0,4
2256.0,GS_cluster_10123822790_11303526453_11303526454_248766831_#2more,3,39.0,4,4.0,5
2257.0,GS_cluster_10123822790_11303526453_11303526454_248766831_#2more,3,42.0,4,5.0,5
2258.0,GS_cluster_10123822790_11303526453_11303526454_248766831_#2more,4,46.0,4,6.0,5
2259.0,GS_cluster_10123822790_11303526453_11303526454_248766831_#2more,4,50.0,4,7.0,5
2260.0,GS_cluster_10123822790_11303526453_11303526454_248766831_#2more,5,55.0,4,8.0,5
2261.0,GS_cluster_10123822790_11303526453_11303526454_248766831_#2more,5,60.0,4,9.0,5
2262.0,GS_cluster_10123822790_11303526453_11303526454_248766831_#2more,5,65.0,4,10.0,5
2263.0,GS_cluster_10123822790_11303526453_11303526454_248766831_#2more,5,70.0,4,11.0,5
2264.0,GS_cluster_10123822790_11303526453_11303526454_248766831_#2more,5,75.0,4,12.0,5
2265.0,GS_cluster_10123822790_11303526453_11303526454_248766831_#2more,5,80.0,4,13.0,5
2266.0,GS_cluster_10123822790_11303526453_11303526454_248766831_#2more,5,85.0,5,1.0,5
2267.0,GS_cluster_10123822790_11303526453_11303526454_248766831_#2more,5,90.0,5,2.0,5
2268.0,GS_cluster_10123822790_11303526453_11303526454_248766831_#2more,5,95.0,5,3.0,5
2269.0,GS_cluster_10123822790_11303526453_11303526454_248766831_#2more,5,100.0,5,4.0,5
2270.0,GS_cluster_10123822790_11303526453_11303526454_248766831_#2more,5,105.0,5,5.0,6
2271.0,GS_cluster_10123822790_11303526453_11303526454_248766831_#2more,5,110.0,5,6.0,6
2272.0,GS_cluster_10123822790_11303526453_11303526454_248766831_#2more,2,28.0,0,1.0,3
2273.0,GS_cluster_10123822790_11303526453_11303526454_248766831_#2more,1,14.0,0,2.0,4
2274.0,GS_cluster_10123822790_11303526453_11303526454_248766831_#2more,0,0.0,0,3.0,6
2275.0,GS_cluster_10123822790_11303526453_11303526454_248766831_#2more,0,0.0,0,4.0,4
2276.0,GS_cluster_10123822790_11303526453_11303526454_248766831_#2more,0,0.0,0,5.0,4
2277.0,GS_cluster_10123822790_11303526453_11303526454_248766831_#2more,0,0.0,0,6.0,5
2278.0,GS_cluster_10123822790_11303526453_11303526454_248766831_#2more,0,0.0,0,7.0,4
2279.0,GS_cluster_10123822790_11303526453_11303526454_248766831_#2more,0,0.0,0,8.0,5
2280.0,GS_cluster_10123822790_11303526453_11303526454_248766831_#2more,0,0.0,0,9.0,5
2281.0,GS_cluster_10123822790_11303526453_11303526454_248766831_#2more,0,0.0,0,10.0,5
2282.0,GS_cluster_10123822790_11303526453_11303526454_248766831_#2more,0,0.0,0,11.0,6
2283.0,GS_cluster_10123822790_11303526453_11303526454_248766831_#2more,1,1.0,0,12.0,6
2284.0,GS_cluster_10123822790_11303526453_11303526454_248766831_#2more,1,2.0,0,13.0,6
2285.0,GS_cluster_10123822790_11303526453_11303526454_248766831_#2more,2,4.0,0,14.0,6
2286.0,GS_cluster_10123822790_11303526453_11303526454_248766831_#2more,3,7.0,0,15.0,6
2287.0,GS_cluster_10123822790_11303526453_11303526454_248766831_#2more,3,10.0,1,1.0,6
2288.0,GS_cluster_10123822790_11303526453_11303526454_248766831_#2more,3,13.0,1,2.0,6
2289.0,GS_cluster_10123822790_11303526453_11303526454_248766831_#2more,3,16.0,1,3.0,6
2290.0,GS_cluster_10123822790_11303526453_11303526454_248766831_#2more,3,19.0,1,4.0,6
2291.0,GS_cluster_10123822790_11303526453_11303526454_248766831_#2more,3,22.0,1,5.0,6
2292.0,GS_cluster_10123822790_11303526453_11303526454_248766831_#2more,3,25.0,1,6.0,6
2293.0,GS_cluster_10123822790_11303526453_11303526454_248766831_#2more,2,17.0,2,1.0,5
2294.0,GS_cluster_10123822790_11303526453_11303526454_248766831_#2more,2,10.0,2,2.0,5
2295.0,GS_cluster_10123822790_11303526453_11303526454_248766831_#2more,1,2.0,2,3.0,5
2296.0,GS_cluster_10123822790_11303526453_11303526454_248766831_#2more,1,3.0,2,4.0,4
2297.0,GS_cluster_10123822790_11303526453_11303526454_248766831_#2more,2,5.0,2,5.0,4
2298.0,GS_cluster_10123822790_11303526453_11303526454_248766831_#2more,2,7.0,2,6.0,5
2299.0,GS_cluster_10123822790_11303526453_11303526454_248766831_#2more,3,10.0,2,7.0,4
2300.0,GS_cluster_10123822790_11303526453_11303526454_248766831_#2more,3,13.0,2,8.0,4
2301.0,GS_cluster_10123822790_11303526453_11303526454_248766831_#2more,3,16.0,2,9.0,5
2302.0,GS_cluster_10123822790_11303526453_11303526454_248766831_#2more,3,19.0,2,10.0,4
2303.0,GS_cluster_10123822790_11303526453_11303526454_248766831_#2more,3,22.0,2,11.0,5
2304.0,GS_cluster_10123822790_11303526453_11303526454_248766831_#2more,3,25.0,2,12.0,4
2305.0,GS_cluster_10123822790_11303526453_11303526454_248766831_#2more,3,28.0,2,13.0,4
2306.0,GS_cluster_10123822790_11303526453_11303526454_248766831_#2more,3,31.0,2,14.0,4
2307.0,GS_cluster_10123822790_11303526453_11303526454_248766831_#2more,3,34.0,2,15.0,3
2308.0,GS_cluster_10123822790_11303526453_11303526454_248766831_#2more,3,37.0,3,1.0,3
2309.0,GS_cluster_10123822790_11303526453_11303526454_248766831_#2more,3,40.0,3,2.0,3
2310.0,GS_cluster_10123822790_11303526453_11303526454_248766831_#2more,3,43.0,3,3.0,3
2311.0,GS_cluster_10123822790_11303526453_11303526454_248766831_#2more,3,46.0,3,4.0,3
2312.0,GS_cluster_10123822790_11303526453_11303526454_248766831_#2more,3,49.0,3,5.0,4
2313.0,GS_cluster_10123822790_11303526453_11303526454_248766831_#2more,3,52.0,3,6.0,4
2314.0,GS_cluster_10123822790_11303526453_11303526454_248766831_#2more,2,34.0,4,1.0,4
2315.0,GS_cluster_10123822790_11303526453_11303526454_248766831_#2more,1,17.0,4,2.0,4
2316.0,GS_cluster_10123822790_11303526453_11303526454_248766831_#2more,0,0.0,4,3.0,4
2317.0,GS_cluster_10123822790_11303526453_11303526454_248766831_#2more,0,0.0,4,4.0,3
2318.0,GS_cluster_10123822790_11303526453_11303526454_248766831_#2more,1,1.0,4,5.0,4
2319.0,GS_cluster_10123822790_11303526453_11303526454_248766831_#2more,1,2.0,4,6.0,4
2320.0,GS_cluster_10123822790_11303526453_11303526454_248766831_#2more,2,4.0,4,7.0,4
2321.0,GS_cluster_10123822790_11303526453_11303526454_248766831_#2more,2,6.0,4,8.0,4
2322.0,GS_cluster_10123822790_11303526453_11303526454_248766831_#2more,2,8.0,4,9.0,5
2323.0,GS_cluster_10123822790_11303526453_11303526454_248766831_#2more,2,10.0,4,10.0,5
2324.0,GS_cluster_10123822790_11303526453_11303526454_248766831_#2more,3,13.0,4,11.0,6
2325.0,GS_cluster_10123822790_11303526453_11303526454_248766831_#2more,4,17.0,4,12.0,6
2326.0,GS_cluster_10123822790_11303526453_11303526454_248766831_#2more,4,21.0,4,13.0,8
2327.0,GS_cluster_10123822790_11303526453_11303526454_248766831_#2more,4,25.0,5,1.0,8
2328.0,GS_cluster_10123822790_11303526453_11303526454_248766831_#2more,5,30.0,5,2.0,9
2329.0,GS_cluster_10123822790_11303526453_11303526454_248766831_#2more,6,36.0,5,3.0,9
2330.0,GS_cluster_10123822790_11303526453_11303526454_248766831_#2more,7,43.0,5,4.0,9
2331.0,GS_cluster_10123822790_11303526453_11303526454_248766831_#2more,7,50.0,5,5.0,9
2332.0,GS_cluster_10123822790_11303526453_11303526454_248766831_#2more,9,59.0,5,6.0,9
2333.0,GS_cluster_10123822790_11303526453_11303526454_248766831_#2more,6,51.0,0,1.0,6
2334.0,GS_cluster_10123822790_11303526453_11303526454_248766831_#2more,4,49.0,0,2.0,6
2335.0,GS_cluster_10123822790_11303526453_11303526454_248766831_#2more,3,46.0,0,3.0,6
2336.0,GS_cluster_10123822790_11303526453_11303526454_248766831_#2more,3,49.0,0,4.0,7
2337.0,GS_cluster_10123822790_11303526453_11303526454_248766831_#2more,3,52.0,0,5.0,5
2338.0,GS_cluster_10123822790_11303526453_11303526454_248766831_#2more,3,55.0,0,6.0,6
2339.0,GS_cluster_10123822790_11303526453_11303526454_248766831_#2more,3,58.0,0,7.0,5
2340.0,GS_cluster_10123822790_11303526453_11303526454_248766831_#2more,3,61.0,0,8.0,5
2341.0,GS_cluster_10123822790_11303526453_11303526454_248766831_#2more,4,65.0,0,9.0,6
2342.0,GS_cluster_10123822790_11303526453_11303526454_248766831_#2more,4,69.0,0,10.0,7
2343.0,GS_cluster_10123822790_11303526453_11303526454_248766831_#2more,4,73.0,0,11.0,7
2344.0,GS_cluster_10123822790_11303526453_11303526454_248766831_#2more,5,78.0,0,12.0,7
2345.0,GS_cluster_10123822790_11303526453_11303526454_248766831_#2more,5,83.0,0,13.0,7
2346.0,GS_cluster_10123822790_11303526453_11303526454_248766831_#2more,6,89.0,1,1.0,7
2347.0,GS_cluster_10123822790_11303526453_11303526454_248766831_#2more,6,95.0,1,2.0,7
2348.0,GS_cluster_10123822790_11303526453_11303526454_248766831_#2more,6,101.0,1,3.0,7
2349.0,GS_cluster_10123822790_11303526453_11303526454_248766831_#2more,6,107.0,1,4.0,7
2350.0,GS_cluster_10123822790_11303526453_11303526454_248766831_#2more,6,113.0,1,5.0,7
2351.0,GS_cluster_10123822790_11303526453_11303526454_248766831_#2more,6,119.0,1,6.0,7
2352.0,GS_cluster_10123822790_11303526453_11303526454_248766831_#2more,4,78.0,2,1.0,5
2353.0,GS_cluster_10123822790_11303526453_11303526454_248766831_#2more,2,38.0,2,2.0,5
2354.0,GS_cluster_10123822790_11303526453_11303526454_248766831_#2more,0,0.0,2,3.0,5
2355.0,GS_cluster_10123822790_11303526453_11303526454_248766831_#2more,0,0.0,2,4.0,3
2356.0,GS_cluster_10123822790_11303526453_11303526454_248766831_#2more,0,0.0,2,5.0,3
2357.0,GS_cluster_10123822790_11303526453_11303526454_248766831_#2more,0,0.0,2,6.0,3
2358.0,GS_cluster_10123822790_11303526453_11303526454_248766831_#2more,1,1.0,2,7.0,1
2359.0,GS_cluster_10123822790_11303526453_11303526454_248766831_#2more,1,2.0,2,8.0,2
2360.0,GS_cluster_10123822790_11303526453_11303526454_248766831_#2more,1,3.0,2,9.0,2
2361.0,GS_cluster_10123822790_11303526453_11303526454_248766831_#2more,1,4.0,2,10.0,3
2362.0,GS_cluster_10123822790_11303526453_11303526454_248766831_#2more,1,5.0,2,11.0,4
2363.0,GS_cluster_10123822790_11303526453_11303526454_248766831_#2more,1,6.0,2,12.0,5
2364.0,GS_cluster_10123822790_11303526453_11303526454_248766831_#2more,2,8.0,2,13.0,5
2365.0,GS_cluster_10123822790_11303526453_11303526454_248766831_#2more,2,10.0,3,1.0,5
2366.0,GS_cluster_10123822790_11303526453_11303526454_248766831_#2more,3,13.0,3,2.0,6
2367.0,GS_cluster_10123822790_11303526453_11303526454_248766831_#2more,3,16.0,3,3.0,7
2368.0,GS_cluster_10123822790_11303526453_11303526454_248766831_#2more,3,19.0,3,4.0,7
2369.0,GS_cluster_10123822790_11303526453_11303526454_248766831_#2more,3,22.0,3,5.0,7
2370.0,GS_cluster_10123822790_11303526453_11303526454_248766831_#2more,4,26.0,3,6.0,8
2371.0,GS_cluster_10123822790_11303526453_11303526454_248766831_#2more,3,16.0,4,1.0,8
2372.0,GS_cluster_10123822790_11303526453_11303526454_248766831_#2more,3,19.0,4,2.0,8
2373.0,GS_cluster_10123822790_11303526453_11303526454_248766831_#2more,4,23.0,4,3.0,8
2374.0,GS_cluster_10123822790_11303526453_11303526454_248766831_#2more,4,27.0,4,4.0,8
2375.0,GS_cluster_10123822790_11303526453_11303526454_248766831_#2more,5,32.0,4,5.0,8
2376.0,GS_cluster_10123822790_11303526453_11303526454_248766831_#2more,5,37.0,4,6.0,7
2377.0,GS_cluster_10123822790_11303526453_11303526454_248766831_#2more,6,43.0,4,7.0,7
2378.0,GS_cluster_10123822790_11303526453_11303526454_248766831_#2more,6,49.0,4,8.0,7
2379.0,GS_cluster_10123822790_11303526453_11303526454_248766831_#2more,6,55.0,4,9.0,6
2380.0,GS_cluster_10123822790_11303526453_11303526454_248766831_#2more,6,61.0,4,10.0,6
2381.0,GS_cluster_10123822790_11303526453_11303526454_248766831_#2more,6,67.0,4,11.0,6
2382.0,GS_cluster_10123822790_11303526453_11303526454_248766831_#2more,6,73.0,4,12.0,6
2383.0,GS_cluster_10123822790_11303526453_11303526454_248766831_#2more,6,79.0,4,13.0,6
2384.0,GS_cluster_10123822790_11303526453_11303526454_248766831_#2more,6,85.0,5,1.0,6
2385.0,GS_cluster_10123822790_11303526453_11303526454_248766831_#2more,6,91.0,5,2.0,6
2386.0,GS_cluster_10123822790_11303526453_11303526454_248766831_#2more,6,97.0,5,3.0,6
2387.0,GS_cluster_10123822790_11303526453_11303526454_248766831_#2more,6,103.0,5,4.0,6
2388.0,GS_cluster_10123822790_11303526453_11303526454_248766831_#2more,6,109.0,5,5.0,6
2389.0,GS_cluster_10123822790_11303526453_11303526454_248766831_#2more,6,115.0,5,6.0,6
2390.0,GS_cluster_10123822790_11303526453_11303526454_248766831_#2more,4,76.0,0,1.0,4
2391.0,GS_cluster_10123822790_11303526453_11303526454_248766831_#2more,2,37.0,0,2.0,4
2392.0,GS_cluster_10123822790_11303526453_11303526454_248766831_#2more,0,0.0,0,3.0,4
2393.0,GS_cluster_10123822790_11303526453_11303526454_248766831_#2more,0,0.0,0,4.0,3
2394.0,GS_cluster_10123822790_11303526453_11303526454_248766831_#2more,0,0.0,0,5.0,2
2395.0,GS_cluster_10123822790_11303526453_11303526454_248766831_#2more,0,0.0,0,6.0,2
2396.0,GS_cluster_10123822790_11303526453_11303526454_248766831_#2more,0,0.0,0,7.0,1
2397.0,GS_cluster_10123822790_11303526453_11303526454_248766831_#2more,0,0.0,0,8.0,1
2398.0,GS_cluster_10123822790_11303526453_11303526454_248766831_#2more,0,0.0,0,9.0,1
2399.0,GS_cluster_10123822790_11303526453_11303526454_248766831_#2more,0,0.0,0,10.0,1
2400.0,GS_cluster_10123822790_11303526453_11303526454_248766831_#2more,0,0.0,0,11.0,2
2401.0,GS_cluster_10123822790_11303526453_11303526454_248766831_#2more,1,1.0,0,12.0,2
2402.0,GS_cluster_10123822790_11303526453_11303526454_248766831_#2more,1,2.0,0,13.0,3
2403.0,GS_cluster_10123822790_11303526453_11303526454_248766831_#2more,1,3.0,0,14.0,3
2404.0,GS_cluster_10123822790_11303526453_11303526454_248766831_#2more,2,5.0,0,15.0,3
2405.0,GS_cluster_10123822790_11303526453_11303526454_248766831_#2more,2,7.0,0,16.0,3
2406.0,GS_cluster_10123822790_11303526453_11303526454_248766831_#2more,2,9.0,0,17.0,3
2407.0,GS_cluster_10123822790_11303526453_11303526454_248766831_#2more,3,12.0,1,1.0,3
2408.0,GS_cluster_10123822790_11303526453_11303526454_248766831_#2more,3,15.0,1,2.0,3
2409.0,GS_cluster_10123822790_11303526453_11303526454_248766831_#2more,3,18.0,1,3.0,3
2410.0,GS_cluster_10123822790_11303526453_11303526454_248766831_#2more,3,21.0,1,4.0,3
2411.0,GS_cluster_10123822790_11303526453_11303526454_248766831_#2more,3,24.0,1,5.0,3
2412.0,GS_cluster_10123822790_11303526453_11303526454_248766831_#2more,3,27.0,1,6.0,3
2413.0,GS_cluster_10123822790_11303526453_11303526454_248766831_#2more,2,17.0,2,1.0,2
2414.0,GS_cluster_10123822790_11303526453_11303526454_248766831_#2more,1,8.0,2,2.0,2
2415.0,GS_cluster_10123822790_11303526453_11303526454_248766831_#2more,0,0.0,2,3.0,2
2416.0,GS_cluster_10123822790_11303526453_11303526454_248766831_#2more,0,0.0,2,4.0,3
2417.0,GS_cluster_10123822790_11303526453_11303526454_248766831_#2more,0,0.0,2,5.0,2
2418.0,GS_cluster_10123822790_11303526453_11303526454_248766831_#2more,0,0.0,2,6.0,3
2419.0,GS_cluster_10123822790_11303526453_11303526454_248766831_#2more,0,0.0,2,7.0,2
2420.0,GS_cluster_10123822790_11303526453_11303526454_248766831_#2more,0,0.0,2,8.0,2
2421.0,GS_cluster_10123822790_11303526453_11303526454_248766831_#2more,1,1.0,2,9.0,2
2422.0,GS_cluster_10123822790_11303526453_11303526454_248766831_#2more,1,2.0,2,10.0,2
2423.0,GS_cluster_10123822790_11303526453_11303526454_248766831_#2more,1,3.0,2,11.0,2
2424.0,GS_cluster_10123822790_11303526453_11303526454_248766831_#2more,1,4.0,2,12.0,3
2425.0,GS_cluster_10123822790_11303526453_11303526454_248766831_#2more,1,5.0,2,13.0,3
2426.0,GS_cluster_10123822790_11303526453_11303526454_248766831_#2more,2,7.0,3,1.0,3
2427.0,GS_cluster_10123822790_11303526453_11303526454_248766831_#2more,2,9.0,3,2.0,4
2428.0,GS_cluster_10123822790_11303526453_11303526454_248766831_#2more,2,11.0,3,3.0,4
2429.0,GS_cluster_10123822790_11303526453_11303526454_248766831_#2more,2,13.0,3,4.0,4
2430.0,GS_cluster_10123822790_11303526453_11303526454_248766831_#2more,3,16.0,3,5.0,4
2431.0,GS_cluster_10123822790_11303526453_11303526454_248766831_#2more,3,19.0,3,6.0,4
2432.0,GS_cluster_10123822790_11303526453_11303526454_248766831_#2more,3,22.0,4,1.0,6
2433.0,GS_cluster_10123822790_11303526453_11303526454_248766831_#2more,3,25.0,4,2.0,6
2434.0,GS_cluster_10123822790_11303526453_11303526454_248766831_#2more,3,28.0,4,3.0,7
2435.0,GS_cluster_10123822790_11303526453_11303526454_248766831_#2more,3,31.0,4,4.0,7
2436.0,GS_cluster_10123822790_11303526453_11303526454_248766831_#2more,3,34.0,4,5.0,7
2437.0,GS_cluster_10123822790_11303526453_11303526454_248766831_#2more,3,37.0,4,6.0,7
2438.0,GS_cluster_10123822790_11303526453_11303526454_248766831_#2more,3,40.0,4,7.0,7
2439.0,GS_cluster_10123822790_11303526453_11303526454_248766831_#2more,3,43.0,4,8.0,7
2440.0,GS_cluster_10123822790_11303526453_11303526454_248766831_#2more,3,46.0,4,9.0,8
2441.0,GS_cluster_10123822790_11303526453_11303526454_248766831_#2more,3,49.0,4,10.0,8
2442.0,GS_cluster_10123822790_11303526453_11303526454_248766831_#2more,3,52.0,4,11.0,8
2443.0,GS_cluster_10123822790_11303526453_11303526454_248766831_#2more,3,55.0,4,12.0,8
2444.0,GS_cluster_10123822790_11303526453_11303526454_248766831_#2more,3,58.0,4,13.0,8
2445.0,GS_cluster_10123822790_11303526453_11303526454_248766831_#2more,4,62.0,4,14.0,9
2446.0,GS_cluster_10123822790_11303526453_11303526454_248766831_#2more,4,66.0,4,15.0,9
2447.0,GS_cluster_10123822790_11303526453_11303526454_248766831_#2more,5,71.0,4,16.0,8
2448.0,GS_cluster_10123822790_11303526453_11303526454_248766831_#2more,5,76.0,4,17.0,8
2449.0,GS_cluster_10123822790_11303526453_11303526454_248766831_#2more,5,81.0,4,18.0,8
2450.0,GS_cluster_10123822790_11303526453_11303526454_248766831_#2more,5,86.0,4,19.0,7
2451.0,GS_cluster_10123822790_11303526453_11303526454_248766831_#2more,6,92.0,4,20.0,8
2452.0,GS_cluster_10123822790_11303526453_11303526454_248766831_#2more,6,98.0,4,21.0,8
2453.0,GS_cluster_10123822790_11303526453_11303526454_248766831_#2more,6,104.0,4,22.0,8
2454.0,GS_cluster_10123822790_11303526453_11303526454_248766831_#2more,7,111.0,4,23.0,9
2455.0,GS_cluster_10123822790_11303526453_11303526454_248766831_#2more,7,118.0,4,24.0,9
2456.0,GS_cluster_10123822790_11303526453_11303526454_248766831_#2more,7,125.0,4,25.0,9
2457.0,GS_cluster_10123822790_11303526453_11303526454_248766831_#2more,8,133.0,4,26.0,9
2458.0,GS_cluster_10123822790_11303526453_11303526454_248766831_#2more,8,141.0,5,1.0,9
2459.0,GS_cluster_10123822790_11303526453_11303526454_248766831_#2more,9,150.0,5,2.0,9
2460.0,GS_cluster_10123822790_11303526453_11303526454_248766831_#2more,9,159.0,5,3.0,9
2461.0,GS_cluster_10123822790_11303526453_11303526454_248766831_#2more,9,168.0,5,4.0,9
2462.0,GS_cluster_10123822790_11303526453_11303526454_248766831_#2more,9,177.0,5,5.0,9
2463.0,GS_cluster_10123822790_11303526453_11303526454_248766831_#2more,9,186.0,5,6.0,9
2464.0,GS_cluster_10123822790_11303526453_11303526454_248766831_#2more,6,101.0,0,1.0,6
2465.0,GS_cluster_10123822790_11303526453_11303526454_248766831_#2more,3,41.0,0,2.0,6
2466.0,GS_cluster_10123822790_11303526453_11303526454_248766831_#2more,0,0.0,0,3.0,6
2467.0,GS_cluster_10123822790_11303526453_11303526454_248766831_#2more,0,0.0,0,4.0,4
2468.0,GS_cluster_10123822790_11303526453_11303526454_248766831_#2more,0,0.0,0,5.0,5
2469.0,GS_cluster_10123822790_11303526453_11303526454_248766831_#2more,0,0.0,0,6.0,6
2470.0,GS_cluster_10123822790_11303526453_11303526454_248766831_#2more,1,1.0,0,7.0,4
2471.0,GS_cluster_10123822790_11303526453_11303526454_248766831_#2more,1,2.0,0,8.0,5
2472.0,GS_cluster_10123822790_11303526453_11303526454_248766831_#2more,2,4.0,0,9.0,5
2473.0,GS_cluster_10123822790_11303526453_11303526454_248766831_#2more,2,6.0,0,10.0,6
2474.0,GS_cluster_10123822790_11303526453_11303526454_248766831_#2more,3,9.0,0,11.0,7
2475.0,GS_cluster_10123822790_11303526453_11303526454_248766831_#2more,4,13.0,0,12.0,7
2476.0,GS_cluster_10123822790_11303526453_11303526454_248766831_#2more,4,17.0,0,13.0,7
2477.0,GS_cluster_10123822790_11303526453_11303526454_248766831_#2more,4,21.0,0,14.0,8
2478.0,GS_cluster_10123822790_11303526453_11303526454_248766831_#2more,4,25.0,0,15.0,8
2479.0,GS_cluster_10123822790_11303526453_11303526454_248766831_#2more,4,29.0,0,16.0,9
2480.0,GS_cluster_10123822790_11303526453_11303526454_248766831_#2more,4,33.0,0,17.0,9
2481.0,GS_cluster_10123822790_11303526453_11303526454_248766831_#2more,4,37.0,0,18.0,9
2482.0,GS_cluster_10123822790_11303526453_11303526454_248766831_#2more,4,41.0,0,19.0,10
2483.0,GS_cluster_10123822790_11303526453_11303526454_248766831_#2more,4,45.0,0,20.0,10
2484.0,GS_cluster_10123822790_11303526453_11303526454_248766831_#2more,4,49.0,0,21.0,11
2485.0,GS_cluster_10123822790_11303526453_11303526454_248766831_#2more,4,53.0,0,22.0,11
2486.0,GS_cluster_10123822790_11303526453_11303526454_248766831_#2more,4,57.0,0,23.0,12
2487.0,GS_cluster_10123822790_11303526453_11303526454_248766831_#2more,5,62.0,0,24.0,12
2488.0,GS_cluster_10123822790_11303526453_11303526454_248766831_#2more,5,67.0,0,25.0,12
2489.0,GS_cluster_10123822790_11303526453_11303526454_248766831_#2more,6,73.0,0,26.0,12
2490.0,GS_cluster_10123822790_11303526453_11303526454_248766831_#2more,6,79.0,0,27.0,12
2491.0,GS_cluster_10123822790_11303526453_11303526454_248766831_#2more,6,85.0,0,28.0,12
2492.0,GS_cluster_10123822790_11303526453_11303526454_248766831_#2more,7,92.0,0,29.0,12
2493.0,GS_cluster_10123822790_11303526453_11303526454_248766831_#2more,7,99.0,0,30.0,12
2494.0,GS_cluster_10123822790_11303526453_11303526454_248766831_#2more,7,106.0,0,31.0,12
2495.0,GS_cluster_10123822790_11303526453_11303526454_248766831_#2more,8,114.0,0,32.0,12
2496.0,GS_cluster_10123822790_11303526453_11303526454_248766831_#2more,8,122.0,0,33.0,13
2497.0,GS_cluster_10123822790_11303526453_11303526454_248766831_#2more,8,130.0,0,34.0,13
2498.0,GS_cluster_10123822790_11303526453_11303526454_248766831_#2more,9,139.0,0,35.0,13
2499.0,GS_cluster_10123822790_11303526453_11303526454_248766831_#2more,9,148.0,0,36.0,13
2500.0,GS_cluster_10123822790_11303526453_11303526454_248766831_#2more,9,157.0,0,37.0,13
2501.0,GS_cluster_10123822790_11303526453_11303526454_248766831_#2more,10,167.0,0,38.0,13
2502.0,GS_cluster_10123822790_11303526453_11303526454_248766831_#2more,10,177.0,0,39.0,13
2503.0,GS_cluster_10123822790_11303526453_11303526454_248766831_#2more,10,187.0,0,40.0,13
2504.0,GS_cluster_10123822790_11303526453_11303526454_248766831_#2more,10,197.0,0,41.0,13
2505.0,GS_cluster_10123822790_11303526453_11303526454_248766831_#2more,10,207.0,1,1.0,13
2506.0,GS_cluster_10123822790_11303526453_11303526454_248766831_#2more,10,217.0,1,2.0,13
2507.0,GS_cluster_10123822790_11303526453_11303526454_248766831_#2more,10,227.0,1,3.0,13
2508.0,GS_cluster_10123822790_11303526453_11303526454_248766831_#2more,11,238.0,1,4.0,13
2509.0,GS_cluster_10123822790_11303526453_11303526454_248766831_#2more,11,249.0,1,5.0,13
2510.0,GS_cluster_10123822790_11303526453_11303526454_248766831_#2more,11,260.0,1,6.0,13
2511.0,GS_cluster_10123822790_11303526453_11303526454_248766831_#2more,11,230.0,2,1.0,12
2512.0,GS_cluster_10123822790_11303526453_11303526454_248766831_#2more,10,200.0,2,2.0,12
2513.0,GS_cluster_10123822790_11303526453_11303526454_248766831_#2more,10,171.0,2,3.0,12
2514.0,GS_cluster_10123822790_11303526453_11303526454_248766831_#2more,9,141.0,2,4.0,12
2515.0,GS_cluster_10123822790_11303526453_11303526454_248766831_#2more,9,150.0,2,5.0,12
2516.0,GS_cluster_10123822790_11303526453_11303526454_248766831_#2more,10,160.0,2,6.0,12
2517.0,GS_cluster_10123822790_11303526453_11303526454_248766831_#2more,10,170.0,2,7.0,13
2518.0,GS_cluster_10123822790_11303526453_11303526454_248766831_#2more,11,181.0,2,8.0,13
2519.0,GS_cluster_10123822790_11303526453_11303526454_248766831_#2more,11,192.0,2,9.0,14
2520.0,GS_cluster_10123822790_11303526453_11303526454_248766831_#2more,12,204.0,2,10.0,14
2521.0,GS_cluster_10123822790_11303526453_11303526454_248766831_#2more,12,216.0,2,11.0,14
2522.0,GS_cluster_10123822790_11303526453_11303526454_248766831_#2more,13,229.0,2,12.0,14
2523.0,GS_cluster_10123822790_11303526453_11303526454_248766831_#2more,13,242.0,2,13.0,14
2524.0,GS_cluster_10123822790_11303526453_11303526454_248766831_#2more,13,255.0,3,1.0,15
2525.0,GS_cluster_10123822790_11303526453_11303526454_248766831_#2more,13,268.0,3,2.0,15
2526.0,GS_cluster_10123822790_11303526453_11303526454_248766831_#2more,14,282.0,3,3.0,15
2527.0,GS_cluster_10123822790_11303526453_11303526454_248766831_#2more,14,296.0,3,4.0,16
2528.0,GS_cluster_10123822790_11303526453_11303526454_248766831_#2more,14,310.0,3,5.0,16
2529.0,GS_cluster_10123822790_11303526453_11303526454_248766831_#2more,14,324.0,3,6.0,16
2530.0,GS_cluster_10123822790_11303526453_11303526454_248766831_#2more,14,295.0,4,1.0,15
2531.0,GS_cluster_10123822790_11303526453_11303526454_248766831_#2more,13,266.0,4,2.0,15
2532.0,GS_cluster_10123822790_11303526453_11303526454_248766831_#2more,12,238.0,4,3.0,15
2533.0,GS_cluster_10123822790_11303526453_11303526454_248766831_#2more,11,211.0,4,4.0,14
2534.0,GS_cluster_10123822790_11303526453_11303526454_248766831_#2more,11,186.0,4,5.0,14
2535.0,GS_cluster_10123822790_11303526453_11303526454_248766831_#2more,10,162.0,4,6.0,14
2536.0,GS_cluster_10123822790_11303526453_11303526454_248766831_#2more,9,143.0,4,7.0,14
2537.0,GS_cluster_10123822790_11303526453_11303526454_248766831_#2more,8,125.0,4,8.0,14
2538.0,GS_cluster_10123822790_11303526453_11303526454_248766831_#2more,8,133.0,4,9.0,13
2539.0,GS_cluster_10123822790_11303526453_11303526454_248766831_#2more,8,115.0,4,10.0,13
2540.0,GS_cluster_10123822790_11303526453_11303526454_248766831_#2more,8,123.0,4,11.0,13
2541.0,GS_cluster_10123822790_11303526453_11303526454_248766831_#2more,8,131.0,4,12.0,13
2542.0,GS_cluster_10123822790_11303526453_11303526454_248766831_#2more,8,139.0,4,13.0,13
2543.0,GS_cluster_10123822790_11303526453_11303526454_248766831_#2more,8,147.0,4,14.0,12
2544.0,GS_cluster_10123822790_11303526453_11303526454_248766831_#2more,9,156.0,4,15.0,13
2545.0,GS_cluster_10123822790_11303526453_11303526454_248766831_#2more,9,165.0,4,16.0,12
2546.0,GS_cluster_10123822790_11303526453_11303526454_248766831_#2more,9,174.0,5,1.0,13
2547.0,GS_cluster_10123822790_11303526453_11303526454_248766831_#2more,9,183.0,5,2.0,13
2548.0,GS_cluster_10123822790_11303526453_11303526454_248766831_#2more,9,192.0,5,3.0,13
2549.0,GS_cluster_10123822790_11303526453_11303526454_248766831_#2more,9,201.0,5,4.0,13
2550.0,GS_cluster_10123822790_11303526453_11303526454_248766831_#2more,10,211.0,5,5.0,13
2551.0,GS_cluster_10123822790_11303526453_11303526454_248766831_#2more,10,221.0,5,6.0,13
2552.0,GS_cluster_10123822790_11303526453_11303526454_248766831_#2more,6,113.0,0,1.0,10
2553.0,GS_cluster_10123822790_11303526453_11303526454_248766831_#2more,3,48.0,0,2.0,10
2554.0,GS_cluster_10123822790_11303526453_11303526454_248766831_#2more,1,5.0,0,3.0,11
2555.0,GS_cluster_10123822790_11303526453_11303526454_248766831_#2more,1,6.0,0,4.0,9
2556.0,GS_cluster_10123822790_11303526453_11303526454_248766831_#2more,1,7.0,0,5.0,7
2557.0,GS_cluster_10123822790_11303526453_11303526454_248766831_#2more,1,8.0,0,6.0,7
2558.0,GS_cluster_10123822790_11303526453_11303526454_248766831_#2more,1,9.0,0,7.0,6
2559.0,GS_cluster_10123822790_11303526453_11303526454_248766831_#2more,1,10.0,0,8.0,6
2560.0,GS_cluster_10123822790_11303526453_11303526454_248766831_#2more,1,11.0,0,9.0,5
2561.0,GS_cluster_10123822790_11303526453_11303526454_248766831_#2more,2,13.0,0,10.0,5
2562.0,GS_cluster_10123822790_11303526453_11303526454_248766831_#2more,2,15.0,0,11.0,3
2563.0,GS_cluster_10123822790_11303526453_11303526454_248766831_#2more,3,18.0,0,12.0,3
2564.0,GS_cluster_10123822790_11303526453_11303526454_248766831_#2more,3,21.0,0,13.0,3
2565.0,GS_cluster_10123822790_11303526453_11303526454_248766831_#2more,3,24.0,1,1.0,3
2566.0,GS_cluster_10123822790_11303526453_11303526454_248766831_#2more,3,27.0,1,2.0,3
2567.0,GS_cluster_10123822790_11303526453_11303526454_248766831_#2more,3,30.0,1,3.0,3
2568.0,GS_cluster_10123822790_11303526453_11303526454_248766831_#2more,3,33.0,1,4.0,3
2569.0,GS_cluster_10123822790_11303526453_11303526454_248766831_#2more,3,36.0,1,5.0,3
2570.0,GS_cluster_10123822790_11303526453_11303526454_248766831_#2more,3,39.0,1,6.0,3
2571.0,GS_cluster_10123822790_11303526453_11303526454_248766831_#2more,3,42.0,2,1.0,3
2572.0,GS_cluster_10123822790_11303526453_11303526454_248766831_#2more,3,45.0,2,2.0,3
2573.0,GS_cluster_10123822790_11303526453_11303526454_248766831_#2more,3,48.0,2,3.0,3
2574.0,GS_cluster_10123822790_11303526453_11303526454_248766831_#2more,3,51.0,2,4.0,3
2575.0,GS_cluster_10123822790_11303526453_11303526454_248766831_#2more,3,54.0,2,5.0,3
2576.0,GS_cluster_10123822790_11303526453_11303526454_248766831_#2more,3,57.0,2,6.0,4
2577.0,GS_cluster_10123822790_11303526453_11303526454_248766831_#2more,3,60.0,2,7.0,4
2578.0,GS_cluster_10123822790_11303526453_11303526454_248766831_#2more,3,63.0,2,8.0,4
2579.0,GS_cluster_10123822790_11303526453_11303526454_248766831_#2more,3,66.0,2,9.0,4
2580.0,GS_cluster_10123822790_11303526453_11303526454_248766831_#2more,3,69.0,2,10.0,5
2581.0,GS_cluster_10123822790_11303526453_11303526454_248766831_#2more,3,72.0,2,11.0,5
2582.0,GS_cluster_10123822790_11303526453_11303526454_248766831_#2more,3,75.0,2,12.0,5
2583.0,GS_cluster_10123822790_11303526453_11303526454_248766831_#2more,4,79.0,2,13.0,6
2584.0,GS_cluster_10123822790_11303526453_11303526454_248766831_#2more,4,83.0,3,1.0,6
2585.0,GS_cluster_10123822790_11303526453_11303526454_248766831_#2more,4,87.0,3,2.0,6
2586.0,GS_cluster_10123822790_11303526453_11303526454_248766831_#2more,5,92.0,3,3.0,6
2587.0,GS_cluster_10123822790_11303526453_11303526454_248766831_#2more,5,97.0,3,4.0,6
2588.0,GS_cluster_10123822790_11303526453_11303526454_248766831_#2more,5,102.0,3,5.0,6
2589.0,GS_cluster_10123822790_11303526453_11303526454_248766831_#2more,6,108.0,3,6.0,7
2590.0,GS_cluster_10123822790_11303526453_11303526454_248766831_#2more,5,73.0,4,1.0,6
2591.0,GS_cluster_10123822790_11303526453_11303526454_248766831_#2more,4,47.0,4,2.0,7
2592.0,GS_cluster_10123822790_11303526453_11303526454_248766831_#2more,3,21.0,4,3.0,7
2593.0,GS_cluster_10123822790_11303526453_11303526454_248766831_#2more,3,24.0,4,4.0,6
2594.0,GS_cluster_10123822790_11303526453_11303526454_248766831_#2more,4,28.0,4,5.0,6
2595.0,GS_cluster_10123822790_11303526453_11303526454_248766831_#2more,4,32.0,4,6.0,6
2596.0,GS_cluster_10123822790_11303526453_11303526454_248766831_#2more,4,36.0,4,7.0,6
2597.0,GS_cluster_10123822790_11303526453_11303526454_248766831_#2more,5,41.0,4,8.0,6
2598.0,GS_cluster_10123822790_11303526453_11303526454_248766831_#2more,5,46.0,4,9.0,7
2599.0,GS_cluster_10123822790_11303526453_11303526454_248766831_#2more,5,51.0,4,10.0,7
2600.0,GS_cluster_10123822790_11303526453_11303526454_248766831_#2more,5,56.0,4,11.0,7
2601.0,GS_cluster_10123822790_11303526453_11303526454_248766831_#2more,5,61.0,4,12.0,8
2602.0,GS_cluster_10123822790_11303526453_11303526454_248766831_#2more,6,67.0,4,13.0,8
2603.0,GS_cluster_10123822790_11303526453_11303526454_248766831_#2more,6,73.0,5,1.0,8
2604.0,GS_cluster_10123822790_11303526453_11303526454_248766831_#2more,6,79.0,5,2.0,8
2605.0,GS_cluster_10123822790_11303526453_11303526454_248766831_#2more,6,85.0,5,3.0,8
2606.0,GS_cluster_10123822790_11303526453_11303526454_248766831_#2more,6,91.0,5,4.0,9
2607.0,GS_cluster_10123822790_11303526453_11303526454_248766831_#2more,6,97.0,5,5.0,9
2608.0,GS_cluster_10123822790_11303526453_11303526454_248766831_#2more,6,103.0,5,6.0,9
2609.0,GS_cluster_10123822790_11303526453_11303526454_248766831_#2more,5,82.0,0,1.0,7
2610.0,GS_cluster_10123822790_11303526453_11303526454_248766831_#2more,4,62.0,0,2.0,7
2611.0,GS_cluster_10123822790_11303526453_11303526454_248766831_#2more,3,43.0,0,3.0,7
2612.0,GS_cluster_10123822790_11303526453_11303526454_248766831_#2more,3,46.0,0,4.0,7
2613.0,GS_cluster_10123822790_11303526453_11303526454_248766831_#2more,3,49.0,0,5.0,6
2614.0,GS_cluster_10123822790_11303526453_11303526454_248766831_#2more,3,52.0,0,6.0,7
2615.0,GS_cluster_10123822790_11303526453_11303526454_248766831_#2more,3,55.0,0,7.0,6
2616.0,GS_cluster_10123822790_11303526453_11303526454_248766831_#2more,4,59.0,0,8.0,7
2617.0,GS_cluster_10123822790_11303526453_11303526454_248766831_#2more,4,63.0,0,9.0,7
2618.0,GS_cluster_10123822790_11303526453_11303526454_248766831_#2more,4,67.0,0,10.0,7
2619.0,GS_cluster_10123822790_11303526453_11303526454_248766831_#2more,4,71.0,0,11.0,7
2620.0,GS_cluster_10123822790_11303526453_11303526454_248766831_#2more,5,76.0,0,12.0,8
2621.0,GS_cluster_10123822790_11303526453_11303526454_248766831_#2more,5,81.0,0,13.0,8
2622.0,GS_cluster_10123822790_11303526453_11303526454_248766831_#2more,5,86.0,0,14.0,8
2623.0,GS_cluster_10123822790_11303526453_11303526454_248766831_#2more,6,92.0,0,15.0,8
2624.0,GS_cluster_10123822790_11303526453_11303526454_248766831_#2more,6,98.0,1,1.0,8
2625.0,GS_cluster_10123822790_11303526453_11303526454_248766831_#2more,7,105.0,1,2.0,8
2626.0,GS_cluster_10123822790_11303526453_11303526454_248766831_#2more,8,113.0,1,3.0,8
2627.0,GS_cluster_10123822790_11303526453_11303526454_248766831_#2more,8,121.0,1,4.0,8
2628.0,GS_cluster_10123822790_11303526453_11303526454_248766831_#2more,8,129.0,1,5.0,8
2629.0,GS_cluster_10123822790_11303526453_11303526454_248766831_#2more,8,137.0,1,6.0,9
2630.0,GS_cluster_10123822790_11303526453_11303526454_248766831_#2more,6,100.0,2,1.0,8
2631.0,GS_cluster_10123822790_11303526453_11303526454_248766831_#2more,4,64.0,2,2.0,9
2632.0,GS_cluster_10123822790_11303526453_11303526454_248766831_#2more,2,30.0,2,3.0,9
2633.0,GS_cluster_10123822790_11303526453_11303526454_248766831_#2more,2,32.0,2,4.0,7
2634.0,GS_cluster_10123822790_11303526453_11303526454_248766831_#2more,2,34.0,2,5.0,8
2635.0,GS_cluster_10123822790_11303526453_11303526454_248766831_#2more,4,38.0,2,6.0,9
2636.0,GS_cluster_10123822790_11303526453_11303526454_248766831_#2more,4,42.0,2,7.0,7
2637.0,GS_cluster_10123822790_11303526453_11303526454_248766831_#2more,4,46.0,2,8.0,8
2638.0,GS_cluster_10123822790_11303526453_11303526454_248766831_#2more,5,51.0,2,9.0,8
2639.0,GS_cluster_10123822790_11303526453_11303526454_248766831_#2more,6,57.0,2,10.0,9
2640.0,GS_cluster_10123822790_11303526453_11303526454_248766831_#2more,6,63.0,2,11.0,9
2641.0,GS_cluster_10123822790_11303526453_11303526454_248766831_#2more,7,70.0,2,12.0,9
2642.0,GS_cluster_10123822790_11303526453_11303526454_248766831_#2more,7,77.0,2,13.0,10
2643.0,GS_cluster_10123822790_11303526453_11303526454_248766831_#2more,8,85.0,2,14.0,10
2644.0,GS_cluster_10123822790_11303526453_11303526454_248766831_#2more,8,93.0,2,15.0,10
2645.0,GS_cluster_10123822790_11303526453_11303526454_248766831_#2more,9,102.0,2,16.0,10
2646.0,GS_cluster_10123822790_11303526453_11303526454_248766831_#2more,9,111.0,2,17.0,11
2647.0,GS_cluster_10123822790_11303526453_11303526454_248766831_#2more,10,121.0,2,18.0,11
2648.0,GS_cluster_10123822790_11303526453_11303526454_248766831_#2more,10,131.0,2,19.0,11
2649.0,GS_cluster_10123822790_11303526453_11303526454_248766831_#2more,10,141.0,2,20.0,12
2650.0,GS_cluster_10123822790_11303526453_11303526454_248766831_#2more,10,151.0,2,21.0,13
2651.0,GS_cluster_10123822790_11303526453_11303526454_248766831_#2more,10,161.0,2,22.0,13
2652.0,GS_cluster_10123822790_11303526453_11303526454_248766831_#2more,11,172.0,2,23.0,13
2653.0,GS_cluster_10123822790_11303526453_11303526454_248766831_#2more,11,183.0,2,24.0,14
2654.0,GS_cluster_10123822790_11303526453_11303526454_248766831_#2more,11,194.0,2,25.0,14
2655.0,GS_cluster_10123822790_11303526453_11303526454_248766831_#2more,11,205.0,2,26.0,15
2656.0,GS_cluster_10123822790_11303526453_11303526454_248766831_#2more,12,217.0,2,27.0,16
2657.0,GS_cluster_10123822790_11303526453_11303526454_248766831_#2more,12,229.0,2,28.0,16
2658.0,GS_cluster_10123822790_11303526453_11303526454_248766831_#2more,12,241.0,2,29.0,17
2659.0,GS_cluster_10123822790_11303526453_11303526454_248766831_#2more,12,253.0,2,30.0,17
2660.0,GS_cluster_10123822790_11303526453_11303526454_248766831_#2more,12,265.0,2,31.0,18
2661.0,GS_cluster_10123822790_11303526453_11303526454_248766831_#2more,13,278.0,2,32.0,19
2662.0,GS_cluster_10123822790_11303526453_11303526454_248766831_#2more,13,291.0,2,33.0,19
2663.0,GS_cluster_10123822790_11303526453_11303526454_248766831_#2more,13,304.0,2,34.0,20
2664.0,GS_cluster_10123822790_11303526453_11303526454_248766831_#2more,15,319.0,2,35.0,20
2665.0,GS_cluster_10123822790_11303526453_11303526454_248766831_#2more,15,334.0,2,36.0,21
2666.0,GS_cluster_10123822790_11303526453_11303526454_248766831_#2more,15,349.0,2,37.0,21
2667.0,GS_cluster_10123822790_11303526453_11303526454_248766831_#2more,16,365.0,2,38.0,21
2668.0,GS_cluster_10123822790_11303526453_11303526454_248766831_#2more,16,381.0,2,39.0,21
2669.0,GS_cluster_10123822790_11303526453_11303526454_248766831_#2more,19,400.0,2,40.0,21
2670.0,GS_cluster_10123822790_11303526453_11303526454_248766831_#2more,19,419.0,2,41.0,21
2671.0,GS_cluster_10123822790_11303526453_11303526454_248766831_#2more,19,438.0,2,42.0,21
2672.0,GS_cluster_10123822790_11303526453_11303526454_248766831_#2more,20,458.0,2,43.0,21
2673.0,GS_cluster_10123822790_11303526453_11303526454_248766831_#2more,21,479.0,3,1.0,21
2674.0,GS_cluster_10123822790_11303526453_11303526454_248766831_#2more,21,500.0,3,2.0,21
2675.0,GS_cluster_10123822790_11303526453_11303526454_248766831_#2more,21,521.0,3,3.0,21
2676.0,GS_cluster_10123822790_11303526453_11303526454_248766831_#2more,21,542.0,3,4.0,21
2677.0,GS_cluster_10123822790_11303526453_11303526454_248766831_#2more,21,563.0,3,5.0,21
2678.0,GS_cluster_10123822790_11303526453_11303526454_248766831_#2more,21,584.0,3,6.0,21
2679.0,GS_cluster_10123822790_11303526453_11303526454_248766831_#2more,20,541.0,4,1.0,20
2680.0,GS_cluster_10123822790_11303526453_11303526454_248766831_#2more,19,500.0,4,2.0,20
2681.0,GS_cluster_10123822790_11303526453_11303526454_248766831_#2more,18,506.0,4,3.0,20
2682.0,GS_cluster_10123822790_11303526453_11303526454_248766831_#2more,17,513.0,4,4.0,20
2683.0,GS_cluster_10123822790_11303526453_11303526454_248766831_#2more,16,519.0,4,5.0,19
2684.0,GS_cluster_10123822790_11303526453_11303526454_248766831_#2more,16,535.0,4,6.0,19
2685.0,GS_cluster_10123822790_11303526453_11303526454_248766831_#2more,16,551.0,4,7.0,18
2686.0,GS_cluster_10123822790_11303526453_11303526454_248766831_#2more,16,567.0,4,8.0,18
2687.0,GS_cluster_10123822790_11303526453_11303526454_248766831_#2more,16,583.0,4,9.0,17
2688.0,GS_cluster_10123822790_11303526453_11303526454_248766831_#2more,16,599.0,4,10.0,17
2689.0,GS_cluster_10123822790_11303526453_11303526454_248766831_#2more,16,615.0,4,11.0,16
2690.0,GS_cluster_10123822790_11303526453_11303526454_248766831_#2more,16,631.0,4,12.0,16
2691.0,GS_cluster_10123822790_11303526453_11303526454_248766831_#2more,16,647.0,4,13.0,16
2692.0,GS_cluster_10123822790_11303526453_11303526454_248766831_#2more,16,663.0,5,1.0,16
2693.0,GS_cluster_10123822790_11303526453_11303526454_248766831_#2more,16,679.0,5,2.0,16
2694.0,GS_cluster_10123822790_11303526453_11303526454_248766831_#2more,16,695.0,5,3.0,16
2695.0,GS_cluster_10123822790_11303526453_11303526454_248766831_#2more,16,711.0,5,4.0,16
2696.0,GS_cluster_10123822790_11303526453_11303526454_248766831_#2more,16,727.0,5,5.0,16
2697.0,GS_cluster_10123822790_11303526453_11303526454_248766831_#2more,16,743.0,5,6.0,16
2698.0,GS_cluster_10123822790_11303526453_11303526454_248766831_#2more,12,526.0,0,1.0,12
2699.0,GS_cluster_10123822790_11303526453_11303526454_248766831_#2more,8,339.0,0,2.0,12
2700.0,GS_cluster_10123822790_11303526453_11303526454_248766831_#2more,4,157.0,0,3.0,12
2701.0,GS_cluster_10123822790_11303526453_11303526454_248766831_#2more,2,68.0,0,4.0,9
2702.0,GS_cluster_10123822790_11303526453_11303526454_248766831_#2more,1,34.0,0,5.0,8
2703.0,GS_cluster_10123822790_11303526453_11303526454_248766831_#2more,0,0.0,0,6.0,8
2704.0,GS_cluster_10123822790_11303526453_11303526454_248766831_#2more,0,0.0,0,7.0,7
2705.0,GS_cluster_10123822790_11303526453_11303526454_248766831_#2more,0,0.0,0,8.0,7
2706.0,GS_cluster_10123822790_11303526453_11303526454_248766831_#2more,0,0.0,0,9.0,6
2707.0,GS_cluster_10123822790_11303526453_11303526454_248766831_#2more,1,1.0,0,10.0,6
2708.0,GS_cluster_10123822790_11303526453_11303526454_248766831_#2more,1,2.0,0,11.0,4
2709.0,GS_cluster_10123822790_11303526453_11303526454_248766831_#2more,1,3.0,0,12.0,6
2710.0,GS_cluster_10123822790_11303526453_11303526454_248766831_#2more,1,4.0,0,13.0,4
2711.0,GS_cluster_10123822790_11303526453_11303526454_248766831_#2more,1,5.0,0,14.0,5
2712.0,GS_cluster_10123822790_11303526453_11303526454_248766831_#2more,1,6.0,0,15.0,4
2713.0,GS_cluster_10123822790_11303526453_11303526454_248766831_#2more,1,7.0,0,16.0,4
2714.0,GS_cluster_10123822790_11303526453_11303526454_248766831_#2more,1,8.0,0,17.0,3
2715.0,GS_cluster_10123822790_11303526453_11303526454_248766831_#2more,1,9.0,0,18.0,2
2716.0,GS_cluster_10123822790_11303526453_11303526454_248766831_#2more,1,10.0,0,19.0,1
2717.0,GS_cluster_10123822790_11303526453_11303526454_248766831_#2more,1,11.0,1,1.0,1
2718.0,GS_cluster_10123822790_11303526453_11303526454_248766831_#2more,1,12.0,1,2.0,1
2719.0,GS_cluster_10123822790_11303526453_11303526454_248766831_#2more,1,13.0,1,3.0,1
2720.0,GS_cluster_10123822790_11303526453_11303526454_248766831_#2more,1,14.0,1,4.0,1
2721.0,GS_cluster_10123822790_11303526453_11303526454_248766831_#2more,1,15.0,1,5.0,1
2722.0,GS_cluster_10123822790_11303526453_11303526454_248766831_#2more,1,16.0,1,6.0,1
2723.0,GS_cluster_10123822790_11303526453_11303526454_248766831_#2more,0,0.0,2,1.0,0
2724.0,GS_cluster_10123822790_11303526453_11303526454_248766831_#2more,0,0.0,2,2.0,0
2725.0,GS_cluster_10123822790_11303526453_11303526454_248766831_#2more,0,0.0,2,3.0,0
2726.0,GS_cluster_10123822790_11303526453_11303526454_248766831_#2more,0,0.0,2,4.0,0
2727.0,GS_cluster_10123822790_11303526453_11303526454_248766831_#2more,0,0.0,2,5.0,0
2728.0,GS_cluster_10123822790_11303526453_11303526454_248766831_#2more,0,0.0,2,6.0,0
2729.0,GS_cluster_10123822790_11303526453_11303526454_248766831_#2more,0,0.0,2,7.0,0
2730.0,GS_cluster_10123822790_11303526453_11303526454_248766831_#2more,0,0.0,2,8.0,0
2731.0,GS_cluster_10123822790_11303526453_11303526454_248766831_#2more,0,0.0,2,9.0,0
2732.0,GS_cluster_10123822790_11303526453_11303526454_248766831_#2more,0,0.0,2,10.0,0
2733.0,GS_cluster_10123822790_11303526453_11303526454_248766831_#2more,0,0.0,2,11.0,1
2734.0,GS_cluster_10123822790_11303526453_11303526454_248766831_#2more,0,0.0,2,12.0,1
2735.0,GS_cluster_10123822790_11303526453_11303526454_248766831_#2more,0,0.0,2,13.0,1
2736.0,GS_cluster_10123822790_11303526453_11303526454_248766831_#2more,0,0.0,2,14.0,0
2737.0,GS_cluster_10123822790_11303526453_11303526454_248766831_#2more,0,0.0,3,1.0,0
2738.0,GS_cluster_10123822790_11303526453_11303526454_248766831_#2more,0,0.0,3,2.0,0
2739.0,GS_cluster_10123822790_11303526453_11303526454_248766831_#2more,0,0.0,3,3.0,0
2740.0,GS_cluster_10123822790_11303526453_11303526454_248766831_#2more,0,0.0,3,4.0,1
2741.0,GS_cluster_10123822790_11303526453_11303526454_248766831_#2more,0,0.0,3,5.0,1
2742.0,GS_cluster_10123822790_11303526453_11303526454_248766831_#2more,0,0.0,3,6.0,2
2743.0,GS_cluster_10123822790_11303526453_11303526454_248766831_#2more,0,0.0,4,1.0,2
2744.0,GS_cluster_10123822790_11303526453_11303526454_248766831_#2more,0,0.0,4,2.0,2
2745.0,GS_cluster_10123822790_11303526453_11303526454_248766831_#2more,0,0.0,4,3.0,3
2746.0,GS_cluster_10123822790_11303526453_11303526454_248766831_#2more,1,1.0,4,4.0,3
2747.0,GS_cluster_10123822790_11303526453_11303526454_248766831_#2more,2,3.0,4,5.0,3
2748.0,GS_cluster_10123822790_11303526453_11303526454_248766831_#2more,2,5.0,4,6.0,3
2749.0,GS_cluster_10123822790_11303526453_11303526454_248766831_#2more,3,8.0,4,7.0,3
2750.0,GS_cluster_10123822790_11303526453_11303526454_248766831_#2more,3,11.0,4,8.0,4
2751.0,GS_cluster_10123822790_11303526453_11303526454_248766831_#2more,3,14.0,4,9.0,4
2752.0,GS_cluster_10123822790_11303526453_11303526454_248766831_#2more,3,17.0,4,10.0,4
2753.0,GS_cluster_10123822790_11303526453_11303526454_248766831_#2more,3,20.0,4,11.0,4
2754.0,GS_cluster_10123822790_11303526453_11303526454_248766831_#2more,4,24.0,4,12.0,4
2755.0,GS_cluster_10123822790_11303526453_11303526454_248766831_#2more,4,28.0,4,13.0,4
2756.0,GS_cluster_10123822790_11303526453_11303526454_248766831_#2more,4,32.0,5,1.0,4
2757.0,GS_cluster_10123822790_11303526453_11303526454_248766831_#2more,4,36.0,5,2.0,4
2758.0,GS_cluster_10123822790_11303526453_11303526454_248766831_#2more,4,40.0,5,3.0,4
2759.0,GS_cluster_10123822790_11303526453_11303526454_248766831_#2more,4,44.0,5,4.0,4
2760.0,GS_cluster_10123822790_11303526453_11303526454_248766831_#2more,4,48.0,5,5.0,4
2761.0,GS_cluster_10123822790_11303526453_11303526454_248766831_#2more,4,52.0,5,6.0,4
2762.0,GS_cluster_10123822790_11303526453_11303526454_248766831_#2more,2,23.0,0,1.0,2
2763.0,GS_cluster_10123822790_11303526453_11303526454_248766831_#2more,1,10.0,0,2.0,2
2764.0,GS_cluster_10123822790_11303526453_11303526454_248766831_#2more,0,0.0,0,3.0,2
2765.0,GS_cluster_10123822790_11303526453_11303526454_248766831_#2more,0,0.0,0,4.0,2
2766.0,GS_cluster_10123822790_11303526453_11303526454_248766831_#2more,0,0.0,0,5.0,2
2767.0,GS_cluster_10123822790_11303526453_11303526454_248766831_#2more,0,0.0,0,6.0,3
2768.0,GS_cluster_10123822790_11303526453_11303526454_248766831_#2more,1,1.0,0,7.0,3
2769.0,GS_cluster_10123822790_11303526453_11303526454_248766831_#2more,1,2.0,0,8.0,3
2770.0,GS_cluster_10123822790_11303526453_11303526454_248766831_#2more,1,3.0,0,9.0,3
2771.0,GS_cluster_10123822790_11303526453_11303526454_248766831_#2more,2,5.0,0,10.0,3
2772.0,GS_cluster_10123822790_11303526453_11303526454_248766831_#2more,2,7.0,0,11.0,3
2773.0,GS_cluster_10123822790_11303526453_11303526454_248766831_#2more,2,9.0,0,12.0,3
2774.0,GS_cluster_10123822790_11303526453_11303526454_248766831_#2more,2,11.0,0,13.0,3
2775.0,GS_cluster_10123822790_11303526453_11303526454_248766831_#2more,2,13.0,0,14.0,4
2776.0,GS_cluster_10123822790_11303526453_11303526454_248766831_#2more,2,15.0,0,15.0,4
2777.0,GS_cluster_10123822790_11303526453_11303526454_248766831_#2more,2,17.0,0,16.0,2
2778.0,GS_cluster_10123822790_11303526453_11303526454_248766831_#2more,2,19.0,0,17.0,3
2779.0,GS_cluster_10123822790_11303526453_11303526454_248766831_#2more,2,21.0,0,18.0,4
2780.0,GS_cluster_10123822790_11303526453_11303526454_248766831_#2more,2,23.0,0,19.0,3
2781.0,GS_cluster_10123822790_11303526453_11303526454_248766831_#2more,2,25.0,0,20.0,3
2782.0,GS_cluster_10123822790_11303526453_11303526454_248766831_#2more,2,27.0,0,21.0,2
2783.0,GS_cluster_10123822790_11303526453_11303526454_248766831_#2more,2,29.0,1,1.0,2
2784.0,GS_cluster_10123822790_11303526453_11303526454_248766831_#2more,2,31.0,1,2.0,3
2785.0,GS_cluster_10123822790_11303526453_11303526454_248766831_#2more,2,33.0,1,3.0,3
2786.0,GS_cluster_10123822790_11303526453_11303526454_248766831_#2more,2,35.0,1,4.0,4
2787.0,GS_cluster_10123822790_11303526453_11303526454_248766831_#2more,2,37.0,1,5.0,5
2788.0,GS_cluster_10123822790_11303526453_11303526454_248766831_#2more,2,39.0,1,6.0,5
2789.0,GS_cluster_10123822790_11303526453_11303526454_248766831_#2more,2,20.0,2,1.0,4
2790.0,GS_cluster_10123822790_11303526453_11303526454_248766831_#2more,1,2.0,2,2.0,4
2791.0,GS_cluster_10123822790_11303526453_11303526454_248766831_#2more,1,3.0,2,3.0,4
2792.0,GS_cluster_10123822790_11303526453_11303526454_248766831_#2more,2,5.0,2,4.0,3
2793.0,GS_cluster_10123822790_11303526453_11303526454_248766831_#2more,3,8.0,2,5.0,3
2794.0,GS_cluster_10123822790_11303526453_11303526454_248766831_#2more,3,11.0,2,6.0,4
2795.0,GS_cluster_10123822790_11303526453_11303526454_248766831_#2more,3,14.0,2,7.0,4
2796.0,GS_cluster_10123822790_11303526453_11303526454_248766831_#2more,3,17.0,2,8.0,5
2797.0,GS_cluster_10123822790_11303526453_11303526454_248766831_#2more,3,20.0,2,9.0,6
2798.0,GS_cluster_10123822790_11303526453_11303526454_248766831_#2more,4,24.0,2,10.0,6
2799.0,GS_cluster_10123822790_11303526453_11303526454_248766831_#2more,4,28.0,2,11.0,7
2800.0,GS_cluster_10123822790_11303526453_11303526454_248766831_#2more,4,32.0,2,12.0,7
2801.0,GS_cluster_10123822790_11303526453_11303526454_248766831_#2more,5,37.0,2,13.0,8
2802.0,GS_cluster_10123822790_11303526453_11303526454_248766831_#2more,5,42.0,2,14.0,9
2803.0,GS_cluster_10123822790_11303526453_11303526454_248766831_#2more,5,47.0,2,15.0,9
2804.0,GS_cluster_10123822790_11303526453_11303526454_248766831_#2more,7,54.0,2,16.0,9
2805.0,GS_cluster_10123822790_11303526453_11303526454_248766831_#2more,7,61.0,2,17.0,9
2806.0,GS_cluster_10123822790_11303526453_11303526454_248766831_#2more,9,70.0,2,18.0,9
2807.0,GS_cluster_10123822790_11303526453_11303526454_248766831_#2more,9,79.0,3,1.0,10
2808.0,GS_cluster_10123822790_11303526453_11303526454_248766831_#2more,9,88.0,3,2.0,10
2809.0,GS_cluster_10123822790_11303526453_11303526454_248766831_#2more,9,97.0,3,3.0,11
2810.0,GS_cluster_10123822790_11303526453_11303526454_248766831_#2more,9,106.0,3,4.0,11
2811.0,GS_cluster_10123822790_11303526453_11303526454_248766831_#2more,9,115.0,3,5.0,12
2812.0,GS_cluster_10123822790_11303526453_11303526454_248766831_#2more,10,125.0,3,6.0,12
2813.0,GS_cluster_10123822790_11303526453_11303526454_248766831_#2more,11,136.0,4,1.0,12
2814.0,GS_cluster_10123822790_11303526453_11303526454_248766831_#2more,11,147.0,4,2.0,12
2815.0,GS_cluster_10123822790_11303526453_11303526454_248766831_#2more,11,158.0,4,3.0,12
2816.0,GS_cluster_10123822790_11303526453_11303526454_248766831_#2more,11,169.0,4,4.0,12
2817.0,GS_cluster_10123822790_11303526453_11303526454_248766831_#2more,12,181.0,4,5.0,12
2818.0,GS_cluster_10123822790_11303526453_11303526454_248766831_#2more,12,193.0,4,6.0,12
2819.0,GS_cluster_10123822790_11303526453_11303526454_248766831_#2more,12,205.0,4,7.0,12
2820.0,GS_cluster_10123822790_11303526453_11303526454_248766831_#2more,12,217.0,4,8.0,13
2821.0,GS_cluster_10123822790_11303526453_11303526454_248766831_#2more,12,229.0,4,9.0,13
2822.0,GS_cluster_10123822790_11303526453_11303526454_248766831_#2more,12,241.0,4,10.0,13
2823.0,GS_cluster_10123822790_11303526453_11303526454_248766831_#2more,12,253.0,4,11.0,13
2824.0,GS_cluster_10123822790_11303526453_11303526454_248766831_#2more,12,265.0,4,12.0,13
2825.0,GS_cluster_10123822790_11303526453_11303526454_248766831_#2more,13,278.0,4,13.0,13
2826.0,GS_cluster_10123822790_11303526453_11303526454_248766831_#2more,13,291.0,5,1.0,13
2827.0,GS_cluster_10123822790_11303526453_11303526454_248766831_#2more,13,304.0,5,2.0,14
2828.0,GS_cluster_10123822790_11303526453_11303526454_248766831_#2more,13,317.0,5,3.0,14
2829.0,GS_cluster_10123822790_11303526453_11303526454_248766831_#2more,13,330.0,5,4.0,14
2830.0,GS_cluster_10123822790_11303526453_11303526454_248766831_#2more,13,343.0,5,5.0,14
2831.0,GS_cluster_10123822790_11303526453_11303526454_248766831_#2more,13,356.0,5,6.0,15
2832.0,GS_cluster_10123822790_11303526453_11303526454_248766831_#2more,10,222.0,0,1.0,12
2833.0,GS_cluster_10123822790_11303526453_11303526454_248766831_#2more,7,129.0,0,2.0,13
2834.0,GS_cluster_10123822790_11303526453_11303526454_248766831_#2more,4,66.0,0,3.0,14
2835.0,GS_cluster_10123822790_11303526453_11303526454_248766831_#2more,2,42.0,0,4.0,11
2836.0,GS_cluster_10123822790_11303526453_11303526454_248766831_#2more,1,20.0,0,5.0,11
2837.0,GS_cluster_10123822790_11303526453_11303526454_248766831_#2more,0,0.0,0,6.0,11
2838.0,GS_cluster_10123822790_11303526453_11303526454_248766831_#2more,0,0.0,0,7.0,9
2839.0,GS_cluster_10123822790_11303526453_11303526454_248766831_#2more,0,0.0,0,8.0,8
2840.0,GS_cluster_10123822790_11303526453_11303526454_248766831_#2more,0,0.0,0,9.0,7
2841.0,GS_cluster_10123822790_11303526453_11303526454_248766831_#2more,0,0.0,0,10.0,7
2842.0,GS_cluster_10123822790_11303526453_11303526454_248766831_#2more,0,0.0,0,11.0,6
2843.0,GS_cluster_10123822790_11303526453_11303526454_248766831_#2more,0,0.0,0,12.0,6
2844.0,GS_cluster_10123822790_11303526453_11303526454_248766831_#2more,0,0.0,0,13.0,6
2845.0,GS_cluster_10123822790_11303526453_11303526454_248766831_#2more,0,0.0,0,14.0,6
2846.0,GS_cluster_10123822790_11303526453_11303526454_248766831_#2more,1,1.0,0,15.0,5
2847.0,GS_cluster_10123822790_11303526453_11303526454_248766831_#2more,1,2.0,0,16.0,4
2848.0,GS_cluster_10123822790_11303526453_11303526454_248766831_#2more,2,4.0,0,17.0,4
2849.0,GS_cluster_10123822790_11303526453_11303526454_248766831_#2more,2,6.0,0,18.0,3
2850.0,GS_cluster_10123822790_11303526453_11303526454_248766831_#2more,2,8.0,1,1.0,3
2851.0,GS_cluster_10123822790_11303526453_11303526454_248766831_#2more,3,11.0,1,2.0,3
2852.0,GS_cluster_10123822790_11303526453_11303526454_248766831_#2more,3,14.0,1,3.0,3
2853.0,GS_cluster_10123822790_11303526453_11303526454_248766831_#2more,3,17.0,1,4.0,4
2854.0,GS_cluster_10123822790_11303526453_11303526454_248766831_#2more,3,20.0,1,5.0,5
2855.0,GS_cluster_10123822790_11303526453_11303526454_248766831_#2more,3,23.0,1,6.0,5
2856.0,GS_cluster_10123822790_11303526453_11303526454_248766831_#2more,3,26.0,2,1.0,6
2857.0,GS_cluster_10123822790_11303526453_11303526454_248766831_#2more,3,29.0,2,2.0,6
2858.0,GS_cluster_10123822790_11303526453_11303526454_248766831_#2more,3,32.0,2,3.0,6
2859.0,GS_cluster_10123822790_11303526453_11303526454_248766831_#2more,4,36.0,2,4.0,7
2860.0,GS_cluster_10123822790_11303526453_11303526454_248766831_#2more,4,40.0,2,5.0,8
2861.0,GS_cluster_10123822790_11303526453_11303526454_248766831_#2more,5,45.0,2,6.0,8
2862.0,GS_cluster_10123822790_11303526453_11303526454_248766831_#2more,5,50.0,2,7.0,8
2863.0,GS_cluster_10123822790_11303526453_11303526454_248766831_#2more,6,56.0,2,8.0,8
2864.0,GS_cluster_10123822790_11303526453_11303526454_248766831_#2more,6,62.0,2,9.0,8
2865.0,GS_cluster_10123822790_11303526453_11303526454_248766831_#2more,6,68.0,2,10.0,10
2866.0,GS_cluster_10123822790_11303526453_11303526454_248766831_#2more,8,76.0,2,11.0,10
2867.0,GS_cluster_10123822790_11303526453_11303526454_248766831_#2more,8,84.0,2,12.0,10
2868.0,GS_cluster_10123822790_11303526453_11303526454_248766831_#2more,8,92.0,2,13.0,10
2869.0,GS_cluster_10123822790_11303526453_11303526454_248766831_#2more,8,100.0,3,1.0,11
2870.0,GS_cluster_10123822790_11303526453_11303526454_248766831_#2more,8,108.0,3,2.0,11
2871.0,GS_cluster_10123822790_11303526453_11303526454_248766831_#2more,9,117.0,3,3.0,12
2872.0,GS_cluster_10123822790_11303526453_11303526454_248766831_#2more,9,126.0,3,4.0,13
2873.0,GS_cluster_10123822790_11303526453_11303526454_248766831_#2more,10,136.0,3,5.0,13
2874.0,GS_cluster_10123822790_11303526453_11303526454_248766831_#2more,10,146.0,3,6.0,13
2875.0,GS_cluster_10123822790_11303526453_11303526454_248766831_#2more,10,127.0,4,1.0,13
2876.0,GS_cluster_10123822790_11303526453_11303526454_248766831_#2more,10,109.0,4,2.0,13
2877.0,GS_cluster_10123822790_11303526453_11303526454_248766831_#2more,9,92.0,4,3.0,13
2878.0,GS_cluster_10123822790_11303526453_11303526454_248766831_#2more,9,101.0,4,4.0,13
2879.0,GS_cluster_10123822790_11303526453_11303526454_248766831_#2more,11,112.0,4,5.0,13
2880.0,GS_cluster_10123822790_11303526453_11303526454_248766831_#2more,11,123.0,4,6.0,13
2881.0,GS_cluster_10123822790_11303526453_11303526454_248766831_#2more,12,135.0,4,7.0,13
2882.0,GS_cluster_10123822790_11303526453_11303526454_248766831_#2more,12,147.0,4,8.0,13
2883.0,GS_cluster_10123822790_11303526453_11303526454_248766831_#2more,12,159.0,4,9.0,13
2884.0,GS_cluster_10123822790_11303526453_11303526454_248766831_#2more,12,171.0,4,10.0,13
2885.0,GS_cluster_10123822790_11303526453_11303526454_248766831_#2more,13,184.0,4,11.0,13
2886.0,GS_cluster_10123822790_11303526453_11303526454_248766831_#2more,13,197.0,4,12.0,13
2887.0,GS_cluster_10123822790_11303526453_11303526454_248766831_#2more,13,210.0,4,13.0,13
2888.0,GS_cluster_10123822790_11303526453_11303526454_248766831_#2more,13,223.0,5,1.0,13
2889.0,GS_cluster_10123822790_11303526453_11303526454_248766831_#2more,13,236.0,5,2.0,13
2890.0,GS_cluster_10123822790_11303526453_11303526454_248766831_#2more,13,249.0,5,3.0,13
2891.0,GS_cluster_10123822790_11303526453_11303526454_248766831_#2more,13,262.0,5,4.0,13
2892.0,GS_cluster_10123822790_11303526453_11303526454_248766831_#2more,13,275.0,5,5.0,13
2893.0,GS_cluster_10123822790_11303526453_11303526454_248766831_#2more,13,288.0,5,6.0,13
2894.0,GS_cluster_10123822790_11303526453_11303526454_248766831_#2more,10,212.0,0,1.0,10
2895.0,GS_cluster_10123822790_11303526453_11303526454_248766831_#2more,8,164.0,0,2.0,11
2896.0,GS_cluster_10123822790_11303526453_11303526454_248766831_#2more,6,117.0,0,3.0,11
2897.0,GS_cluster_10123822790_11303526453_11303526454_248766831_#2more,5,91.0,0,4.0,11
2898.0,GS_cluster_10123822790_11303526453_11303526454_248766831_#2more,4,76.0,0,5.0,11
2899.0,GS_cluster_10123822790_11303526453_11303526454_248766831_#2more,3,61.0,0,6.0,12
2900.0,GS_cluster_10123822790_11303526453_11303526454_248766831_#2more,3,64.0,0,7.0,11
2901.0,GS_cluster_10123822790_11303526453_11303526454_248766831_#2more,3,67.0,0,8.0,11
2902.0,GS_cluster_10123822790_11303526453_11303526454_248766831_#2more,3,70.0,0,9.0,12
2903.0,GS_cluster_10123822790_11303526453_11303526454_248766831_#2more,4,74.0,0,10.0,11
2904.0,GS_cluster_10123822790_11303526453_11303526454_248766831_#2more,5,79.0,0,11.0,11
2905.0,GS_cluster_10123822790_11303526453_11303526454_248766831_#2more,5,84.0,0,12.0,13
2906.0,GS_cluster_10123822790_11303526453_11303526454_248766831_#2more,5,89.0,0,13.0,12
2907.0,GS_cluster_10123822790_11303526453_11303526454_248766831_#2more,6,95.0,0,14.0,12
2908.0,GS_cluster_10123822790_11303526453_11303526454_248766831_#2more,7,102.0,0,15.0,13
2909.0,GS_cluster_10123822790_11303526453_11303526454_248766831_#2more,8,110.0,0,16.0,13
2910.0,GS_cluster_10123822790_11303526453_11303526454_248766831_#2more,8,118.0,0,17.0,14
2911.0,GS_cluster_10123822790_11303526453_11303526454_248766831_#2more,9,127.0,0,18.0,13
2912.0,GS_cluster_10123822790_11303526453_11303526454_248766831_#2more,9,136.0,0,19.0,13
2913.0,GS_cluster_10123822790_11303526453_11303526454_248766831_#2more,9,145.0,0,20.0,12
2914.0,GS_cluster_10123822790_11303526453_11303526454_248766831_#2more,10,155.0,0,21.0,13
2915.0,GS_cluster_10123822790_11303526453_11303526454_248766831_#2more,10,165.0,0,22.0,13
2916.0,GS_cluster_10123822790_11303526453_11303526454_248766831_#2more,11,176.0,0,23.0,13
2917.0,GS_cluster_10123822790_11303526453_11303526454_248766831_#2more,11,187.0,0,24.0,13
2918.0,GS_cluster_10123822790_11303526453_11303526454_248766831_#2more,11,198.0,0,25.0,13
2919.0,GS_cluster_10123822790_11303526453_11303526454_248766831_#2more,12,210.0,0,26.0,13
2920.0,GS_cluster_10123822790_11303526453_11303526454_248766831_#2more,12,222.0,0,27.0,12
2921.0,GS_cluster_10123822790_11303526453_11303526454_248766831_#2more,12,234.0,0,28.0,13
2922.0,GS_cluster_10123822790_11303526453_11303526454_248766831_#2more,12,246.0,0,29.0,13
2923.0,GS_cluster_10123822790_11303526453_11303526454_248766831_#2more,12,258.0,0,30.0,14
2924.0,GS_cluster_10123822790_11303526453_11303526454_248766831_#2more,12,270.0,0,31.0,13
2925.0,GS_cluster_10123822790_11303526453_11303526454_248766831_#2more,12,282.0,0,32.0,13
2926.0,GS_cluster_10123822790_11303526453_11303526454_248766831_#2more,12,294.0,0,33.0,13
2927.0,GS_cluster_10123822790_11303526453_11303526454_248766831_#2more,12,306.0,0,34.0,13
2928.0,GS_cluster_10123822790_11303526453_11303526454_248766831_#2more,12,318.0,0,35.0,12
2929.0,GS_cluster_10123822790_11303526453_11303526454_248766831_#2more,12,330.0,1,1.0,13
2930.0,GS_cluster_10123822790_11303526453_11303526454_248766831_#2more,12,342.0,1,2.0,12
2931.0,GS_cluster_10123822790_11303526453_11303526454_248766831_#2more,12,354.0,1,3.0,12
2932.0,GS_cluster_10123822790_11303526453_11303526454_248766831_#2more,12,366.0,1,4.0,13
2933.0,GS_cluster_10123822790_11303526453_11303526454_248766831_#2more,12,378.0,1,5.0,13
2934.0,GS_cluster_10123822790_11303526453_11303526454_248766831_#2more,12,390.0,1,6.0,13
2935.0,GS_cluster_10123822790_11303526453_11303526454_248766831_#2more,10,308.0,2,1.0,12
2936.0,GS_cluster_10123822790_11303526453_11303526454_248766831_#2more,8,227.0,2,2.0,12
2937.0,GS_cluster_10123822790_11303526453_11303526454_248766831_#2more,8,153.0,2,3.0,12
2938.0,GS_cluster_10123822790_11303526453_11303526454_248766831_#2more,7,130.0,2,4.0,13
2939.0,GS_cluster_10123822790_11303526453_11303526454_248766831_#2more,6,106.0,2,5.0,12
2940.0,GS_cluster_10123822790_11303526453_11303526454_248766831_#2more,6,83.0,2,6.0,13
2941.0,GS_cluster_10123822790_11303526453_11303526454_248766831_#2more,6,89.0,2,7.0,13
2942.0,GS_cluster_10123822790_11303526453_11303526454_248766831_#2more,8,97.0,2,8.0,13
2943.0,GS_cluster_10123822790_11303526453_11303526454_248766831_#2more,9,106.0,2,9.0,13
2944.0,GS_cluster_10123822790_11303526453_11303526454_248766831_#2more,9,115.0,2,10.0,13
2945.0,GS_cluster_10123822790_11303526453_11303526454_248766831_#2more,10,125.0,2,11.0,13
2946.0,GS_cluster_10123822790_11303526453_11303526454_248766831_#2more,11,136.0,2,12.0,13
2947.0,GS_cluster_10123822790_11303526453_11303526454_248766831_#2more,11,147.0,2,13.0,13
2948.0,GS_cluster_10123822790_11303526453_11303526454_248766831_#2more,11,158.0,3,1.0,14
2949.0,GS_cluster_10123822790_11303526453_11303526454_248766831_#2more,11,169.0,3,2.0,14
2950.0,GS_cluster_10123822790_11303526453_11303526454_248766831_#2more,11,180.0,3,3.0,15
2951.0,GS_cluster_10123822790_11303526453_11303526454_248766831_#2more,11,191.0,3,4.0,16
2952.0,GS_cluster_10123822790_11303526453_11303526454_248766831_#2more,11,202.0,3,5.0,17
2953.0,GS_cluster_10123822790_11303526453_11303526454_248766831_#2more,12,214.0,3,6.0,17
2954.0,GS_cluster_10123822790_11303526453_11303526454_248766831_#2more,11,185.0,4,1.0,16
2955.0,GS_cluster_10123822790_11303526453_11303526454_248766831_#2more,10,156.0,4,2.0,15
2956.0,GS_cluster_10123822790_11303526453_11303526454_248766831_#2more,11,130.0,4,3.0,16
2957.0,GS_cluster_10123822790_11303526453_11303526454_248766831_#2more,11,141.0,4,4.0,15
2958.0,GS_cluster_10123822790_11303526453_11303526454_248766831_#2more,12,153.0,4,5.0,14
2959.0,GS_cluster_10123822790_11303526453_11303526454_248766831_#2more,12,165.0,4,6.0,14
2960.0,GS_cluster_10123822790_11303526453_11303526454_248766831_#2more,13,178.0,4,7.0,14
2961.0,GS_cluster_10123822790_11303526453_11303526454_248766831_#2more,13,191.0,4,8.0,13
2962.0,GS_cluster_10123822790_11303526453_11303526454_248766831_#2more,13,204.0,4,9.0,13
2963.0,GS_cluster_10123822790_11303526453_11303526454_248766831_#2more,13,217.0,4,10.0,13
2964.0,GS_cluster_10123822790_11303526453_11303526454_248766831_#2more,13,230.0,4,11.0,13
2965.0,GS_cluster_10123822790_11303526453_11303526454_248766831_#2more,13,243.0,4,12.0,13
2966.0,GS_cluster_10123822790_11303526453_11303526454_248766831_#2more,13,256.0,4,13.0,13
2967.0,GS_cluster_10123822790_11303526453_11303526454_248766831_#2more,13,269.0,5,1.0,13
2968.0,GS_cluster_10123822790_11303526453_11303526454_248766831_#2more,13,282.0,5,2.0,13
2969.0,GS_cluster_10123822790_11303526453_11303526454_248766831_#2more,13,295.0,5,3.0,13
2970.0,GS_cluster_10123822790_11303526453_11303526454_248766831_#2more,13,308.0,5,4.0,13
2971.0,GS_cluster_10123822790_11303526453_11303526454_248766831_#2more,13,321.0,5,5.0,13
2972.0,GS_cluster_10123822790_11303526453_11303526454_248766831_#2more,13,334.0,5,6.0,13
2973.0,GS_cluster_10123822790_11303526453_11303526454_248766831_#2more,9,220.0,0,1.0,9
2974.0,GS_cluster_10123822790_11303526453_11303526454_248766831_#2more,6,156.0,0,2.0,9
2975.0,GS_cluster_10123822790_11303526453_11303526454_248766831_#2more,3,94.0,0,3.0,9
2976.0,GS_cluster_10123822790_11303526453_11303526454_248766831_#2more,2,63.0,0,4.0,6
2977.0,GS_cluster_10123822790_11303526453_11303526454_248766831_#2more,1,32.0,0,5.0,6
2978.0,GS_cluster_10123822790_11303526453_11303526454_248766831_#2more,0,0.0,0,6.0,5
2979.0,GS_cluster_10123822790_11303526453_11303526454_248766831_#2more,0,0.0,0,7.0,3
2980.0,GS_cluster_10123822790_11303526453_11303526454_248766831_#2more,0,0.0,0,8.0,3
2981.0,GS_cluster_10123822790_11303526453_11303526454_248766831_#2more,0,0.0,0,9.0,3
2982.0,GS_cluster_10123822790_11303526453_11303526454_248766831_#2more,0,0.0,0,10.0,3
2983.0,GS_cluster_10123822790_11303526453_11303526454_248766831_#2more,0,0.0,0,11.0,3
2984.0,GS_cluster_10123822790_11303526453_11303526454_248766831_#2more,0,0.0,0,12.0,3
2985.0,GS_cluster_10123822790_11303526453_11303526454_248766831_#2more,0,0.0,0,13.0,2
2986.0,GS_cluster_10123822790_11303526453_11303526454_248766831_#2more,0,0.0,0,14.0,4
2987.0,GS_cluster_10123822790_11303526453_11303526454_248766831_#2more,0,0.0,0,15.0,5
2988.0,GS_cluster_10123822790_11303526453_11303526454_248766831_#2more,0,0.0,0,16.0,6
2989.0,GS_cluster_10123822790_11303526453_11303526454_248766831_#2more,0,0.0,0,17.0,7
2990.0,GS_cluster_10123822790_11303526453_11303526454_248766831_#2more,0,0.0,0,18.0,8
2991.0,GS_cluster_10123822790_11303526453_11303526454_248766831_#2more,1,1.0,0,19.0,8
2992.0,GS_cluster_10123822790_11303526453_11303526454_248766831_#2more,1,2.0,0,20.0,9
2993.0,GS_cluster_10123822790_11303526453_11303526454_248766831_#2more,1,3.0,0,21.0,8
2994.0,GS_cluster_10123822790_11303526453_11303526454_248766831_#2more,1,4.0,0,22.0,10
2995.0,GS_cluster_10123822790_11303526453_11303526454_248766831_#2more,2,6.0,0,23.0,9
2996.0,GS_cluster_10123822790_11303526453_11303526454_248766831_#2more,3,9.0,0,24.0,9
2997.0,GS_cluster_10123822790_11303526453_11303526454_248766831_#2more,3,12.0,0,25.0,9
2998.0,GS_cluster_10123822790_11303526453_11303526454_248766831_#2more,3,15.0,0,26.0,9
2999.0,GS_cluster_10123822790_11303526453_11303526454_248766831_#2more,3,18.0,0,27.0,10
3000.0,GS_cluster_10123822790_11303526453_11303526454_248766831_#2more,3,21.0,0,28.0,11
3001.0,GS_cluster_10123822790_11303526453_11303526454_248766831_#2more,3,24.0,0,29.0,11
3002.0,GS_cluster_10123822790_11303526453_11303526454_248766831_#2more,3,27.0,0,30.0,11
3003.0,GS_cluster_10123822790_11303526453_11303526454_248766831_#2more,3,30.0,0,31.0,10
3004.0,GS_cluster_10123822790_11303526453_11303526454_248766831_#2more,4,34.0,0,32.0,10
3005.0,GS_cluster_10123822790_11303526453_11303526454_248766831_#2more,4,38.0,0,33.0,9
3006.0,GS_cluster_10123822790_11303526453_11303526454_248766831_#2more,4,42.0,1,1.0,10
3007.0,GS_cluster_10123822790_11303526453_11303526454_248766831_#2more,4,46.0,1,2.0,10
3008.0,GS_cluster_10123822790_11303526453_11303526454_248766831_#2more,5,51.0,1,3.0,11
3009.0,GS_cluster_10123822790_11303526453_11303526454_248766831_#2more,5,56.0,1,4.0,11
3010.0,GS_cluster_10123822790_11303526453_11303526454_248766831_#2more,7,63.0,1,5.0,11
3011.0,GS_cluster_10123822790_11303526453_11303526454_248766831_#2more,7,70.0,1,6.0,11
3012.0,GS_cluster_10123822790_11303526453_11303526454_248766831_#2more,7,56.0,2,1.0,10
3013.0,GS_cluster_10123822790_11303526453_11303526454_248766831_#2more,6,44.0,2,2.0,11
3014.0,GS_cluster_10123822790_11303526453_11303526454_248766831_#2more,6,32.0,2,3.0,12
3015.0,GS_cluster_10123822790_11303526453_11303526454_248766831_#2more,6,38.0,2,4.0,12
3016.0,GS_cluster_10123822790_11303526453_11303526454_248766831_#2more,6,44.0,2,5.0,10
3017.0,GS_cluster_10123822790_11303526453_11303526454_248766831_#2more,6,50.0,2,6.0,12
3018.0,GS_cluster_10123822790_11303526453_11303526454_248766831_#2more,6,56.0,2,7.0,11
3019.0,GS_cluster_10123822790_11303526453_11303526454_248766831_#2more,7,63.0,2,8.0,11
3020.0,GS_cluster_10123822790_11303526453_11303526454_248766831_#2more,8,71.0,2,9.0,14
3021.0,GS_cluster_10123822790_11303526453_11303526454_248766831_#2more,8,79.0,2,10.0,12
3022.0,GS_cluster_10123822790_11303526453_11303526454_248766831_#2more,8,87.0,2,11.0,15
3023.0,GS_cluster_10123822790_11303526453_11303526454_248766831_#2more,9,96.0,2,12.0,14
3024.0,GS_cluster_10123822790_11303526453_11303526454_248766831_#2more,10,106.0,2,13.0,15
3025.0,GS_cluster_10123822790_11303526453_11303526454_248766831_#2more,10,116.0,2,14.0,15
3026.0,GS_cluster_10123822790_11303526453_11303526454_248766831_#2more,11,127.0,2,15.0,15
3027.0,GS_cluster_10123822790_11303526453_11303526454_248766831_#2more,11,138.0,2,16.0,15
3028.0,GS_cluster_10123822790_11303526453_11303526454_248766831_#2more,12,150.0,2,17.0,14
3029.0,GS_cluster_10123822790_11303526453_11303526454_248766831_#2more,13,163.0,2,18.0,15
3030.0,GS_cluster_10123822790_11303526453_11303526454_248766831_#2more,13,176.0,2,19.0,15
3031.0,GS_cluster_10123822790_11303526453_11303526454_248766831_#2more,13,189.0,2,20.0,14
3032.0,GS_cluster_10123822790_11303526453_11303526454_248766831_#2more,13,202.0,2,21.0,15
3033.0,GS_cluster_10123822790_11303526453_11303526454_248766831_#2more,13,215.0,2,22.0,14
3034.0,GS_cluster_10123822790_11303526453_11303526454_248766831_#2more,13,228.0,2,23.0,14
3035.0,GS_cluster_10123822790_11303526453_11303526454_248766831_#2more,13,241.0,2,24.0,13
3036.0,GS_cluster_10123822790_11303526453_11303526454_248766831_#2more,13,254.0,2,25.0,13
3037.0,GS_cluster_10123822790_11303526453_11303526454_248766831_#2more,13,267.0,3,1.0,13
3038.0,GS_cluster_10123822790_11303526453_11303526454_248766831_#2more,13,280.0,3,2.0,13
3039.0,GS_cluster_10123822790_11303526453_11303526454_248766831_#2more,13,293.0,3,3.0,13
3040.0,GS_cluster_10123822790_11303526453_11303526454_248766831_#2more,13,306.0,3,4.0,13
3041.0,GS_cluster_10123822790_11303526453_11303526454_248766831_#2more,13,319.0,3,5.0,13
3042.0,GS_cluster_10123822790_11303526453_11303526454_248766831_#2more,13,332.0,3,6.0,13
3043.0,GS_cluster_10123822790_11303526453_11303526454_248766831_#2more,12,305.0,4,1.0,12
3044.0,GS_cluster_10123822790_11303526453_11303526454_248766831_#2more,12,280.0,4,2.0,13
3045.0,GS_cluster_10123822790_11303526453_11303526454_248766831_#2more,10,255.0,4,3.0,13
3046.0,GS_cluster_10123822790_11303526453_11303526454_248766831_#2more,9,230.0,4,4.0,12
3047.0,GS_cluster_10123822790_11303526453_11303526454_248766831_#2more,8,210.0,4,5.0,13
3048.0,GS_cluster_10123822790_11303526453_11303526454_248766831_#2more,7,193.0,4,6.0,13
3049.0,GS_cluster_10123822790_11303526453_11303526454_248766831_#2more,7,200.0,4,7.0,12
3050.0,GS_cluster_10123822790_11303526453_11303526454_248766831_#2more,7,207.0,4,8.0,13
3051.0,GS_cluster_10123822790_11303526453_11303526454_248766831_#2more,8,215.0,4,9.0,12
3052.0,GS_cluster_10123822790_11303526453_11303526454_248766831_#2more,8,223.0,4,10.0,12
3053.0,GS_cluster_10123822790_11303526453_11303526454_248766831_#2more,8,231.0,4,11.0,11
3054.0,GS_cluster_10123822790_11303526453_11303526454_248766831_#2more,9,240.0,4,12.0,11
3055.0,GS_cluster_10123822790_11303526453_11303526454_248766831_#2more,10,250.0,4,13.0,10
3056.0,GS_cluster_10123822790_11303526453_11303526454_248766831_#2more,10,260.0,5,1.0,10
3057.0,GS_cluster_10123822790_11303526453_11303526454_248766831_#2more,10,270.0,5,2.0,10
3058.0,GS_cluster_10123822790_11303526453_11303526454_248766831_#2more,10,280.0,5,3.0,10
3059.0,GS_cluster_10123822790_11303526453_11303526454_248766831_#2more,10,290.0,5,4.0,10
3060.0,GS_cluster_10123822790_11303526453_11303526454_248766831_#2more,10,300.0,5,5.0,10
3061.0,GS_cluster_10123822790_11303526453_11303526454_248766831_#2more,10,310.0,5,6.0,10
3062.0,GS_cluster_10123822790_11303526453_11303526454_248766831_#2more,8,230.0,0,1.0,8
3063.0,GS_cluster_10123822790_11303526453_11303526454_248766831_#2more,6,152.0,0,2.0,8
3064.0,GS_cluster_10123822790_11303526453_11303526454_248766831_#2more,4,77.0,0,3.0,8
3065.0,GS_cluster_10123822790_11303526453_11303526454_248766831_#2more,2,23.0,0,4.0,8
3066.0,GS_cluster_10123822790_11303526453_11303526454_248766831_#2more,1,12.0,0,5.0,6
3067.0,GS_cluster_10123822790_11303526453_11303526454_248766831_#2more,0,0.0,0,6.0,7
3068.0,GS_cluster_10123822790_11303526453_11303526454_248766831_#2more,0,0.0,0,7.0,4
3069.0,GS_cluster_10123822790_11303526453_11303526454_248766831_#2more,0,0.0,0,8.0,4
3070.0,GS_cluster_10123822790_11303526453_11303526454_248766831_#2more,0,0.0,0,9.0,4
3071.0,GS_cluster_10123822790_11303526453_11303526454_248766831_#2more,0,0.0,0,10.0,3
3072.0,GS_cluster_10123822790_11303526453_11303526454_248766831_#2more,0,0.0,0,11.0,3
3073.0,GS_cluster_10123822790_11303526453_11303526454_248766831_#2more,0,0.0,0,12.0,3
3074.0,GS_cluster_10123822790_11303526453_11303526454_248766831_#2more,1,1.0,0,13.0,3
3075.0,GS_cluster_10123822790_11303526453_11303526454_248766831_#2more,2,3.0,1,1.0,3
3076.0,GS_cluster_10123822790_11303526453_11303526454_248766831_#2more,2,5.0,1,2.0,3
3077.0,GS_cluster_10123822790_11303526453_11303526454_248766831_#2more,3,8.0,1,3.0,4
3078.0,GS_cluster_10123822790_11303526453_11303526454_248766831_#2more,3,11.0,1,4.0,4
3079.0,GS_cluster_10123822790_11303526453_11303526454_248766831_#2more,3,14.0,1,5.0,4
3080.0,GS_cluster_10123822790_11303526453_11303526454_248766831_#2more,3,17.0,1,6.0,4
3081.0,GS_cluster_10123822790_11303526453_11303526454_248766831_#2more,2,12.0,2,1.0,4
3082.0,GS_cluster_10123822790_11303526453_11303526454_248766831_#2more,2,7.0,2,2.0,4
3083.0,GS_cluster_10123822790_11303526453_11303526454_248766831_#2more,1,2.0,2,3.0,5
3084.0,GS_cluster_10123822790_11303526453_11303526454_248766831_#2more,1,3.0,2,4.0,5
3085.0,GS_cluster_10123822790_11303526453_11303526454_248766831_#2more,1,4.0,2,5.0,4
3086.0,GS_cluster_10123822790_11303526453_11303526454_248766831_#2more,1,5.0,2,6.0,5
3087.0,GS_cluster_10123822790_11303526453_11303526454_248766831_#2more,1,6.0,2,7.0,5
3088.0,GS_cluster_10123822790_11303526453_11303526454_248766831_#2more,1,7.0,2,8.0,4
3089.0,GS_cluster_10123822790_11303526453_11303526454_248766831_#2more,1,8.0,2,9.0,4
3090.0,GS_cluster_10123822790_11303526453_11303526454_248766831_#2more,1,9.0,2,10.0,5
3091.0,GS_cluster_10123822790_11303526453_11303526454_248766831_#2more,1,10.0,2,11.0,5
3092.0,GS_cluster_10123822790_11303526453_11303526454_248766831_#2more,3,13.0,2,12.0,5
3093.0,GS_cluster_10123822790_11303526453_11303526454_248766831_#2more,3,16.0,2,13.0,6
3094.0,GS_cluster_10123822790_11303526453_11303526454_248766831_#2more,4,20.0,2,14.0,6
3095.0,GS_cluster_10123822790_11303526453_11303526454_248766831_#2more,4,24.0,3,1.0,7
3096.0,GS_cluster_10123822790_11303526453_11303526454_248766831_#2more,5,29.0,3,2.0,7
3097.0,GS_cluster_10123822790_11303526453_11303526454_248766831_#2more,5,34.0,3,3.0,8
3098.0,GS_cluster_10123822790_11303526453_11303526454_248766831_#2more,6,40.0,3,4.0,8
3099.0,GS_cluster_10123822790_11303526453_11303526454_248766831_#2more,6,46.0,3,5.0,9
3100.0,GS_cluster_10123822790_11303526453_11303526454_248766831_#2more,6,52.0,3,6.0,9
3101.0,GS_cluster_10123822790_11303526453_11303526454_248766831_#2more,6,58.0,4,1.0,10
3102.0,GS_cluster_10123822790_11303526453_11303526454_248766831_#2more,7,65.0,4,2.0,10
3103.0,GS_cluster_10123822790_11303526453_11303526454_248766831_#2more,9,74.0,4,3.0,10
3104.0,GS_cluster_10123822790_11303526453_11303526454_248766831_#2more,9,83.0,4,4.0,11
3105.0,GS_cluster_10123822790_11303526453_11303526454_248766831_#2more,9,92.0,4,5.0,11
3106.0,GS_cluster_10123822790_11303526453_11303526454_248766831_#2more,9,101.0,4,6.0,11
3107.0,GS_cluster_10123822790_11303526453_11303526454_248766831_#2more,10,111.0,4,7.0,11
3108.0,GS_cluster_10123822790_11303526453_11303526454_248766831_#2more,10,121.0,4,8.0,11
3109.0,GS_cluster_10123822790_11303526453_11303526454_248766831_#2more,11,132.0,4,9.0,11
3110.0,GS_cluster_10123822790_11303526453_11303526454_248766831_#2more,11,143.0,4,10.0,12
3111.0,GS_cluster_10123822790_11303526453_11303526454_248766831_#2more,11,154.0,4,11.0,12
3112.0,GS_cluster_10123822790_11303526453_11303526454_248766831_#2more,11,165.0,4,12.0,13
3113.0,GS_cluster_10123822790_11303526453_11303526454_248766831_#2more,11,176.0,4,13.0,13
3114.0,GS_cluster_10123822790_11303526453_11303526454_248766831_#2more,11,187.0,5,1.0,14
3115.0,GS_cluster_10123822790_11303526453_11303526454_248766831_#2more,12,199.0,5,2.0,14
3116.0,GS_cluster_10123822790_11303526453_11303526454_248766831_#2more,12,211.0,5,3.0,14
3117.0,GS_cluster_10123822790_11303526453_11303526454_248766831_#2more,12,223.0,5,4.0,14
3118.0,GS_cluster_10123822790_11303526453_11303526454_248766831_#2more,12,235.0,5,5.0,14
3119.0,GS_cluster_10123822790_11303526453_11303526454_248766831_#2more,13,248.0,5,6.0,14
3120.0,GS_cluster_10123822790_11303526453_11303526454_248766831_#2more,9,150.0,0,1.0,10
3121.0,GS_cluster_10123822790_11303526453_11303526454_248766831_#2more,6,68.0,0,2.0,10
3122.0,GS_cluster_10123822790_11303526453_11303526454_248766831_#2more,3,14.0,0,3.0,10
3123.0,GS_cluster_10123822790_11303526453_11303526454_248766831_#2more,1,3.0,0,4.0,7
3124.0,GS_cluster_10123822790_11303526453_11303526454_248766831_#2more,0,0.0,0,5.0,7
3125.0,GS_cluster_10123822790_11303526453_11303526454_248766831_#2more,1,1.0,0,6.0,8
3126.0,GS_cluster_10123822790_11303526453_11303526454_248766831_#2more,1,2.0,0,7.0,7
3127.0,GS_cluster_10123822790_11303526453_11303526454_248766831_#2more,2,4.0,0,8.0,8
3128.0,GS_cluster_10123822790_11303526453_11303526454_248766831_#2more,2,6.0,0,9.0,7
3129.0,GS_cluster_10123822790_11303526453_11303526454_248766831_#2more,3,9.0,0,10.0,7
3130.0,GS_cluster_10123822790_11303526453_11303526454_248766831_#2more,4,13.0,0,11.0,6
3131.0,GS_cluster_10123822790_11303526453_11303526454_248766831_#2more,4,17.0,0,12.0,7
3132.0,GS_cluster_10123822790_11303526453_11303526454_248766831_#2more,5,22.0,0,13.0,7
3133.0,GS_cluster_10123822790_11303526453_11303526454_248766831_#2more,6,28.0,0,14.0,6
3134.0,GS_cluster_10123822790_11303526453_11303526454_248766831_#2more,6,34.0,0,15.0,6
3135.0,GS_cluster_10123822790_11303526453_11303526454_248766831_#2more,6,40.0,1,1.0,6
3136.0,GS_cluster_10123822790_11303526453_11303526454_248766831_#2more,6,46.0,1,2.0,6
3137.0,GS_cluster_10123822790_11303526453_11303526454_248766831_#2more,6,52.0,1,3.0,6
3138.0,GS_cluster_10123822790_11303526453_11303526454_248766831_#2more,6,58.0,1,4.0,6
3139.0,GS_cluster_10123822790_11303526453_11303526454_248766831_#2more,6,64.0,1,5.0,6
3140.0,GS_cluster_10123822790_11303526453_11303526454_248766831_#2more,6,70.0,1,6.0,6
3141.0,GS_cluster_10123822790_11303526453_11303526454_248766831_#2more,4,46.0,2,1.0,4
3142.0,GS_cluster_10123822790_11303526453_11303526454_248766831_#2more,2,23.0,2,2.0,4
3143.0,GS_cluster_10123822790_11303526453_11303526454_248766831_#2more,0,0.0,2,3.0,4
3144.0,GS_cluster_10123822790_11303526453_11303526454_248766831_#2more,0,0.0,2,4.0,3
3145.0,GS_cluster_10123822790_11303526453_11303526454_248766831_#2more,0,0.0,2,5.0,2
3146.0,GS_cluster_10123822790_11303526453_11303526454_248766831_#2more,0,0.0,2,6.0,3
3147.0,GS_cluster_10123822790_11303526453_11303526454_248766831_#2more,0,0.0,2,7.0,2
3148.0,GS_cluster_10123822790_11303526453_11303526454_248766831_#2more,0,0.0,2,8.0,2
3149.0,GS_cluster_10123822790_11303526453_11303526454_248766831_#2more,1,1.0,2,9.0,2
3150.0,GS_cluster_10123822790_11303526453_11303526454_248766831_#2more,1,2.0,2,10.0,2
3151.0,GS_cluster_10123822790_11303526453_11303526454_248766831_#2more,2,4.0,2,11.0,2
3152.0,GS_cluster_10123822790_11303526453_11303526454_248766831_#2more,2,6.0,2,12.0,2
3153.0,GS_cluster_10123822790_11303526453_11303526454_248766831_#2more,2,8.0,2,13.0,2
3154.0,GS_cluster_10123822790_11303526453_11303526454_248766831_#2more,2,10.0,3,1.0,2
3155.0,GS_cluster_10123822790_11303526453_11303526454_248766831_#2more,2,12.0,3,2.0,2
3156.0,GS_cluster_10123822790_11303526453_11303526454_248766831_#2more,2,14.0,3,3.0,2
3157.0,GS_cluster_10123822790_11303526453_11303526454_248766831_#2more,2,16.0,3,4.0,3
3158.0,GS_cluster_10123822790_11303526453_11303526454_248766831_#2more,2,18.0,3,5.0,3
3159.0,GS_cluster_10123822790_11303526453_11303526454_248766831_#2more,2,20.0,3,6.0,3
3160.0,GS_cluster_10123822790_11303526453_11303526454_248766831_#2more,2,22.0,4,1.0,3
3161.0,GS_cluster_10123822790_11303526453_11303526454_248766831_#2more,3,25.0,4,2.0,4
3162.0,GS_cluster_10123822790_11303526453_11303526454_248766831_#2more,3,28.0,4,3.0,4
3163.0,GS_cluster_10123822790_11303526453_11303526454_248766831_#2more,3,31.0,4,4.0,4
3164.0,GS_cluster_10123822790_11303526453_11303526454_248766831_#2more,3,34.0,4,5.0,4
3165.0,GS_cluster_10123822790_11303526453_11303526454_248766831_#2more,3,37.0,4,6.0,4
3166.0,GS_cluster_10123822790_11303526453_11303526454_248766831_#2more,3,40.0,4,7.0,4
3167.0,GS_cluster_10123822790_11303526453_11303526454_248766831_#2more,4,44.0,4,8.0,4
3168.0,GS_cluster_10123822790_11303526453_11303526454_248766831_#2more,4,48.0,4,9.0,4
3169.0,GS_cluster_10123822790_11303526453_11303526454_248766831_#2more,4,52.0,4,10.0,5
3170.0,GS_cluster_10123822790_11303526453_11303526454_248766831_#2more,4,56.0,4,11.0,5
3171.0,GS_cluster_10123822790_11303526453_11303526454_248766831_#2more,4,60.0,4,12.0,5
3172.0,GS_cluster_10123822790_11303526453_11303526454_248766831_#2more,5,65.0,4,13.0,6
3173.0,GS_cluster_10123822790_11303526453_11303526454_248766831_#2more,5,70.0,4,14.0,6
3174.0,GS_cluster_10123822790_11303526453_11303526454_248766831_#2more,5,75.0,5,1.0,6
3175.0,GS_cluster_10123822790_11303526453_11303526454_248766831_#2more,5,80.0,5,2.0,7
3176.0,GS_cluster_10123822790_11303526453_11303526454_248766831_#2more,5,85.0,5,3.0,8
3177.0,GS_cluster_10123822790_11303526453_11303526454_248766831_#2more,5,90.0,5,4.0,8
3178.0,GS_cluster_10123822790_11303526453_11303526454_248766831_#2more,6,96.0,5,5.0,9
3179.0,GS_cluster_10123822790_11303526453_11303526454_248766831_#2more,6,102.0,5,6.0,9
3180.0,GS_cluster_10123822790_11303526453_11303526454_248766831_#2more,4,54.0,0,1.0,5
3181.0,GS_cluster_10123822790_11303526453_11303526454_248766831_#2more,2,12.0,0,2.0,5
3182.0,GS_cluster_10123822790_11303526453_11303526454_248766831_#2more,0,0.0,0,3.0,4
3183.0,GS_cluster_10123822790_11303526453_11303526454_248766831_#2more,0,0.0,0,4.0,2
3184.0,GS_cluster_10123822790_11303526453_11303526454_248766831_#2more,0,0.0,0,5.0,2
3185.0,GS_cluster_10123822790_11303526453_11303526454_248766831_#2more,0,0.0,0,6.0,2
3186.0,GS_cluster_10123822790_11303526453_11303526454_248766831_#2more,0,0.0,0,7.0,1
3187.0,GS_cluster_10123822790_11303526453_11303526454_248766831_#2more,0,0.0,0,8.0,1
3188.0,GS_cluster_10123822790_11303526453_11303526454_248766831_#2more,0,0.0,0,9.0,1
3189.0,GS_cluster_10123822790_11303526453_11303526454_248766831_#2more,0,0.0,0,10.0,1
3190.0,GS_cluster_10123822790_11303526453_11303526454_248766831_#2more,0,0.0,0,11.0,1
3191.0,GS_cluster_10123822790_11303526453_11303526454_248766831_#2more,0,0.0,0,12.0,2
3192.0,GS_cluster_10123822790_11303526453_11303526454_248766831_#2more,1,1.0,0,13.0,3
3193.0,GS_cluster_10123822790_11303526453_11303526454_248766831_#2more,1,2.0,0,14.0,4
3194.0,GS_cluster_10123822790_11303526453_11303526454_248766831_#2more,1,3.0,0,15.0,3
3195.0,GS_cluster_10123822790_11303526453_11303526454_248766831_#2more,2,5.0,0,16.0,3
3196.0,GS_cluster_10123822790_11303526453_11303526454_248766831_#2more,2,7.0,0,17.0,3
3197.0,GS_cluster_10123822790_11303526453_11303526454_248766831_#2more,2,9.0,0,18.0,3
3198.0,GS_cluster_10123822790_11303526453_11303526454_248766831_#2more,3,12.0,1,1.0,3
3199.0,GS_cluster_10123822790_11303526453_11303526454_248766831_#2more,3,15.0,1,2.0,3
3200.0,GS_cluster_10123822790_11303526453_11303526454_248766831_#2more,3,18.0,1,3.0,3
3201.0,GS_cluster_10123822790_11303526453_11303526454_248766831_#2more,3,21.0,1,4.0,3
3202.0,GS_cluster_10123822790_11303526453_11303526454_248766831_#2more,3,24.0,1,5.0,3
3203.0,GS_cluster_10123822790_11303526453_11303526454_248766831_#2more,3,27.0,1,6.0,3
3204.0,GS_cluster_10123822790_11303526453_11303526454_248766831_#2more,2,17.0,2,1.0,2
3205.0,GS_cluster_10123822790_11303526453_11303526454_248766831_#2more,1,8.0,2,2.0,2
3206.0,GS_cluster_10123822790_11303526453_11303526454_248766831_#2more,0,0.0,2,3.0,2
3207.0,GS_cluster_10123822790_11303526453_11303526454_248766831_#2more,0,0.0,2,4.0,2
3208.0,GS_cluster_10123822790_11303526453_11303526454_248766831_#2more,0,0.0,2,5.0,2
3209.0,GS_cluster_10123822790_11303526453_11303526454_248766831_#2more,0,0.0,2,6.0,2
3210.0,GS_cluster_10123822790_11303526453_11303526454_248766831_#2more,1,1.0,2,7.0,3
3211.0,GS_cluster_10123822790_11303526453_11303526454_248766831_#2more,2,3.0,2,8.0,3
3212.0,GS_cluster_10123822790_11303526453_11303526454_248766831_#2more,2,5.0,2,9.0,3
3213.0,GS_cluster_10123822790_11303526453_11303526454_248766831_#2more,2,7.0,2,10.0,3
3214.0,GS_cluster_10123822790_11303526453_11303526454_248766831_#2more,3,10.0,2,11.0,3
3215.0,GS_cluster_10123822790_11303526453_11303526454_248766831_#2more,3,13.0,2,12.0,4
3216.0,GS_cluster_10123822790_11303526453_11303526454_248766831_#2more,3,16.0,2,13.0,4
3217.0,GS_cluster_10123822790_11303526453_11303526454_248766831_#2more,3,19.0,3,1.0,4
3218.0,GS_cluster_10123822790_11303526453_11303526454_248766831_#2more,3,22.0,3,2.0,5
3219.0,GS_cluster_10123822790_11303526453_11303526454_248766831_#2more,4,26.0,3,3.0,5
3220.0,GS_cluster_10123822790_11303526453_11303526454_248766831_#2more,4,30.0,3,4.0,5
3221.0,GS_cluster_10123822790_11303526453_11303526454_248766831_#2more,4,34.0,3,5.0,6
3222.0,GS_cluster_10123822790_11303526453_11303526454_248766831_#2more,4,38.0,3,6.0,6
3223.0,GS_cluster_10123822790_11303526453_11303526454_248766831_#2more,5,43.0,4,1.0,6
3224.0,GS_cluster_10123822790_11303526453_11303526454_248766831_#2more,5,48.0,4,2.0,6
3225.0,GS_cluster_10123822790_11303526453_11303526454_248766831_#2more,6,54.0,4,3.0,6
3226.0,GS_cluster_10123822790_11303526453_11303526454_248766831_#2more,6,60.0,4,4.0,6
3227.0,GS_cluster_10123822790_11303526453_11303526454_248766831_#2more,6,66.0,4,5.0,6
3228.0,GS_cluster_10123822790_11303526453_11303526454_248766831_#2more,6,72.0,4,6.0,6
3229.0,GS_cluster_10123822790_11303526453_11303526454_248766831_#2more,6,78.0,4,7.0,6
3230.0,GS_cluster_10123822790_11303526453_11303526454_248766831_#2more,6,84.0,4,8.0,6
3231.0,GS_cluster_10123822790_11303526453_11303526454_248766831_#2more,6,90.0,4,9.0,6
3232.0,GS_cluster_10123822790_11303526453_11303526454_248766831_#2more,6,96.0,4,10.0,6
3233.0,GS_cluster_10123822790_11303526453_11303526454_248766831_#2more,6,102.0,4,11.0,6
3234.0,GS_cluster_10123822790_11303526453_11303526454_248766831_#2more,6,108.0,4,12.0,6
3235.0,GS_cluster_10123822790_11303526453_11303526454_248766831_#2more,6,114.0,4,13.0,6
3236.0,GS_cluster_10123822790_11303526453_11303526454_248766831_#2more,6,120.0,5,1.0,6
3237.0,GS_cluster_10123822790_11303526453_11303526454_248766831_#2more,6,126.0,5,2.0,6
3238.0,GS_cluster_10123822790_11303526453_11303526454_248766831_#2more,6,132.0,5,3.0,6
3239.0,GS_cluster_10123822790_11303526453_11303526454_248766831_#2more,6,138.0,5,4.0,6
3240.0,GS_cluster_10123822790_11303526453_11303526454_248766831_#2more,6,144.0,5,5.0,6
3241.0,GS_cluster_10123822790_11303526453_11303526454_248766831_#2more,6,150.0,5,6.0,7
3242.0,GS_cluster_10123822790_11303526453_11303526454_248766831_#2more,4,99.0,0,1.0,5
3243.0,GS_cluster_10123822790_11303526453_11303526454_248766831_#2more,2,49.0,0,2.0,4
3244.0,GS_cluster_10123822790_11303526453_11303526454_248766831_#2more,0,0.0,0,3.0,4
3245.0,GS_cluster_10123822790_11303526453_11303526454_248766831_#2more,0,0.0,0,4.0,3
3246.0,GS_cluster_10123822790_11303526453_11303526454_248766831_#2more,1,1.0,0,5.0,3
3247.0,GS_cluster_10123822790_11303526453_11303526454_248766831_#2more,1,2.0,0,6.0,4
3248.0,GS_cluster_10123822790_11303526453_11303526454_248766831_#2more,1,3.0,0,7.0,3
3249.0,GS_cluster_10123822790_11303526453_11303526454_248766831_#2more,2,5.0,0,8.0,4
3250.0,GS_cluster_10123822790_11303526453_11303526454_248766831_#2more,2,7.0,0,9.0,5
3251.0,GS_cluster_10123822790_11303526453_11303526454_248766831_#2more,3,10.0,0,10.0,4
3252.0,GS_cluster_10123822790_11303526453_11303526454_248766831_#2more,3,13.0,0,11.0,4
3253.0,GS_cluster_10123822790_11303526453_11303526454_248766831_#2more,3,16.0,0,12.0,4
3254.0,GS_cluster_10123822790_11303526453_11303526454_248766831_#2more,3,19.0,0,13.0,4
3255.0,GS_cluster_10123822790_11303526453_11303526454_248766831_#2more,3,22.0,0,14.0,4
3256.0,GS_cluster_10123822790_11303526453_11303526454_248766831_#2more,3,25.0,0,15.0,5
3257.0,GS_cluster_10123822790_11303526453_11303526454_248766831_#2more,3,28.0,0,16.0,6
3258.0,GS_cluster_10123822790_11303526453_11303526454_248766831_#2more,3,31.0,0,17.0,6
3259.0,GS_cluster_10123822790_11303526453_11303526454_248766831_#2more,3,34.0,0,18.0,7
3260.0,GS_cluster_10123822790_11303526453_11303526454_248766831_#2more,3,37.0,0,19.0,7
3261.0,GS_cluster_10123822790_11303526453_11303526454_248766831_#2more,3,40.0,0,20.0,6
3262.0,GS_cluster_10123822790_11303526453_11303526454_248766831_#2more,3,43.0,1,1.0,6
3263.0,GS_cluster_10123822790_11303526453_11303526454_248766831_#2more,3,46.0,1,2.0,6
3264.0,GS_cluster_10123822790_11303526453_11303526454_248766831_#2more,3,49.0,1,3.0,6
3265.0,GS_cluster_10123822790_11303526453_11303526454_248766831_#2more,3,52.0,1,4.0,6
3266.0,GS_cluster_10123822790_11303526453_11303526454_248766831_#2more,3,55.0,1,5.0,6
3267.0,GS_cluster_10123822790_11303526453_11303526454_248766831_#2more,3,58.0,1,6.0,6
3268.0,GS_cluster_10123822790_11303526453_11303526454_248766831_#2more,2,38.0,2,1.0,5
3269.0,GS_cluster_10123822790_11303526453_11303526454_248766831_#2more,1,19.0,2,2.0,5
3270.0,GS_cluster_10123822790_11303526453_11303526454_248766831_#2more,0,0.0,2,3.0,5
3271.0,GS_cluster_10123822790_11303526453_11303526454_248766831_#2more,1,1.0,2,4.0,4
3272.0,GS_cluster_10123822790_11303526453_11303526454_248766831_#2more,1,2.0,2,5.0,4
3273.0,GS_cluster_10123822790_11303526453_11303526454_248766831_#2more,1,3.0,2,6.0,5
3274.0,GS_cluster_10123822790_11303526453_11303526454_248766831_#2more,2,5.0,2,7.0,5
3275.0,GS_cluster_10123822790_11303526453_11303526454_248766831_#2more,2,7.0,2,8.0,6
3276.0,GS_cluster_10123822790_11303526453_11303526454_248766831_#2more,3,10.0,2,9.0,6
3277.0,GS_cluster_10123822790_11303526453_11303526454_248766831_#2more,4,14.0,2,10.0,6
3278.0,GS_cluster_10123822790_11303526453_11303526454_248766831_#2more,4,18.0,2,11.0,8
3279.0,GS_cluster_10123822790_11303526453_11303526454_248766831_#2more,5,23.0,2,12.0,8
3280.0,GS_cluster_10123822790_11303526453_11303526454_248766831_#2more,6,29.0,2,13.0,8
3281.0,GS_cluster_10123822790_11303526453_11303526454_248766831_#2more,6,35.0,2,14.0,9
3282.0,GS_cluster_10123822790_11303526453_11303526454_248766831_#2more,6,41.0,2,15.0,9
3283.0,GS_cluster_10123822790_11303526453_11303526454_248766831_#2more,7,48.0,2,16.0,10
3284.0,GS_cluster_10123822790_11303526453_11303526454_248766831_#2more,8,56.0,2,17.0,10
3285.0,GS_cluster_10123822790_11303526453_11303526454_248766831_#2more,8,64.0,2,18.0,10
3286.0,GS_cluster_10123822790_11303526453_11303526454_248766831_#2more,8,72.0,2,19.0,10
3287.0,GS_cluster_10123822790_11303526453_11303526454_248766831_#2more,9,81.0,2,20.0,10
3288.0,GS_cluster_10123822790_11303526453_11303526454_248766831_#2more,9,90.0,2,21.0,10
3289.0,GS_cluster_10123822790_11303526453_11303526454_248766831_#2more,10,100.0,2,22.0,10
3290.0,GS_cluster_10123822790_11303526453_11303526454_248766831_#2more,10,110.0,2,23.0,10
3291.0,GS_cluster_10123822790_11303526453_11303526454_248766831_#2more,10,120.0,2,24.0,10
3292.0,GS_cluster_10123822790_11303526453_11303526454_248766831_#2more,10,130.0,2,25.0,10
3293.0,GS_cluster_10123822790_11303526453_11303526454_248766831_#2more,10,140.0,2,26.0,10
3294.0,GS_cluster_10123822790_11303526453_11303526454_248766831_#2more,10,150.0,2,27.0,10
3295.0,GS_cluster_10123822790_11303526453_11303526454_248766831_#2more,10,160.0,2,28.0,10
3296.0,GS_cluster_10123822790_11303526453_11303526454_248766831_#2more,10,170.0,2,29.0,10
3297.0,GS_cluster_10123822790_11303526453_11303526454_248766831_#2more,10,180.0,2,30.0,10
3298.0,GS_cluster_10123822790_11303526453_11303526454_248766831_#2more,10,190.0,2,31.0,10
3299.0,GS_cluster_10123822790_11303526453_11303526454_248766831_#2more,10,200.0,2,32.0,10
3300.0,GS_cluster_10123822790_11303526453_11303526454_248766831_#2more,10,210.0,2,33.0,11
3301.0,GS_cluster_10123822790_11303526453_11303526454_248766831_#2more,10,220.0,2,34.0,11
3302.0,GS_cluster_10123822790_11303526453_11303526454_248766831_#2more,10,230.0,2,35.0,12
3303.0,GS_cluster_10123822790_11303526453_11303526454_248766831_#2more,10,240.0,2,36.0,12
3304.0,GS_cluster_10123822790_11303526453_11303526454_248766831_#2more,11,251.0,2,37.0,13
3305.0,GS_cluster_10123822790_11303526453_11303526454_248766831_#2more,11,262.0,2,38.0,13
3306.0,GS_cluster_10123822790_11303526453_11303526454_248766831_#2more,11,273.0,2,39.0,13
3307.0,GS_cluster_10123822790_11303526453_11303526454_248766831_#2more,11,284.0,2,40.0,13
3308.0,GS_cluster_10123822790_11303526453_11303526454_248766831_#2more,12,296.0,2,41.0,13
3309.0,GS_cluster_10123822790_11303526453_11303526454_248766831_#2more,12,308.0,3,1.0,13
3310.0,GS_cluster_10123822790_11303526453_11303526454_248766831_#2more,13,321.0,3,2.0,13
3311.0,GS_cluster_10123822790_11303526453_11303526454_248766831_#2more,13,334.0,3,3.0,13
3312.0,GS_cluster_10123822790_11303526453_11303526454_248766831_#2more,13,347.0,3,4.0,13
3313.0,GS_cluster_10123822790_11303526453_11303526454_248766831_#2more,13,360.0,3,5.0,13
3314.0,GS_cluster_10123822790_11303526453_11303526454_248766831_#2more,13,373.0,3,6.0,13
3315.0,GS_cluster_10123822790_11303526453_11303526454_248766831_#2more,12,341.0,4,1.0,12
3316.0,GS_cluster_10123822790_11303526453_11303526454_248766831_#2more,11,310.0,4,2.0,12
3317.0,GS_cluster_10123822790_11303526453_11303526454_248766831_#2more,10,280.0,4,3.0,12
3318.0,GS_cluster_10123822790_11303526453_11303526454_248766831_#2more,10,290.0,4,4.0,11
3319.0,GS_cluster_10123822790_11303526453_11303526454_248766831_#2more,10,300.0,4,5.0,11
3320.0,GS_cluster_10123822790_11303526453_11303526454_248766831_#2more,10,310.0,4,6.0,11
3321.0,GS_cluster_10123822790_11303526453_11303526454_248766831_#2more,10,320.0,4,7.0,10
3322.0,GS_cluster_10123822790_11303526453_11303526454_248766831_#2more,10,330.0,4,8.0,10
3323.0,GS_cluster_10123822790_11303526453_11303526454_248766831_#2more,10,340.0,4,9.0,10
3324.0,GS_cluster_10123822790_11303526453_11303526454_248766831_#2more,10,350.0,4,10.0,11
3325.0,GS_cluster_10123822790_11303526453_11303526454_248766831_#2more,10,360.0,4,11.0,11
3326.0,GS_cluster_10123822790_11303526453_11303526454_248766831_#2more,10,370.0,4,12.0,12
3327.0,GS_cluster_10123822790_11303526453_11303526454_248766831_#2more,10,380.0,4,13.0,12
3328.0,GS_cluster_10123822790_11303526453_11303526454_248766831_#2more,10,390.0,5,1.0,13
3329.0,GS_cluster_10123822790_11303526453_11303526454_248766831_#2more,10,400.0,5,2.0,14
3330.0,GS_cluster_10123822790_11303526453_11303526454_248766831_#2more,10,410.0,5,3.0,14
3331.0,GS_cluster_10123822790_11303526453_11303526454_248766831_#2more,10,420.0,5,4.0,14
3332.0,GS_cluster_10123822790_11303526453_11303526454_248766831_#2more,10,430.0,5,5.0,14
3333.0,GS_cluster_10123822790_11303526453_11303526454_248766831_#2more,10,440.0,5,6.0,14
3334.0,GS_cluster_10123822790_11303526453_11303526454_248766831_#2more,8,340.0,0,1.0,12
3335.0,GS_cluster_10123822790_11303526453_11303526454_248766831_#2more,6,242.0,0,2.0,12
3336.0,GS_cluster_10123822790_11303526453_11303526454_248766831_#2more,4,143.0,0,3.0,12
3337.0,GS_cluster_10123822790_11303526453_11303526454_248766831_#2more,2,58.0,0,4.0,10
3338.0,GS_cluster_10123822790_11303526453_11303526454_248766831_#2more,1,29.0,0,5.0,9
3339.0,GS_cluster_10123822790_11303526453_11303526454_248766831_#2more,0,0.0,0,6.0,9
3340.0,GS_cluster_10123822790_11303526453_11303526454_248766831_#2more,0,0.0,0,7.0,9
3341.0,GS_cluster_10123822790_11303526453_11303526454_248766831_#2more,0,0.0,0,8.0,8
3342.0,GS_cluster_10123822790_11303526453_11303526454_248766831_#2more,0,0.0,0,9.0,8
3343.0,GS_cluster_10123822790_11303526453_11303526454_248766831_#2more,1,1.0,0,10.0,9
3344.0,GS_cluster_10123822790_11303526453_11303526454_248766831_#2more,2,3.0,0,11.0,8
3345.0,GS_cluster_10123822790_11303526453_11303526454_248766831_#2more,3,6.0,0,12.0,9
3346.0,GS_cluster_10123822790_11303526453_11303526454_248766831_#2more,5,11.0,0,13.0,8
3347.0,GS_cluster_10123822790_11303526453_11303526454_248766831_#2more,5,16.0,0,14.0,9
3348.0,GS_cluster_10123822790_11303526453_11303526454_248766831_#2more,6,22.0,0,15.0,8
3349.0,GS_cluster_10123822790_11303526453_11303526454_248766831_#2more,6,28.0,0,16.0,9
3350.0,GS_cluster_10123822790_11303526453_11303526454_248766831_#2more,6,34.0,0,17.0,8
3351.0,GS_cluster_10123822790_11303526453_11303526454_248766831_#2more,6,40.0,0,18.0,8
3352.0,GS_cluster_10123822790_11303526453_11303526454_248766831_#2more,6,46.0,0,19.0,8
3353.0,GS_cluster_10123822790_11303526453_11303526454_248766831_#2more,6,52.0,0,20.0,8
3354.0,GS_cluster_10123822790_11303526453_11303526454_248766831_#2more,6,58.0,0,21.0,8
3355.0,GS_cluster_10123822790_11303526453_11303526454_248766831_#2more,6,64.0,0,22.0,8
3356.0,GS_cluster_10123822790_11303526453_11303526454_248766831_#2more,6,70.0,0,23.0,8
3357.0,GS_cluster_10123822790_11303526453_11303526454_248766831_#2more,6,76.0,0,24.0,8
3358.0,GS_cluster_10123822790_11303526453_11303526454_248766831_#2more,6,82.0,0,25.0,8
3359.0,GS_cluster_10123822790_11303526453_11303526454_248766831_#2more,6,88.0,0,26.0,8
3360.0,GS_cluster_10123822790_11303526453_11303526454_248766831_#2more,6,94.0,0,27.0,8
3361.0,GS_cluster_10123822790_11303526453_11303526454_248766831_#2more,6,100.0,0,28.0,7
3362.0,GS_cluster_10123822790_11303526453_11303526454_248766831_#2more,6,106.0,0,29.0,7
3363.0,GS_cluster_10123822790_11303526453_11303526454_248766831_#2more,6,112.0,0,30.0,7
3364.0,GS_cluster_10123822790_11303526453_11303526454_248766831_#2more,6,118.0,0,31.0,6
3365.0,GS_cluster_10123822790_11303526453_11303526454_248766831_#2more,6,124.0,0,32.0,7
3366.0,GS_cluster_10123822790_11303526453_11303526454_248766831_#2more,6,130.0,0,33.0,7
3367.0,GS_cluster_10123822790_11303526453_11303526454_248766831_#2more,6,136.0,0,34.0,6
3368.0,GS_cluster_10123822790_11303526453_11303526454_248766831_#2more,6,142.0,1,1.0,7
3369.0,GS_cluster_10123822790_11303526453_11303526454_248766831_#2more,6,148.0,1,2.0,7
3370.0,GS_cluster_10123822790_11303526453_11303526454_248766831_#2more,6,154.0,1,3.0,8
3371.0,GS_cluster_10123822790_11303526453_11303526454_248766831_#2more,6,160.0,1,4.0,8
3372.0,GS_cluster_10123822790_11303526453_11303526454_248766831_#2more,6,166.0,1,5.0,8
3373.0,GS_cluster_10123822790_11303526453_11303526454_248766831_#2more,7,173.0,1,6.0,8
3374.0,GS_cluster_10123822790_11303526453_11303526454_248766831_#2more,6,149.0,2,1.0,7
3375.0,GS_cluster_10123822790_11303526453_11303526454_248766831_#2more,5,125.0,2,2.0,7
3376.0,GS_cluster_10123822790_11303526453_11303526454_248766831_#2more,5,102.0,2,3.0,7
3377.0,GS_cluster_10123822790_11303526453_11303526454_248766831_#2more,5,107.0,2,4.0,6
3378.0,GS_cluster_10123822790_11303526453_11303526454_248766831_#2more,5,112.0,2,5.0,6
3379.0,GS_cluster_10123822790_11303526453_11303526454_248766831_#2more,5,117.0,2,6.0,7
3380.0,GS_cluster_10123822790_11303526453_11303526454_248766831_#2more,5,122.0,2,7.0,6
3381.0,GS_cluster_10123822790_11303526453_11303526454_248766831_#2more,5,127.0,2,8.0,6
3382.0,GS_cluster_10123822790_11303526453_11303526454_248766831_#2more,5,132.0,2,9.0,6
3383.0,GS_cluster_10123822790_11303526453_11303526454_248766831_#2more,5,137.0,2,10.0,6
3384.0,GS_cluster_10123822790_11303526453_11303526454_248766831_#2more,5,142.0,2,11.0,7
3385.0,GS_cluster_10123822790_11303526453_11303526454_248766831_#2more,5,147.0,2,12.0,7
3386.0,GS_cluster_10123822790_11303526453_11303526454_248766831_#2more,5,152.0,2,13.0,8
3387.0,GS_cluster_10123822790_11303526453_11303526454_248766831_#2more,5,157.0,2,14.0,8
3388.0,GS_cluster_10123822790_11303526453_11303526454_248766831_#2more,5,162.0,2,15.0,9
3389.0,GS_cluster_10123822790_11303526453_11303526454_248766831_#2more,6,168.0,2,16.0,9
3390.0,GS_cluster_10123822790_11303526453_11303526454_248766831_#2more,6,174.0,2,17.0,10
3391.0,GS_cluster_10123822790_11303526453_11303526454_248766831_#2more,6,180.0,2,18.0,9
3392.0,GS_cluster_10123822790_11303526453_11303526454_248766831_#2more,5,169.0,3,1.0,10
3393.0,GS_cluster_10123822790_11303526453_11303526454_248766831_#2more,5,174.0,3,2.0,10
3394.0,GS_cluster_10123822790_11303526453_11303526454_248766831_#2more,6,180.0,3,3.0,10
3395.0,GS_cluster_10123822790_11303526453_11303526454_248766831_#2more,7,187.0,3,4.0,10
3396.0,GS_cluster_10123822790_11303526453_11303526454_248766831_#2more,8,195.0,3,5.0,10
3397.0,GS_cluster_10123822790_11303526453_11303526454_248766831_#2more,9,204.0,3,6.0,10
3398.0,GS_cluster_10123822790_11303526453_11303526454_248766831_#2more,8,157.0,4,1.0,9
3399.0,GS_cluster_10123822790_11303526453_11303526454_248766831_#2more,8,111.0,4,2.0,9
3400.0,GS_cluster_10123822790_11303526453_11303526454_248766831_#2more,7,64.0,4,3.0,10
3401.0,GS_cluster_10123822790_11303526453_11303526454_248766831_#2more,7,71.0,4,4.0,10
3402.0,GS_cluster_10123822790_11303526453_11303526454_248766831_#2more,7,78.0,4,5.0,9
3403.0,GS_cluster_10123822790_11303526453_11303526454_248766831_#2more,7,85.0,4,6.0,10
3404.0,GS_cluster_10123822790_11303526453_11303526454_248766831_#2more,7,92.0,4,7.0,9
3405.0,GS_cluster_10123822790_11303526453_11303526454_248766831_#2more,7,99.0,4,8.0,9
3406.0,GS_cluster_10123822790_11303526453_11303526454_248766831_#2more,8,107.0,4,9.0,10
3407.0,GS_cluster_10123822790_11303526453_11303526454_248766831_#2more,8,115.0,4,10.0,10
3408.0,GS_cluster_10123822790_11303526453_11303526454_248766831_#2more,8,123.0,4,11.0,11
3409.0,GS_cluster_10123822790_11303526453_11303526454_248766831_#2more,9,132.0,4,12.0,11
3410.0,GS_cluster_10123822790_11303526453_11303526454_248766831_#2more,9,141.0,4,13.0,12
3411.0,GS_cluster_10123822790_11303526453_11303526454_248766831_#2more,11,152.0,5,1.0,12
3412.0,GS_cluster_10123822790_11303526453_11303526454_248766831_#2more,11,163.0,5,2.0,12
3413.0,GS_cluster_10123822790_11303526453_11303526454_248766831_#2more,11,174.0,5,3.0,12
3414.0,GS_cluster_10123822790_11303526453_11303526454_248766831_#2more,11,185.0,5,4.0,12
3415.0,GS_cluster_10123822790_11303526453_11303526454_248766831_#2more,12,197.0,5,5.0,13
3416.0,GS_cluster_10123822790_11303526453_11303526454_248766831_#2more,12,209.0,5,6.0,13
3417.0,GS_cluster_10123822790_11303526453_11303526454_248766831_#2more,8,102.0,0,1.0,9
3418.0,GS_cluster_10123822790_11303526453_11303526454_248766831_#2more,6,73.0,0,2.0,9
3419.0,GS_cluster_10123822790_11303526453_11303526454_248766831_#2more,4,44.0,0,3.0,10
3420.0,GS_cluster_10123822790_11303526453_11303526454_248766831_#2more,2,16.0,0,4.0,7
3421.0,GS_cluster_10123822790_11303526453_11303526454_248766831_#2more,1,7.0,0,5.0,8
3422.0,GS_cluster_10123822790_11303526453_11303526454_248766831_#2more,0,0.0,0,6.0,6
3423.0,GS_cluster_10123822790_11303526453_11303526454_248766831_#2more,0,0.0,0,7.0,5
3424.0,GS_cluster_10123822790_11303526453_11303526454_248766831_#2more,0,0.0,0,8.0,3
3425.0,GS_cluster_10123822790_11303526453_11303526454_248766831_#2more,0,0.0,0,9.0,3
3426.0,GS_cluster_10123822790_11303526453_11303526454_248766831_#2more,0,0.0,0,10.0,3
3427.0,GS_cluster_10123822790_11303526453_11303526454_248766831_#2more,0,0.0,0,11.0,3
3428.0,GS_cluster_10123822790_11303526453_11303526454_248766831_#2more,0,0.0,0,12.0,3
3429.0,GS_cluster_10123822790_11303526453_11303526454_248766831_#2more,0,0.0,0,13.0,2
3430.0,GS_cluster_10123822790_11303526453_11303526454_248766831_#2more,0,0.0,0,14.0,1
3431.0,GS_cluster_10123822790_11303526453_11303526454_248766831_#2more,0,0.0,0,15.0,1
3432.0,GS_cluster_10123822790_11303526453_11303526454_248766831_#2more,0,0.0,1,1.0,0
3433.0,GS_cluster_10123822790_11303526453_11303526454_248766831_#2more,0,0.0,1,2.0,0
3434.0,GS_cluster_10123822790_11303526453_11303526454_248766831_#2more,0,0.0,1,3.0,0
3435.0,GS_cluster_10123822790_11303526453_11303526454_248766831_#2more,0,0.0,1,4.0,1
3436.0,GS_cluster_10123822790_11303526453_11303526454_248766831_#2more,0,0.0,1,5.0,1
3437.0,GS_cluster_10123822790_11303526453_11303526454_248766831_#2more,0,0.0,1,6.0,1
3438.0,GS_cluster_10123822790_11303526453_11303526454_248766831_#2more,0,0.0,2,1.0,1
3439.0,GS_cluster_10123822790_11303526453_11303526454_248766831_#2more,0,0.0,2,2.0,2
3440.0,GS_cluster_10123822790_11303526453_11303526454_248766831_#2more,0,0.0,2,3.0,3
3441.0,GS_cluster_10123822790_11303526453_11303526454_248766831_#2more,1,1.0,2,4.0,3
3442.0,GS_cluster_10123822790_11303526453_11303526454_248766831_#2more,1,2.0,2,5.0,4
3443.0,GS_cluster_10123822790_11303526453_11303526454_248766831_#2more,1,3.0,2,6.0,4
3444.0,GS_cluster_10123822790_11303526453_11303526454_248766831_#2more,3,6.0,2,7.0,5
3445.0,GS_cluster_10123822790_11303526453_11303526454_248766831_#2more,3,9.0,2,8.0,5
3446.0,GS_cluster_10123822790_11303526453_11303526454_248766831_#2more,3,12.0,2,9.0,6
3447.0,GS_cluster_10123822790_11303526453_11303526454_248766831_#2more,3,15.0,2,10.0,6
3448.0,GS_cluster_10123822790_11303526453_11303526454_248766831_#2more,5,20.0,2,11.0,6
3449.0,GS_cluster_10123822790_11303526453_11303526454_248766831_#2more,5,25.0,2,12.0,6
3450.0,GS_cluster_10123822790_11303526453_11303526454_248766831_#2more,5,30.0,2,13.0,6
3451.0,GS_cluster_10123822790_11303526453_11303526454_248766831_#2more,6,36.0,3,1.0,6
3452.0,GS_cluster_10123822790_11303526453_11303526454_248766831_#2more,6,42.0,3,2.0,6
3453.0,GS_cluster_10123822790_11303526453_11303526454_248766831_#2more,6,48.0,3,3.0,6
3454.0,GS_cluster_10123822790_11303526453_11303526454_248766831_#2more,6,54.0,3,4.0,6
3455.0,GS_cluster_10123822790_11303526453_11303526454_248766831_#2more,6,60.0,3,5.0,6
3456.0,GS_cluster_10123822790_11303526453_11303526454_248766831_#2more,6,66.0,3,6.0,6
3457.0,GS_cluster_10123822790_11303526453_11303526454_248766831_#2more,6,72.0,4,1.0,6
3458.0,GS_cluster_10123822790_11303526453_11303526454_248766831_#2more,6,78.0,4,2.0,6
3459.0,GS_cluster_10123822790_11303526453_11303526454_248766831_#2more,6,84.0,4,3.0,6
3460.0,GS_cluster_10123822790_11303526453_11303526454_248766831_#2more,6,90.0,4,4.0,6
3461.0,GS_cluster_10123822790_11303526453_11303526454_248766831_#2more,6,96.0,4,5.0,6
3462.0,GS_cluster_10123822790_11303526453_11303526454_248766831_#2more,6,102.0,4,6.0,6
3463.0,GS_cluster_10123822790_11303526453_11303526454_248766831_#2more,6,108.0,4,7.0,6
3464.0,GS_cluster_10123822790_11303526453_11303526454_248766831_#2more,6,114.0,4,8.0,6
3465.0,GS_cluster_10123822790_11303526453_11303526454_248766831_#2more,6,120.0,4,9.0,6
3466.0,GS_cluster_10123822790_11303526453_11303526454_248766831_#2more,6,126.0,4,10.0,6
3467.0,GS_cluster_10123822790_11303526453_11303526454_248766831_#2more,6,132.0,4,11.0,6
3468.0,GS_cluster_10123822790_11303526453_11303526454_248766831_#2more,6,138.0,4,12.0,6
3469.0,GS_cluster_10123822790_11303526453_11303526454_248766831_#2more,6,144.0,4,13.0,6
3470.0,GS_cluster_10123822790_11303526453_11303526454_248766831_#2more,6,150.0,5,1.0,6
3471.0,GS_cluster_10123822790_11303526453_11303526454_248766831_#2more,6,156.0,5,2.0,6
3472.0,GS_cluster_10123822790_11303526453_11303526454_248766831_#2more,6,162.0,5,3.0,6
3473.0,GS_cluster_10123822790_11303526453_11303526454_248766831_#2more,6,168.0,5,4.0,6
3474.0,GS_cluster_10123822790_11303526453_11303526454_248766831_#2more,6,174.0,5,5.0,6
3475.0,GS_cluster_10123822790_11303526453_11303526454_248766831_#2more,6,180.0,5,6.0,6
3476.0,GS_cluster_10123822790_11303526453_11303526454_248766831_#2more,3,84.0,0,1.0,3
3477.0,GS_cluster_10123822790_11303526453_11303526454_248766831_#2more,1,27.0,0,2.0,3
3478.0,GS_cluster_10123822790_11303526453_11303526454_248766831_#2more,0,0.0,0,3.0,3
3479.0,GS_cluster_10123822790_11303526453_11303526454_248766831_#2more,0,0.0,0,4.0,2
3480.0,GS_cluster_10123822790_11303526453_11303526454_248766831_#2more,0,0.0,0,5.0,2
3481.0,GS_cluster_10123822790_11303526453_11303526454_248766831_#2more,0,0.0,0,6.0,1
3482.0,GS_cluster_10123822790_11303526453_11303526454_248766831_#2more,0,0.0,0,7.0,1
3483.0,GS_cluster_10123822790_11303526453_11303526454_248766831_#2more,0,0.0,0,8.0,1
3484.0,GS_cluster_10123822790_11303526453_11303526454_248766831_#2more,0,0.0,0,9.0,2
3485.0,GS_cluster_10123822790_11303526453_11303526454_248766831_#2more,0,0.0,0,10.0,3
3486.0,GS_cluster_10123822790_11303526453_11303526454_248766831_#2more,0,0.0,0,11.0,3
3487.0,GS_cluster_10123822790_11303526453_11303526454_248766831_#2more,0,0.0,0,12.0,1
3488.0,GS_cluster_10123822790_11303526453_11303526454_248766831_#2more,0,0.0,0,13.0,1
3489.0,GS_cluster_10123822790_11303526453_11303526454_248766831_#2more,0,0.0,0,14.0,0
3490.0,GS_cluster_10123822790_11303526453_11303526454_248766831_#2more,0,0.0,0,15.0,0
3491.0,GS_cluster_10123822790_11303526453_11303526454_248766831_#2more,0,0.0,1,1.0,0
3492.0,GS_cluster_10123822790_11303526453_11303526454_248766831_#2more,0,0.0,1,2.0,0
3493.0,GS_cluster_10123822790_11303526453_11303526454_248766831_#2more,0,0.0,1,3.0,0
3494.0,GS_cluster_10123822790_11303526453_11303526454_248766831_#2more,0,0.0,1,4.0,0
3495.0,GS_cluster_10123822790_11303526453_11303526454_248766831_#2more,0,0.0,1,5.0,0
3496.0,GS_cluster_10123822790_11303526453_11303526454_248766831_#2more,0,0.0,1,6.0,0
3497.0,GS_cluster_10123822790_11303526453_11303526454_248766831_#2more,0,0.0,2,1.0,0
3498.0,GS_cluster_10123822790_11303526453_11303526454_248766831_#2more,0,0.0,2,2.0,0
3499.0,GS_cluster_10123822790_11303526453_11303526454_248766831_#2more,0,0.0,2,3.0,0
3500.0,GS_cluster_10123822790_11303526453_11303526454_248766831_#2more,0,0.0,2,4.0,0
3501.0,GS_cluster_10123822790_11303526453_11303526454_248766831_#2more,0,0.0,2,5.0,0
3502.0,GS_cluster_10123822790_11303526453_11303526454_248766831_#2more,0,0.0,2,6.0,0
3503.0,GS_cluster_10123822790_11303526453_11303526454_248766831_#2more,0,0.0,2,7.0,0
3504.0,GS_cluster_10123822790_11303526453_11303526454_248766831_#2more,0,0.0,2,8.0,0
3505.0,GS_cluster_10123822790_11303526453_11303526454_248766831_#2more,0,0.0,2,9.0,0
3506.0,GS_cluster_10123822790_11303526453_11303526454_248766831_#2more,0,0.0,2,10.0,0
3507.0,GS_cluster_10123822790_11303526453_11303526454_248766831_#2more,0,0.0,2,11.0,0
3508.0,GS_cluster_10123822790_11303526453_11303526454_248766831_#2more,0,0.0,2,12.0,0
3509.0,GS_cluster_10123822790_11303526453_11303526454_248766831_#2more,0,0.0,2,13.0,0
3510.0,GS_cluster_10123822790_11303526453_11303526454_248766831_#2more,0,0.0,3,1.0,0
3511.0,GS_cluster_10123822790_11303526453_11303526454_248766831_#2more,0,0.0,3,2.0,0
3512.0,GS_cluster_10123822790_11303526453_11303526454_248766831_#2more,0,0.0,3,3.0,0
3513.0,GS_cluster_10123822790_11303526453_11303526454_248766831_#2more,0,0.0,3,4.0,0
3514.0,GS_cluster_10123822790_11303526453_11303526454_248766831_#2more,0,0.0,3,5.0,0
3515.0,GS_cluster_10123822790_11303526453_11303526454_248766831_#2more,0,0.0,3,6.0,0
3516.0,GS_cluster_10123822790_11303526453_11303526454_248766831_#2more,0,0.0,4,1.0,0
3517.0,GS_cluster_10123822790_11303526453_11303526454_248766831_#2more,0,0.0,4,2.0,0
3518.0,GS_cluster_10123822790_11303526453_11303526454_248766831_#2more,0,0.0,4,3.0,0
3519.0,GS_cluster_10123822790_11303526453_11303526454_248766831_#2more,0,0.0,4,4.0,0
3520.0,GS_cluster_10123822790_11303526453_11303526454_248766831_#2more,0,0.0,4,5.0,0
3521.0,GS_cluster_10123822790_11303526453_11303526454_248766831_#2more,0,0.0,4,6.0,0
3522.0,GS_cluster_10123822790_11303526453_11303526454_248766831_#2more,0,0.0,4,7.0,0
3523.0,GS_cluster_10123822790_11303526453_11303526454_248766831_#2more,0,0.0,4,8.0,0
3524.0,GS_cluster_10123822790_11303526453_11303526454_248766831_#2more,0,0.0,4,9.0,0
3525.0,GS_cluster_10123822790_11303526453_11303526454_248766831_#2more,0,0.0,4,10.0,0
3526.0,GS_cluster_10123822790_11303526453_11303526454_248766831_#2more,0,0.0,4,11.0,0
3527.0,GS_cluster_10123822790_11303526453_11303526454_248766831_#2more,0,0.0,4,12.0,0
3528.0,GS_cluster_10123822790_11303526453_11303526454_248766831_#2more,0,0.0,4,13.0,0
3529.0,GS_cluster_10123822790_11303526453_11303526454_248766831_#2more,0,0.0,5,1.0,0
3530.0,GS_cluster_10123822790_11303526453_11303526454_248766831_#2more,0,0.0,5,2.0,1
3531.0,GS_cluster_10123822790_11303526453_11303526454_248766831_#2more,0,0.0,5,3.0,1
3532.0,GS_cluster_10123822790_11303526453_11303526454_248766831_#2more,0,0.0,5,4.0,2
3533.0,GS_cluster_10123822790_11303526453_11303526454_248766831_#2more,0,0.0,5,5.0,2
3534.0,GS_cluster_10123822790_11303526453_11303526454_248766831_#2more,1,1.0,5,6.0,2
3535.0,GS_cluster_10123822790_11303526453_11303526454_248766831_#2more,0,0.0,0,1.0,2
3536.0,GS_cluster_10123822790_11303526453_11303526454_248766831_#2more,0,0.0,0,2.0,2
3537.0,GS_cluster_10123822790_11303526453_11303526454_248766831_#2more,0,0.0,0,3.0,3
3538.0,GS_cluster_10123822790_11303526453_11303526454_248766831_#2more,0,0.0,0,4.0,4
3539.0,GS_cluster_10123822790_11303526453_11303526454_248766831_#2more,0,0.0,0,5.0,2
3540.0,GS_cluster_10123822790_11303526453_11303526454_248766831_#2more,0,0.0,0,6.0,2
3541.0,GS_cluster_10123822790_11303526453_11303526454_248766831_#2more,0,0.0,0,7.0,1
3542.0,GS_cluster_10123822790_11303526453_11303526454_248766831_#2more,0,0.0,0,8.0,1
3543.0,GS_cluster_10123822790_11303526453_11303526454_248766831_#2more,0,0.0,0,9.0,0
3544.0,GS_cluster_10123822790_11303526453_11303526454_248766831_#2more,0,0.0,0,10.0,1
3545.0,GS_cluster_10123822790_11303526453_11303526454_248766831_#2more,0,0.0,0,11.0,1
3546.0,GS_cluster_10123822790_11303526453_11303526454_248766831_#2more,0,0.0,0,12.0,1
3547.0,GS_cluster_10123822790_11303526453_11303526454_248766831_#2more,0,0.0,0,13.0,3
3548.0,GS_cluster_10123822790_11303526453_11303526454_248766831_#2more,0,0.0,0,14.0,3
3549.0,GS_cluster_10123822790_11303526453_11303526454_248766831_#2more,0,0.0,0,15.0,4
3550.0,GS_cluster_10123822790_11303526453_11303526454_248766831_#2more,1,1.0,0,16.0,7
3551.0,GS_cluster_10123822790_11303526453_11303526454_248766831_#2more,1,2.0,0,17.0,7
3552.0,GS_cluster_10123822790_11303526453_11303526454_248766831_#2more,2,4.0,0,18.0,8
3553.0,GS_cluster_10123822790_11303526453_11303526454_248766831_#2more,2,6.0,0,19.0,8
3554.0,GS_cluster_10123822790_11303526453_11303526454_248766831_#2more,2,8.0,1,1.0,9
3555.0,GS_cluster_10123822790_11303526453_11303526454_248766831_#2more,3,11.0,1,2.0,9
3556.0,GS_cluster_10123822790_11303526453_11303526454_248766831_#2more,3,14.0,1,3.0,9
3557.0,GS_cluster_10123822790_11303526453_11303526454_248766831_#2more,3,17.0,1,4.0,10
3558.0,GS_cluster_10123822790_11303526453_11303526454_248766831_#2more,3,20.0,1,5.0,10
3559.0,GS_cluster_10123822790_11303526453_11303526454_248766831_#2more,3,23.0,1,6.0,10
3560.0,GS_cluster_10123822790_11303526453_11303526454_248766831_#2more,2,15.0,2,1.0,10
3561.0,GS_cluster_10123822790_11303526453_11303526454_248766831_#2more,2,8.0,2,2.0,10
3562.0,GS_cluster_10123822790_11303526453_11303526454_248766831_#2more,1,2.0,2,3.0,10
3563.0,GS_cluster_10123822790_11303526453_11303526454_248766831_#2more,1,3.0,2,4.0,9
3564.0,GS_cluster_10123822790_11303526453_11303526454_248766831_#2more,1,4.0,2,5.0,10
3565.0,GS_cluster_10123822790_11303526453_11303526454_248766831_#2more,3,7.0,2,6.0,10
3566.0,GS_cluster_10123822790_11303526453_11303526454_248766831_#2more,3,10.0,2,7.0,9
3567.0,GS_cluster_10123822790_11303526453_11303526454_248766831_#2more,3,13.0,2,8.0,10
3568.0,GS_cluster_10123822790_11303526453_11303526454_248766831_#2more,4,17.0,2,9.0,11
3569.0,GS_cluster_10123822790_11303526453_11303526454_248766831_#2more,4,21.0,2,10.0,13
3570.0,GS_cluster_10123822790_11303526453_11303526454_248766831_#2more,5,26.0,2,11.0,13
3571.0,GS_cluster_10123822790_11303526453_11303526454_248766831_#2more,6,32.0,2,12.0,13
3572.0,GS_cluster_10123822790_11303526453_11303526454_248766831_#2more,7,39.0,2,13.0,13
3573.0,GS_cluster_10123822790_11303526453_11303526454_248766831_#2more,8,47.0,2,14.0,12
3574.0,GS_cluster_10123822790_11303526453_11303526454_248766831_#2more,10,57.0,2,15.0,12
3575.0,GS_cluster_10123822790_11303526453_11303526454_248766831_#2more,10,67.0,3,1.0,11
3576.0,GS_cluster_10123822790_11303526453_11303526454_248766831_#2more,11,78.0,3,2.0,11
3577.0,GS_cluster_10123822790_11303526453_11303526454_248766831_#2more,11,89.0,3,3.0,13
3578.0,GS_cluster_10123822790_11303526453_11303526454_248766831_#2more,11,100.0,3,4.0,13
3579.0,GS_cluster_10123822790_11303526453_11303526454_248766831_#2more,11,111.0,3,5.0,12
3580.0,GS_cluster_10123822790_11303526453_11303526454_248766831_#2more,11,122.0,3,6.0,13
3581.0,GS_cluster_10123822790_11303526453_11303526454_248766831_#2more,11,117.0,4,1.0,12
3582.0,GS_cluster_10123822790_11303526453_11303526454_248766831_#2more,10,113.0,4,2.0,11
3583.0,GS_cluster_10123822790_11303526453_11303526454_248766831_#2more,9,110.0,4,3.0,12
3584.0,GS_cluster_10123822790_11303526453_11303526454_248766831_#2more,8,106.0,4,4.0,11
3585.0,GS_cluster_10123822790_11303526453_11303526454_248766831_#2more,7,102.0,4,5.0,10
3586.0,GS_cluster_10123822790_11303526453_11303526454_248766831_#2more,6,98.0,4,6.0,10
3587.0,GS_cluster_10123822790_11303526453_11303526454_248766831_#2more,6,104.0,4,7.0,9
3588.0,GS_cluster_10123822790_11303526453_11303526454_248766831_#2more,6,110.0,4,8.0,9
3589.0,GS_cluster_10123822790_11303526453_11303526454_248766831_#2more,6,116.0,4,9.0,8
3590.0,GS_cluster_10123822790_11303526453_11303526454_248766831_#2more,6,122.0,4,10.0,8
3591.0,GS_cluster_10123822790_11303526453_11303526454_248766831_#2more,6,128.0,4,11.0,7
3592.0,GS_cluster_10123822790_11303526453_11303526454_248766831_#2more,6,134.0,4,12.0,7
3593.0,GS_cluster_10123822790_11303526453_11303526454_248766831_#2more,6,140.0,4,13.0,6
3594.0,GS_cluster_10123822790_11303526453_11303526454_248766831_#2more,6,146.0,5,1.0,6
3595.0,GS_cluster_10123822790_11303526453_11303526454_248766831_#2more,6,152.0,5,2.0,6
3596.0,GS_cluster_10123822790_11303526453_11303526454_248766831_#2more,6,158.0,5,3.0,6
3597.0,GS_cluster_10123822790_11303526453_11303526454_248766831_#2more,6,164.0,5,4.0,6
3598.0,GS_cluster_10123822790_11303526453_11303526454_248766831_#2more,6,170.0,5,5.0,6
3599.0,GS_cluster_10123822790_11303526453_11303526454_248766831_#2more,6,176.0,5,6.0,6
3600.0,GS_cluster_10123822790_11303526453_11303526454_248766831_#2more,4,111.0,0,1.0,4
3601.0,GS_cluster_10123822790_11303526453_11303526454_248766831_#2more,2,49.0,0,2.0,4
3602.0,GS_cluster_10123822790_11303526453_11303526454_248766831_#2more,0,0.0,0,3.0,4
3603.0,GS_cluster_10123822790_11303526453_11303526454_248766831_#2more,0,0.0,0,4.0,2
3604.0,GS_cluster_10123822790_11303526453_11303526454_248766831_#2more,0,0.0,0,5.0,2
3605.0,GS_cluster_10123822790_11303526453_11303526454_248766831_#2more,0,0.0,0,6.0,1
3606.0,GS_cluster_10123822790_11303526453_11303526454_248766831_#2more,0,0.0,0,7.0,2
3607.0,GS_cluster_10123822790_11303526453_11303526454_248766831_#2more,0,0.0,0,8.0,2
3608.0,GS_cluster_10123822790_11303526453_11303526454_248766831_#2more,0,0.0,0,9.0,4
3609.0,GS_cluster_10123822790_11303526453_11303526454_248766831_#2more,0,0.0,0,10.0,2
3610.0,GS_cluster_10123822790_11303526453_11303526454_248766831_#2more,0,0.0,0,11.0,3
3611.0,GS_cluster_10123822790_11303526453_11303526454_248766831_#2more,0,0.0,0,12.0,2
3612.0,GS_cluster_10123822790_11303526453_11303526454_248766831_#2more,0,0.0,0,13.0,2
3613.0,GS_cluster_10123822790_11303526453_11303526454_248766831_#2more,0,0.0,0,14.0,1
3614.0,GS_cluster_10123822790_11303526453_11303526454_248766831_#2more,0,0.0,0,15.0,1
3615.0,GS_cluster_10123822790_11303526453_11303526454_248766831_#2more,0,0.0,0,16.0,0
3616.0,GS_cluster_10123822790_11303526453_11303526454_248766831_#2more,0,0.0,1,1.0,0
3617.0,GS_cluster_10123822790_11303526453_11303526454_248766831_#2more,0,0.0,1,2.0,0
3618.0,GS_cluster_10123822790_11303526453_11303526454_248766831_#2more,0,0.0,1,3.0,0
3619.0,GS_cluster_10123822790_11303526453_11303526454_248766831_#2more,0,0.0,1,4.0,0
3620.0,GS_cluster_10123822790_11303526453_11303526454_248766831_#2more,0,0.0,1,5.0,0
3621.0,GS_cluster_10123822790_11303526453_11303526454_248766831_#2more,0,0.0,1,6.0,0
3622.0,GS_cluster_10123822790_11303526453_11303526454_248766831_#2more,0,0.0,2,1.0,0
3623.0,GS_cluster_10123822790_11303526453_11303526454_248766831_#2more,0,0.0,2,2.0,0
3624.0,GS_cluster_10123822790_11303526453_11303526454_248766831_#2more,0,0.0,2,3.0,0
3625.0,GS_cluster_10123822790_11303526453_11303526454_248766831_#2more,0,0.0,2,4.0,0
3626.0,GS_cluster_10123822790_11303526453_11303526454_248766831_#2more,0,0.0,2,5.0,0
3627.0,GS_cluster_10123822790_11303526453_11303526454_248766831_#2more,0,0.0,2,6.0,0
3628.0,GS_cluster_10123822790_11303526453_11303526454_248766831_#2more,0,0.0,2,7.0,0
3629.0,GS_cluster_10123822790_11303526453_11303526454_248766831_#2more,0,0.0,2,8.0,0
3630.0,GS_cluster_10123822790_11303526453_11303526454_248766831_#2more,0,0.0,2,9.0,0
3631.0,GS_cluster_10123822790_11303526453_11303526454_248766831_#2more,0,0.0,2,10.0,0
3632.0,GS_cluster_10123822790_11303526453_11303526454_248766831_#2more,0,0.0,2,11.0,0
3633.0,GS_cluster_10123822790_11303526453_11303526454_248766831_#2more,0,0.0,2,12.0,0
3634.0,GS_cluster_10123822790_11303526453_11303526454_248766831_#2more,0,0.0,2,13.0,0
3635.0,GS_cluster_10123822790_11303526453_11303526454_248766831_#2more,0,0.0,3,1.0,0
3636.0,GS_cluster_10123822790_11303526453_11303526454_248766831_#2more,0,0.0,3,2.0,0
3637.0,GS_cluster_10123822790_11303526453_11303526454_248766831_#2more,0,0.0,3,3.0,1
3638.0,GS_cluster_10123822790_11303526453_11303526454_248766831_#2more,0,0.0,3,4.0,1
3639.0,GS_cluster_10123822790_11303526453_11303526454_248766831_#2more,0,0.0,3,5.0,1
3640.0,GS_cluster_10123822790_11303526453_11303526454_248766831_#2more,0,0.0,3,6.0,1
3641.0,GS_cluster_10123822790_11303526453_11303526454_248766831_#2more,0,0.0,4,1.0,1
3642.0,GS_cluster_10123822790_11303526453_11303526454_248766831_#2more,0,0.0,4,2.0,1
3643.0,GS_cluster_10123822790_11303526453_11303526454_248766831_#2more,1,1.0,4,3.0,1
3644.0,GS_cluster_10123822790_11303526453_11303526454_248766831_#2more,1,2.0,4,4.0,1
3645.0,GS_cluster_10123822790_11303526453_11303526454_248766831_#2more,1,3.0,4,5.0,1
3646.0,GS_cluster_10123822790_11303526453_11303526454_248766831_#2more,1,4.0,4,6.0,1
3647.0,GS_cluster_10123822790_11303526453_11303526454_248766831_#2more,1,5.0,4,7.0,1
3648.0,GS_cluster_10123822790_11303526453_11303526454_248766831_#2more,1,6.0,4,8.0,1
3649.0,GS_cluster_10123822790_11303526453_11303526454_248766831_#2more,1,7.0,4,9.0,2
3650.0,GS_cluster_10123822790_11303526453_11303526454_248766831_#2more,1,8.0,4,10.0,2
3651.0,GS_cluster_10123822790_11303526453_11303526454_248766831_#2more,1,9.0,4,11.0,2
3652.0,GS_cluster_10123822790_11303526453_11303526454_248766831_#2more,1,10.0,4,12.0,2
3653.0,GS_cluster_10123822790_11303526453_11303526454_248766831_#2more,2,12.0,4,13.0,3
3654.0,GS_cluster_10123822790_11303526453_11303526454_248766831_#2more,2,14.0,4,14.0,3
3655.0,GS_cluster_10123822790_11303526453_11303526454_248766831_#2more,2,16.0,4,15.0,4
3656.0,GS_cluster_10123822790_11303526453_11303526454_248766831_#2more,2,18.0,4,16.0,4
3657.0,GS_cluster_10123822790_11303526453_11303526454_248766831_#2more,3,21.0,4,17.0,4
3658.0,GS_cluster_10123822790_11303526453_11303526454_248766831_#2more,3,24.0,5,1.0,5
3659.0,GS_cluster_10123822790_11303526453_11303526454_248766831_#2more,3,27.0,5,2.0,5
3660.0,GS_cluster_10123822790_11303526453_11303526454_248766831_#2more,4,31.0,5,3.0,5
3661.0,GS_cluster_10123822790_11303526453_11303526454_248766831_#2more,4,35.0,5,4.0,6
3662.0,GS_cluster_10123822790_11303526453_11303526454_248766831_#2more,5,40.0,5,5.0,6
3663.0,GS_cluster_10123822790_11303526453_11303526454_248766831_#2more,5,45.0,5,6.0,6
3664.0,GS_cluster_10123822790_11303526453_11303526454_248766831_#2more,4,24.0,0,1.0,4
3665.0,GS_cluster_10123822790_11303526453_11303526454_248766831_#2more,2,11.0,0,2.0,4
3666.0,GS_cluster_10123822790_11303526453_11303526454_248766831_#2more,0,0.0,0,3.0,4
3667.0,GS_cluster_10123822790_11303526453_11303526454_248766831_#2more,0,0.0,0,4.0,2
3668.0,GS_cluster_10123822790_11303526453_11303526454_248766831_#2more,0,0.0,0,5.0,2
3669.0,GS_cluster_10123822790_11303526453_11303526454_248766831_#2more,0,0.0,0,6.0,1
3670.0,GS_cluster_10123822790_11303526453_11303526454_248766831_#2more,0,0.0,0,7.0,0
3671.0,GS_cluster_10123822790_11303526453_11303526454_248766831_#2more,0,0.0,0,8.0,0
3672.0,GS_cluster_10123822790_11303526453_11303526454_248766831_#2more,0,0.0,0,9.0,0
3673.0,GS_cluster_10123822790_11303526453_11303526454_248766831_#2more,0,0.0,0,10.0,1
3674.0,GS_cluster_10123822790_11303526453_11303526454_248766831_#2more,0,0.0,0,11.0,1
3675.0,GS_cluster_10123822790_11303526453_11303526454_248766831_#2more,0,0.0,0,12.0,1
3676.0,GS_cluster_10123822790_11303526453_11303526454_248766831_#2more,0,0.0,0,13.0,0
3677.0,GS_cluster_10123822790_11303526453_11303526454_248766831_#2more,0,0.0,0,14.0,1
3678.0,GS_cluster_10123822790_11303526453_11303526454_248766831_#2more,0,0.0,0,15.0,0
3679.0,GS_cluster_10123822790_11303526453_11303526454_248766831_#2more,0,0.0,0,16.0,0
3680.0,GS_cluster_10123822790_11303526453_11303526454_248766831_#2more,0,0.0,0,17.0,0
3681.0,GS_cluster_10123822790_11303526453_11303526454_248766831_#2more,0,0.0,1,1.0,0
3682.0,GS_cluster_10123822790_11303526453_11303526454_248766831_#2more,0,0.0,1,2.0,0
3683.0,GS_cluster_10123822790_11303526453_11303526454_248766831_#2more,0,0.0,1,3.0,0
3684.0,GS_cluster_10123822790_11303526453_11303526454_248766831_#2more,0,0.0,1,4.0,0
3685.0,GS_cluster_10123822790_11303526453_11303526454_248766831_#2more,0,0.0,1,5.0,0
3686.0,GS_cluster_10123822790_11303526453_11303526454_248766831_#2more,0,0.0,1,6.0,0
3687.0,GS_cluster_10123822790_11303526453_11303526454_248766831_#2more,0,0.0,2,1.0,0
3688.0,GS_cluster_10123822790_11303526453_11303526454_248766831_#2more,0,0.0,2,2.0,0
3689.0,GS_cluster_10123822790_11303526453_11303526454_248766831_#2more,0,0.0,2,3.0,0
3690.0,GS_cluster_10123822790_11303526453_11303526454_248766831_#2more,0,0.0,2,4.0,0
3691.0,GS_cluster_10123822790_11303526453_11303526454_248766831_#2more,0,0.0,2,5.0,0
3692.0,GS_cluster_10123822790_11303526453_11303526454_248766831_#2more,0,0.0,2,6.0,0
3693.0,GS_cluster_10123822790_11303526453_11303526454_248766831_#2more,0,0.0,2,7.0,0
3694.0,GS_cluster_10123822790_11303526453_11303526454_248766831_#2more,0,0.0,2,8.0,0
3695.0,GS_cluster_10123822790_11303526453_11303526454_248766831_#2more,0,0.0,2,9.0,0
3696.0,GS_cluster_10123822790_11303526453_11303526454_248766831_#2more,0,0.0,2,10.0,0
3697.0,GS_cluster_10123822790_11303526453_11303526454_248766831_#2more,0,0.0,2,11.0,0
3698.0,GS_cluster_10123822790_11303526453_11303526454_248766831_#2more,0,0.0,2,12.0,0
3699.0,GS_cluster_10123822790_11303526453_11303526454_248766831_#2more,0,0.0,2,13.0,0
3700.0,GS_cluster_10123822790_11303526453_11303526454_248766831_#2more,0,0.0,3,1.0,0
3701.0,GS_cluster_10123822790_11303526453_11303526454_248766831_#2more,0,0.0,3,2.0,0
3702.0,GS_cluster_10123822790_11303526453_11303526454_248766831_#2more,0,0.0,3,3.0,0
3703.0,GS_cluster_10123822790_11303526453_11303526454_248766831_#2more,0,0.0,3,4.0,0
3704.0,GS_cluster_10123822790_11303526453_11303526454_248766831_#2more,0,0.0,3,5.0,0
3705.0,GS_cluster_10123822790_11303526453_11303526454_248766831_#2more,0,0.0,3,6.0,0
3706.0,GS_cluster_10123822790_11303526453_11303526454_248766831_#2more,0,0.0,4,1.0,0
3707.0,GS_cluster_10123822790_11303526453_11303526454_248766831_#2more,0,0.0,4,2.0,0
3708.0,GS_cluster_10123822790_11303526453_11303526454_248766831_#2more,0,0.0,4,3.0,0
3709.0,GS_cluster_10123822790_11303526453_11303526454_248766831_#2more,0,0.0,4,4.0,0
3710.0,GS_cluster_10123822790_11303526453_11303526454_248766831_#2more,0,0.0,4,5.0,0
3711.0,GS_cluster_10123822790_11303526453_11303526454_248766831_#2more,0,0.0,4,6.0,0
3712.0,GS_cluster_10123822790_11303526453_11303526454_248766831_#2more,0,0.0,4,7.0,0
3713.0,GS_cluster_10123822790_11303526453_11303526454_248766831_#2more,0,0.0,4,8.0,0
3714.0,GS_cluster_10123822790_11303526453_11303526454_248766831_#2more,0,0.0,4,9.0,0
3715.0,GS_cluster_10123822790_11303526453_11303526454_248766831_#2more,0,0.0,4,10.0,0
3716.0,GS_cluster_10123822790_11303526453_11303526454_248766831_#2more,0,0.0,4,11.0,0
3717.0,GS_cluster_10123822790_11303526453_11303526454_248766831_#2more,0,0.0,4,12.0,0
3718.0,GS_cluster_10123822790_11303526453_11303526454_248766831_#2more,0,0.0,4,13.0,0
3719.0,GS_cluster_10123822790_11303526453_11303526454_248766831_#2more,0,0.0,5,1.0,0
3720.0,GS_cluster_10123822790_11303526453_11303526454_248766831_#2more,0,0.0,5,2.0,0
3721.0,GS_cluster_10123822790_11303526453_11303526454_248766831_#2more,0,0.0,5,3.0,0
3722.0,GS_cluster_10123822790_11303526453_11303526454_248766831_#2more,0,0.0,5,4.0,0
3723.0,GS_cluster_10123822790_11303526453_11303526454_248766831_#2more,0,0.0,5,5.0,0
3724.0,GS_cluster_10123822790_11303526453_11303526454_248766831_#2more,0,0.0,5,6.0,0
3725.0,GS_cluster_10123822790_11303526453_11303526454_248766831_#2more,0,0.0,0,1.0,0
3726.0,GS_cluster_10123822790_11303526453_11303526454_248766831_#2more,0,0.0,0,2.0,0
3727.0,GS_cluster_10123822790_11303526453_11303526454_248766831_#2more,0,0.0,0,3.0,0
3728.0,GS_cluster_10123822790_11303526453_11303526454_248766831_#2more,0,0.0,0,4.0,0
3729.0,GS_cluster_10123822790_11303526453_11303526454_248766831_#2more,0,0.0,0,5.0,0
3730.0,GS_cluster_10123822790_11303526453_11303526454_248766831_#2more,0,0.0,0,6.0,0
3731.0,GS_cluster_10123822790_11303526453_11303526454_248766831_#2more,0,0.0,0,7.0,0
3732.0,GS_cluster_10123822790_11303526453_11303526454_248766831_#2more,0,0.0,0,8.0,0
3733.0,GS_cluster_10123822790_11303526453_11303526454_248766831_#2more,0,0.0,0,9.0,0
3734.0,GS_cluster_10123822790_11303526453_11303526454_248766831_#2more,0,0.0,0,10.0,0
3735.0,GS_cluster_10123822790_11303526453_11303526454_248766831_#2more,0,0.0,0,11.0,0
3736.0,GS_cluster_10123822790_11303526453_11303526454_248766831_#2more,0,0.0,0,12.0,0
3737.0,GS_cluster_10123822790_11303526453_11303526454_248766831_#2more,0,0.0,0,13.0,0
3738.0,GS_cluster_10123822790_11303526453_11303526454_248766831_#2more,0,0.0,1,1.0,0
3739.0,GS_cluster_10123822790_11303526453_11303526454_248766831_#2more,0,0.0,1,2.0,0
3740.0,GS_cluster_10123822790_11303526453_11303526454_248766831_#2more,0,0.0,1,3.0,0
3741.0,GS_cluster_10123822790_11303526453_11303526454_248766831_#2more,0,0.0,1,4.0,0
3742.0,GS_cluster_10123822790_11303526453_11303526454_248766831_#2more,0,0.0,1,5.0,0
3743.0,GS_cluster_10123822790_11303526453_11303526454_248766831_#2more,0,0.0,1,6.0,0
3744.0,GS_cluster_10123822790_11303526453_11303526454_248766831_#2more,0,0.0,2,1.0,0
3745.0,GS_cluster_10123822790_11303526453_11303526454_248766831_#2more,0,0.0,2,2.0,0
3746.0,GS_cluster_10123822790_11303526453_11303526454_248766831_#2more,0,0.0,2,3.0,0
3747.0,GS_cluster_10123822790_11303526453_11303526454_248766831_#2more,0,0.0,2,4.0,0
3748.0,GS_cluster_10123822790_11303526453_11303526454_248766831_#2more,0,0.0,2,5.0,0
3749.0,GS_cluster_10123822790_11303526453_11303526454_248766831_#2more,0,0.0,2,6.0,0
3750.0,GS_cluster_10123822790_11303526453_11303526454_248766831_#2more,0,0.0,2,7.0,0
3751.0,GS_cluster_10123822790_11303526453_11303526454_248766831_#2more,0,0.0,2,8.0,0
3752.0,GS_cluster_10123822790_11303526453_11303526454_248766831_#2more,0,0.0,2,9.0,0
3753.0,GS_cluster_10123822790_11303526453_11303526454_248766831_#2more,0,0.0,2,10.0,0
3754.0,GS_cluster_10123822790_11303526453_11303526454_248766831_#2more,0,0.0,2,11.0,0
3755.0,GS_cluster_10123822790_11303526453_11303526454_248766831_#2more,0,0.0,2,12.0,0
3756.0,GS_cluster_10123822790_11303526453_11303526454_248766831_#2more,0,0.0,2,13.0,0
3757.0,GS_cluster_10123822790_11303526453_11303526454_248766831_#2more,0,0.0,3,1.0,0
3758.0,GS_cluster_10123822790_11303526453_11303526454_248766831_#2more,0,0.0,3,2.0,0
3759.0,GS_cluster_10123822790_11303526453_11303526454_248766831_#2more,0,0.0,3,3.0,0
3760.0,GS_cluster_10123822790_11303526453_11303526454_248766831_#2more,0,0.0,3,4.0,0
3761.0,GS_cluster_10123822790_11303526453_11303526454_248766831_#2more,0,0.0,3,5.0,0
3762.0,GS_cluster_10123822790_11303526453_11303526454_248766831_#2more,0,0.0,3,6.0,0
3763.0,GS_cluster_10123822790_11303526453_11303526454_248766831_#2more,0,0.0,4,1.0,0
3764.0,GS_cluster_10123822790_11303526453_11303526454_248766831_#2more,0,0.0,4,2.0,0
3765.0,GS_cluster_10123822790_11303526453_11303526454_248766831_#2more,0,0.0,4,3.0,0
3766.0,GS_cluster_10123822790_11303526453_11303526454_248766831_#2more,0,0.0,4,4.0,0
3767.0,GS_cluster_10123822790_11303526453_11303526454_248766831_#2more,0,0.0,4,5.0,0
3768.0,GS_cluster_10123822790_11303526453_11303526454_248766831_#2more,0,0.0,4,6.0,0
3769.0,GS_cluster_10123822790_11303526453_11303526454_248766831_#2more,0,0.0,4,7.0,0
3770.0,GS_cluster_10123822790_11303526453_11303526454_248766831_#2more,0,0.0,4,8.0,0
3771.0,GS_cluster_10123822790_11303526453_11303526454_248766831_#2more,0,0.0,4,9.0,0
3772.0,GS_cluster_10123822790_11303526453_11303526454_248766831_#2more,0,0.0,4,10.0,0
3773.0,GS_cluster_10123822790_11303526453_11303526454_248766831_#2more,0,0.0,4,11.0,0
3774.0,GS_cluster_10123822790_11303526453_11303526454_248766831_#2more,0,0.0,4,12.0,0
3775.0,GS_cluster_10123822790_11303526453_11303526454_248766831_#2more,0,0.0,4,13.0,0
3776.0,GS_cluster_10123822790_11303526453_11303526454_248766831_#2more,0,0.0,5,1.0,0
3777.0,GS_cluster_10123822790_11303526453_11303526454_248766831_#2more,0,0.0,5,2.0,0
3778.0,GS_cluster_10123822790_11303526453_11303526454_248766831_#2more,0,0.0,5,3.0,0
3779.0,GS_cluster_10123822790_11303526453_11303526454_248766831_#2more,0,0.0,5,4.0,0
3780.0,GS_cluster_10123822790_11303526453_11303526454_248766831_#2more,0,0.0,5,5.0,0
3781.0,GS_cluster_10123822790_11303526453_11303526454_248766831_#2more,0,0.0,5,6.0,0
3782.0,GS_cluster_10123822790_11303526453_11303526454_248766831_#2more,0,0.0,0,1.0,0
3783.0,GS_cluster_10123822790_11303526453_11303526454_248766831_#2more,0,0.0,0,2.0,0
3784.0,GS_cluster_10123822790_11303526453_11303526454_248766831_#2more,0,0.0,0,3.0,0
3785.0,GS_cluster_10123822790_11303526453_11303526454_248766831_#2more,0,0.0,0,4.0,0
3786.0,GS_cluster_10123822790_11303526453_11303526454_248766831_#2more,0,0.0,0,5.0,0
3787.0,GS_cluster_10123822790_11303526453_11303526454_248766831_#2more,0,0.0,0,6.0,0
3788.0,GS_cluster_10123822790_11303526453_11303526454_248766831_#2more,0,0.0,0,7.0,0
3789.0,GS_cluster_10123822790_11303526453_11303526454_248766831_#2more,0,0.0,0,8.0,0
3790.0,GS_cluster_10123822790_11303526453_11303526454_248766831_#2more,0,0.0,0,9.0,0
3791.0,GS_cluster_10123822790_11303526453_11303526454_248766831_#2more,0,0.0,0,10.0,0
3792.0,GS_cluster_10123822790_11303526453_11303526454_248766831_#2more,0,0.0,0,11.0,0
3793.0,GS_cluster_10123822790_11303526453_11303526454_248766831_#2more,0,0.0,0,12.0,0
3794.0,GS_cluster_10123822790_11303526453_11303526454_248766831_#2more,0,0.0,0,13.0,0
